OBJECTID,Cn_Name,GlobalID,ADM3_EN,ADM3_PCODE,ADM2_EN,ADM2_PCODE,ADM1_EN,ADM1_PCODE,x,y
1639,Ye Enguela Ye Ato Tadese G/meskel,{A3AFDA47-1F1C-4974-A117-07EC74B3DBED},Asgede,ET010105,North Western,ET0101,Tigray,ET01,38.138427,14.110940
1640,Ye Enguela Ye Ato Brhane Atalay,{B34A0950-703F-461D-9306-BF931887B6F3},Asgede,ET010105,North Western,ET0101,Tigray,ET01,38.139480,14.109723
1641,Ye Enguela Ye Halka Tesgay Meles,{ED4EF077-DC24-41D0-A949-4FF74C5EE647},Asgede,ET010105,North Western,ET0101,Tigray,ET01,38.142112,14.108878
1642,Ye Enguela Ye Ato Guesh W/chal,{D4007F46-EB75-41FA-A59A-7F08DB99B02A},Asgede,ET010105,North Western,ET0101,Tigray,ET01,38.141133,14.108332
1643,TESFAHUNEY KNFE ARAYA,{104C0E5F-03FE-4462-AEA5-A562C184CCD4},Asgede,ET010105,North Western,ET0101,Tigray,ET01,37.955683,14.025538
1644,FISSHA GEBRIHET,{8FD9F64C-644D-48CA-ADDA-9E26CCFDBE63},Asgede,ET010105,North Western,ET0101,Tigray,ET01,37.955978,14.024800
1645,TESFAY G|MEDHN,{41191367-CBE7-4260-8A61-3B3DDAC02AD1},Asgede,ET010105,North Western,ET0101,Tigray,ET01,37.948758,14.015715
1646,WELEABEZGI DEBEB,{AB781F0C-2723-4C00-89D6-0ABFAD39C324},Asgede,ET010105,North Western,ET0101,Tigray,ET01,37.947730,14.015445
1647,M|teuo Wendyeferaw Gebera,{CE0F881A-7DD6-4BE4-94CA-7D29FF883A05},Asgede,ET010105,North Western,ET0101,Tigray,ET01,38.048320,13.997563
1648,Yato Terkegn,{7D2B73A2-7E6C-4B4C-BBEB-428331E8507F},Asgede,ET010105,North Western,ET0101,Tigray,ET01,37.985000,13.957023
1649,Yato Baheray,{6DFECDD2-2260-4F20-B291-684EFE53CE69},Asgede,ET010105,North Western,ET0101,Tigray,ET01,37.982700,13.956417
1650,Kes Eumu M|teuo,{884A4B6C-6733-48A1-A271-A078F31DD077},Asgede,ET010105,North Western,ET0101,Tigray,ET01,38.042338,13.984339
1651,Yato W/geberal,{7E5B27F4-2DC7-4BD9-9013-3F95509E62B9},Asgede,ET010105,North Western,ET0101,Tigray,ET01,37.982504,13.956024
1652,Yato Yamene IND|selase,{8022B9C0-EE6A-4256-B644-75DF592E617A},Asgede,ET010105,North Western,ET0101,Tigray,ET01,37.995374,14.078039
1653,Yato Seleman Eseman,{99D777D7-D400-47E5-A9F6-079F6F7EF65F},Asgede,ET010105,North Western,ET0101,Tigray,ET01,37.981733,13.959713
1654,Ato Yanshat Beserat IND|A|Argawe,{DD6DF2FA-7946-44AA-9A45-512B4DC2AFE7},Asgede,ET010105,North Western,ET0101,Tigray,ET01,37.955774,13.965538
1655,Yato G/medhen,{2FF6D378-DEDB-436B-99E4-648BEAD588B7},Asgede,ET010105,North Western,ET0101,Tigray,ET01,37.981828,13.958020
1656,Kebele Lemate,{BA1DB11F-AE01-4415-A7D3-F58C845A29E2},Asgede,ET010105,North Western,ET0101,Tigray,ET01,37.982569,13.957756
1657,Yato G/hewat G/hed M|teuo,{8EBBE63E-EC6A-4304-8AAF-CDBD42FD4728},Asgede,ET010105,North Western,ET0101,Tigray,ET01,38.037833,13.997685
1658,htsats police  post,{91AA2833-8E80-4720-B702-3B4507FA9D7E},Asgede,ET010105,North Western,ET0101,Tigray,ET01,37.961893,14.094142
1659,shambel gereziher  wefcho,{087A9BCA-B0C0-4BCD-A8D0-D4A697797109},Asgede,ET010105,North Western,ET0101,Tigray,ET01,37.961690,14.095073
1660,tsegay ftwi Wefcho,{7A740426-702E-4CB0-9A70-30D29637BEE4},Asgede,ET010105,North Western,ET0101,Tigray,ET01,38.097858,13.998528
1661,mekonen g/mariam,{03A08314-A214-4AFC-944E-1380292AE366},Asgede,ET010105,North Western,ET0101,Tigray,ET01,37.962082,14.094463
1662,Mebrahtom,{F239DA97-9A08-4257-8563-0AE784C57708},Asgede,ET010105,North Western,ET0101,Tigray,ET01,38.130652,13.981283
1663,G/amlak abrha  Wefcho,{D721339D-D6A1-443B-8572-9A96F676A933},Asgede,ET010105,North Western,ET0101,Tigray,ET01,37.942772,14.061315
1664,mayshak  police  post,{6622433F-4BB9-42A3-9A03-5DBA810363AB},Asgede,ET010105,North Western,ET0101,Tigray,ET01,38.114567,14.019307
1665,negasi atalay,{868773A6-4F27-4564-B835-05380BAAF9B9},Asgede,ET010105,North Western,ET0101,Tigray,ET01,38.116207,14.024458
1666,Haleka G/zgiher Kidane,{D3FBB804-912A-412B-B7A2-C4839A516F71},Asgede,ET010105,North Western,ET0101,Tigray,ET01,37.960973,14.097553
1667,YeG/hirAberha,{E48B3201-BF9F-4820-8351-EE646C798D38},Asgede,ET010105,North Western,ET0101,Tigray,ET01,37.956227,14.096603
1668,Hetsate,{AA4CEEAD-F2C6-4558-B3EE-8A988BFF61A7},Asgede,ET010105,North Western,ET0101,Tigray,ET01,37.959530,14.098318
1669,Ye W ro Gergesa G/lase,{EE5F1C66-6924-4504-9DEC-059F9557F1C4},Asgede,ET010105,North Western,ET0101,Tigray,ET01,37.960435,14.100055
1670,Ye Ato Guesh Welay,{58FAC6AF-E153-4212-8AAD-02F9BB3D830F},Asgede,ET010105,North Western,ET0101,Tigray,ET01,37.956933,14.098145
1671,Ye KisH/abe G/maryam Hetsate,{D13D800C-A879-414C-8780-8115E18CE3A6},Asgede,ET010105,North Western,ET0101,Tigray,ET01,37.958243,14.095457
1672,Ye AtoT/berhen G/hier,{F1D09408-4271-4A5D-BB36-CE7A1CC39E44},Asgede,ET010105,North Western,ET0101,Tigray,ET01,37.957837,14.099702
1673,berihu gebrihiwet haylu May Kolonkal,{F8B65380-1665-49DA-81A1-1956DA26FC48},Asgede,ET010105,North Western,ET0101,Tigray,ET01,38.097282,14.033505
1674,Kis Awethey G/mikal,{0C8D9965-F7FA-4A62-B174-A58FF236244F},Asgede,ET010105,North Western,ET0101,Tigray,ET01,37.962670,14.093308
1675,Ye G/tsadiek Sebhat Sebhatleab May Kolonkal,{3AD92F5B-F2FF-41B3-AE1B-414B64DA4FD6},Asgede,ET010105,North Western,ET0101,Tigray,ET01,38.114222,14.020878
1676,Hetsate,{A67FD0DE-70D0-4F29-978D-193D97559522},Asgede,ET010105,North Western,ET0101,Tigray,ET01,37.960523,14.094773
1677,Humerit yeG/amlak  Aberha,{B8414722-4166-48B5-ADB3-9D763259E96E},Asgede,ET010105,North Western,ET0101,Tigray,ET01,37.943879,14.062529
1678,Ye  Berihu Welu G/yesus May Kolonkal,{3FCA2639-C605-4511-B3A0-512C3F053D1E},Asgede,ET010105,North Western,ET0101,Tigray,ET01,38.114978,14.022542
1679,May Sake,{7E9D98AE-0B12-4202-99AB-18DB6AD7D1BC},Asgede,ET010105,North Western,ET0101,Tigray,ET01,38.114582,14.019428
1680,Yato Hagos G/tsedeke,{1C7CDC84-9ABA-4DAA-84DB-B0E070D79AF0},Asgede,ET010105,North Western,ET0101,Tigray,ET01,38.042400,14.088136
1681,Kebele May Berbera,{A3F457C1-B746-459B-AE99-0512D3ED8703},Asgede,ET010105,North Western,ET0101,Tigray,ET01,38.040738,14.088042
1682,Yato Tsegab Hayla A|G|maryam,{C8691AD4-59BA-4689-BCE2-B47C57323716},Asgede,ET010105,North Western,ET0101,Tigray,ET01,38.033823,14.103078
1683,Nguse Kahsay,{1EE7C7EA-AC6C-4F8D-941A-49D814DA86FD},Asgede,ET010105,North Western,ET0101,Tigray,ET01,38.033873,14.050132
1684,Gdey Gerlase,{1F329C04-374E-4AA2-B8F4-7C3A94F3EFFD},Asgede,ET010105,North Western,ET0101,Tigray,ET01,38.034418,14.047577
1685,hbret,{19E78FAF-4942-48FE-8999-2A29430B1252},Asgede,ET010105,North Western,ET0101,Tigray,ET01,38.032322,14.048658
1686,BERHE FETE,{58469E17-6F17-415D-A03E-2C5821A47835},Asgede,ET010105,North Western,ET0101,Tigray,ET01,38.032277,14.046020
1687,Awo Ye T/brhan Amare,{D6975849-94E6-4DB1-9D96-160E359F93B7},Asgede,ET010105,North Western,ET0101,Tigray,ET01,37.993548,14.117043
1688,Ye AtoZeray Negash,{4449408E-96F0-4DD5-A1D7-9CB4E219248D},Asgede,ET010105,North Western,ET0101,Tigray,ET01,37.989255,14.115310
1689,Kushaba Ye Kis Kiros Hagos  Berhe,{2C85014C-D232-4EC9-8D1A-D85CB400F176},Asgede,ET010105,North Western,ET0101,Tigray,ET01,37.993165,14.112692
1690,Ye   LegesaW/hareyat May Tsetser,{F257FEF2-8325-49F7-BA6F-5747B4C6DDA0},Asgede,ET010105,North Western,ET0101,Tigray,ET01,37.951223,14.082662
1691,Awo YeAto Gidey Mekonen,{BF071E93-C27D-4359-84CF-51AA4F9C4A41},Asgede,ET010105,North Western,ET0101,Tigray,ET01,37.988435,14.115632
1692,Awo Ye Ato Hadego G yesuse G chal,{966ABB81-20AA-4019-9DE3-5D5C2DE27F02},Asgede,ET010105,North Western,ET0101,Tigray,ET01,37.987135,14.114788
1693,Ye May Tsetser,{3E4D34B5-FD2D-4E23-BF89-A8C662559C2B},Asgede,ET010105,North Western,ET0101,Tigray,ET01,37.913762,14.064812
1694,shewit  desaley wefchobet,{41D9DEBD-65CC-489A-84BD-F53709E6C371},Asgede,ET010105,North Western,ET0101,Tigray,ET01,37.927567,14.085617
1695,Guash  Kidane,{8020C482-85B3-4333-90D2-768F881DC759},Asgede,ET010105,North Western,ET0101,Tigray,ET01,37.965512,14.071415
1696,berhe arafayne,{D9F679B8-51C2-44D6-8534-90D46F676E3A},Asgede,ET010105,North Western,ET0101,Tigray,ET01,37.763995,14.070470
1697,dejen kebede wefcho bet,{EDD59577-95D3-4009-88A1-537DB8ACD465},Asgede,ET010105,North Western,ET0101,Tigray,ET01,37.763987,14.070187
1698,Dedebet,{DBA60E78-5D3D-4CCE-91EE-D92EB16344C9},Asgede,ET010105,North Western,ET0101,Tigray,ET01,37.760897,14.071565
1699,Ato Resom Beyene,{5EC9E7DB-43F7-41B0-B843-C74532D09183},Asgede,ET010105,North Western,ET0101,Tigray,ET01,37.762445,14.074112
1700,Ato Aberhley W/geberal Wefch bate,{8512F181-C6F6-4D84-8E10-5C330F8F3D12},Asgede,ET010105,North Western,ET0101,Tigray,ET01,37.762299,14.069754
1701,Ato Mengesh,{D43B8F21-568A-49B1-B623-DEBEC4495564},Asgede,ET010105,North Western,ET0101,Tigray,ET01,37.763031,14.073062
1702,Dedebet,{7B0C3106-A247-431A-B606-58C2D463BF9E},Asgede,ET010105,North Western,ET0101,Tigray,ET01,37.762289,14.070044
1703,Negasi abay,{E6E7F6FC-B540-4403-BFDB-73976393C6A0},Asgede,ET010105,North Western,ET0101,Tigray,ET01,37.769066,13.980387
1704,AdimehemediYeAto Tekele Tadele G/maryam,{69F537C7-C4D9-42C2-A1D7-923BFBDF3DBB},Asgede,ET010105,North Western,ET0101,Tigray,ET01,37.824220,13.995947
1705,BERHE KAHSAY HAGOS,{C9E545DF-1EB2-4630-804A-A532FDD44F02},Asgede,ET010105,North Western,ET0101,Tigray,ET01,37.841638,14.038293
1706,G|MEDHN BELAY,{0FE794FC-CE41-4F11-BAE5-B6D9AB5597CF},Asgede,ET010105,North Western,ET0101,Tigray,ET01,37.829640,14.041088
1707,tsegay asgedom,{D7088A59-72DB-400E-9C66-E641E964C22D},Asgede,ET010105,North Western,ET0101,Tigray,ET01,37.750620,14.029558
1708,Adimehemedi  Ye W ro Zemam G/libanues,{E6900E19-562D-45C5-B5AB-1622AD40A208},Asgede,ET010105,North Western,ET0101,Tigray,ET01,37.824988,13.996403
1709,Adimehemedi Ye Ato G/nseaW/maryam,{7B36FBAA-6F5D-4BB9-B0F0-4478A11CACCE},Asgede,ET010105,North Western,ET0101,Tigray,ET01,37.823938,13.998505
1710,Yeato G/hier Berhe,{FEE3C969-150E-44B8-803D-68594D103926},Asgede,ET010105,North Western,ET0101,Tigray,ET01,37.825477,13.995253
1711,Adimehemedi Ye AtoGuesh Sebhat,{692ED946-724A-4F98-9516-4170C03FB1F5},Asgede,ET010105,North Western,ET0101,Tigray,ET01,37.824262,13.996113
1712,teklu g/giorgis,{86723347-8B3D-49C8-AEA4-2D69629EE84D},Asgede,ET010105,North Western,ET0101,Tigray,ET01,37.717431,14.008794
1713,Yato Aberha Melese,{F967AC7F-21FF-42BA-A383-6261EED3599C},Asgede,ET010105,North Western,ET0101,Tigray,ET01,37.716955,14.011242
1714,Ykes G/tensay G/ezege,{2030313B-17E1-4669-911D-8BC01C0B6C1C},Asgede,ET010105,North Western,ET0101,Tigray,ET01,37.714743,14.009275
1715,TSELIMO,{BC9EB7DA-C896-4338-9965-F0ADD5403B54},Asgede,ET010105,North Western,ET0101,Tigray,ET01,37.706422,14.011052
1716,Maylam,{C89F6B3A-DB94-4400-B720-E3F0933EEDC1},Asgede,ET010105,North Western,ET0101,Tigray,ET01,37.895120,14.136085
1717,hafte g/medhin,{CEDC9910-1FDC-4175-812E-1AFFBEA705FF},Asgede,ET010105,North Western,ET0101,Tigray,ET01,37.950945,14.122617
1718,w/aregay hayle,{D3DF7B87-A2B8-4F2F-9E1A-705DCCA6140C},Asgede,ET010105,North Western,ET0101,Tigray,ET01,37.950048,14.124432
1719,Ato Geday G/medhen,{D241BE54-83ED-4975-8085-BBF9397C5825},Asgede,ET010105,North Western,ET0101,Tigray,ET01,38.012447,14.146147
1720,Yato Geytom Mersa Semrt,{82C4C184-70F7-4E34-BC64-7C52BE756C36},Asgede,ET010105,North Western,ET0101,Tigray,ET01,37.989530,14.135905
1721,Yato G/medhen Tadese,{4D7F5B3D-36EF-405D-98B3-C69032F5FA52},Asgede,ET010105,North Western,ET0101,Tigray,ET01,38.016052,14.146381
1722,Haleka Tekeseta Semrt,{1C35C923-AA46-4259-8475-0ECE206CA759},Asgede,ET010105,North Western,ET0101,Tigray,ET01,37.985105,14.134918
1723,SEMRT,{83194A37-9AA3-478D-A7B9-CBC222ED85B8},Asgede,ET010105,North Western,ET0101,Tigray,ET01,37.985137,14.135848
1724,Yato Mulule Abera,{418B5972-0F15-4FA1-8479-786EF9EA17E4},Asgede,ET010105,North Western,ET0101,Tigray,ET01,37.985967,14.136650
1725,Yato Haleka G/medhen,{9DC8E0DF-60BD-473D-96A3-8A9B299973F4},Asgede,ET010105,North Western,ET0101,Tigray,ET01,37.986612,14.137008
1726,Gdey  rlase Wefcho,{DC1EC108-BBDE-4883-A307-0C37A9A52D67},Asgede,ET010105,North Western,ET0101,Tigray,ET01,37.873310,13.988687
1727,Tsegay Teklay,{C96121DD-C713-4090-9EE3-4C45396AB0FF},Asgede,ET010105,North Western,ET0101,Tigray,ET01,37.871980,13.988845
1728,Haleka  Tekliyergis,{7E308794-E2DA-4ED6-B23C-FD13C4271133},Asgede,ET010105,North Western,ET0101,Tigray,ET01,37.796475,13.957825
1729,Teklu  Muruts  wefcho,{3B8528C2-D279-415A-B617-F9270126050A},Asgede,ET010105,North Western,ET0101,Tigray,ET01,37.798225,13.959343
1730,Beyene  gebre wefcho,{7F560758-7688-4D48-936C-4CE908F31F99},Asgede,ET010105,North Western,ET0101,Tigray,ET01,37.805202,13.956718
1731,adimehameday,{66793B7E-93A3-4245-8D13-55E2A778564C},Asgede,ET010105,North Western,ET0101,Tigray,ET01,37.827767,13.994785
1732,Hagos  Mekonen Wefcho,{06BAA551-5C18-4D91-A6E5-82A4C67A6881},Asgede,ET010105,North Western,ET0101,Tigray,ET01,37.869170,13.992423
1733,dagnew  ngusE,{501B7A67-DA42-4401-BBE0-63BA944B41DE},Asgede,ET010105,North Western,ET0101,Tigray,ET01,37.882123,13.963302
1734,Negasi  tsehaye wefcho,{0611642F-C587-470A-8DA8-8AFC0D27E039},Asgede,ET010105,North Western,ET0101,Tigray,ET01,37.827477,13.994528
1735,Adimehemedi,{A2C361E6-1EB2-494E-B1D9-899E44548608},Asgede,ET010105,North Western,ET0101,Tigray,ET01,37.828155,13.996125
1736,Sifera Maryam Ye Teshager Atakelti,{3CD23B76-8DD3-4ABA-B4AD-4EE6878EDFE9},Asgede,ET010105,North Western,ET0101,Tigray,ET01,37.846403,13.941868
1737,Sifera Maryam Ye Germay Kidane,{17AD68D6-DA65-40C7-9F02-9C3154922478},Asgede,ET010105,North Western,ET0101,Tigray,ET01,37.850975,13.982447
1738,May SagelaG/tensay G/mesekel Wofchubiet,{C7AF4027-415F-4B9C-AEBA-99E94E4F2C45},Asgede,ET010105,North Western,ET0101,Tigray,ET01,37.847040,13.952745
1739,Adimehemedi Ye Yenta Zeradawit,{E37D4633-CBD1-494F-95D8-44415EFBEDB8},Asgede,ET010105,North Western,ET0101,Tigray,ET01,37.828262,13.999593
1740,Adimehemedi Ye Halka Hadush G/hier,{B7B2602C-BE69-4E13-8AB5-B7BC5303843D},Asgede,ET010105,North Western,ET0101,Tigray,ET01,37.827795,13.995590
1741,Sifra maryam Germay W/geberyal,{6FCCD9BC-C0DD-44C9-A481-EFFECA3CA7B9},Asgede,ET010105,North Western,ET0101,Tigray,ET01,37.846528,13.951685
1742,Adihelena Ye ato Atakelti Fesha,{A59C8D10-3B9E-40DA-A490-3DAFD1AFC3E6},Asgede,ET010105,North Western,ET0101,Tigray,ET01,37.779818,13.906153
1743,Adimehemedi,{E673AD39-6AC4-4620-835D-BBF65754DEE7},Asgede,ET010105,North Western,ET0101,Tigray,ET01,37.836488,13.987743
4417,May Ayni,{D5BD066F-8A93-4171-83BE-A92583C3B920},Tselemti,ET010106,North Western,ET0101,Tigray,ET01,38.174740,13.692748
4309,ABAKO MARKET,{70495C48-6DBC-4F2F-8B53-D05A586A7B21},Dima (TG),ET010115,North Western,ET0101,Tigray,ET01,38.426032,13.606617
4379,sekota maryam,{70101FF1-4101-4834-847C-88449D8CB124},Dima (TG),ET010115,North Western,ET0101,Tigray,ET01,38.280363,13.566985
3836,KEBELE ADIHUTSEA,{0EC256E6-DB21-42A6-9D17-2BFE6F3130A4},Adet,ET010207,Central,ET0102,Tigray,ET01,38.649904,13.975239
4743,EDAGA HAMUS,{02B1239F-0914-4A19-8975-ED21C4C4F88F},Endafelasi,ET010218,Central,ET0102,Tigray,ET01,38.948573,14.015798
4686,EDAGA HAMUS,{EACACB79-2979-40A8-B3B1-C7CA6E4DC6B7},Emba Sieneti,ET010219,Central,ET0102,Tigray,ET01,39.186423,14.050735
3524,sewine,{819EACD4-7ECE-44D1-A190-8D0172A62E7E},Saesie,ET010303,Eastern,ET0103,Tigray,ET01,39.719200,14.289901
3208,Sebihi Endedo,{0DC67163-F0D7-4DBD-AEA9-EE9E69082421},Ofla,ET010408,Southern,ET0104,Tigray,ET01,39.532730,12.636400
3244,Fala Yebera Gebeya,{9178BB66-2756-4287-8AB3-13772ED7B21A},Ofla,ET010408,Southern,ET0104,Tigray,ET01,39.401728,12.501762
3271,Lat,{24F6BD31-3C2C-4A56-B567-09470B48E062},Ofla,ET010408,Southern,ET0104,Tigray,ET01,39.414493,12.443795
3390,Adi Meteri,{176469A2-B197-4E18-BBDD-B9443AF11306},Ofla,ET010408,Southern,ET0104,Tigray,ET01,39.358420,12.657480
3434,hadaeliga,{4719895B-9073-4971-A484-2F49F1B4F947},Chercher,ET010414,Southern,ET0104,Tigray,ET01,39.768912,12.628439
2454,SHIGLIL,{40F2B327-B64E-4E2A-9876-9909BCB177F0},Kafta Humera,ET010501,Western,ET0105,Tigray,ET01,36.800362,13.762930
2481,MHERT GEBEYA,{D45E1F52-6CB4-4841-B37D-4AA2181496AA},Kafta Humera,ET010501,Western,ET0105,Tigray,ET01,37.213409,14.084609
2488,SUR MERT GEBEYA SELIT,{E79B861D-46ED-4B62-8556-59A794BB5250},Kafta Humera,ET010501,Western,ET0105,Tigray,ET01,36.951482,14.114717
2499,WHDET,{379FCE27-5A1C-46F4-ADFC-FFF9DFE98287},Kafta Humera,ET010501,Western,ET0105,Tigray,ET01,37.122527,14.046605
2511,ADI HIRDI,{B3740762-0990-4D50-BFC1-009687B04E6F},Kafta Humera,ET010501,Western,ET0105,Tigray,ET01,37.134094,13.907294
2561,KETENA-2,{6D865998-52BF-4703-BB2F-BCE5B253677A},Kafta Humera,ET010501,Western,ET0105,Tigray,ET01,36.886756,13.867719
2565,SELIT GEBEY,{E621E62B-FF04-4A7B-968E-48038CDAA928},Kafta Humera,ET010501,Western,ET0105,Tigray,ET01,36.930135,13.784347
2610,Mesret,{A4A23849-CB79-4BF9-A920-1BA8266A1A96},Kafta Humera,ET010501,Western,ET0105,Tigray,ET01,37.312007,14.163740
4474,Adijamos,{BA7988ED-6096-4656-8CC3-6B98519A990A},Welkait,ET010502,Western,ET0105,Tigray,ET01,37.448088,13.820710
4566,Dejena,{85D73CB9-B5B8-405C-9127-96FB266657AD},Welkait,ET010502,Western,ET0105,Tigray,ET01,37.357424,13.682811
4125,EDAGA SENUY,{0C7DD5BD-985A-41BC-A02F-DD295105CD30},Tsegede (TG),ET010503,Western,ET0105,Tigray,ET01,37.374444,13.436510
4132,HILAB YEGEBEYA MAEKEL,{E8618F37-EC00-4835-8F15-3AA99D1258EE},Tsegede (TG),ET010503,Western,ET0105,Tigray,ET01,37.131136,13.529376
4195,MRT GEBEYA MAY ARKAY,{B999A0D8-8A61-4B2B-AE25-CF97EBF8D059},Tsegede (TG),ET010503,Western,ET0105,Tigray,ET01,37.675580,13.604718
4533,Awra,{1457081A-87A1-47CC-8754-5E3F934C5CA9},Awra (TG),ET010507,Western,ET0105,Tigray,ET01,37.272208,13.624238
4462,KORARITE YEGBYA MAEKEL(KUDAR),{959D8D90-11E6-4103-92CE-40FB6834A440},Korarit,ET010508,Western,ET0105,Tigray,ET01,37.514575,13.845788
3584,Wemberet Adikeala,{50103193-8E4C-4712-A5C9-FC0BF56FF74F},Saharti,ET010601,South Eastern,ET0106,Tigray,ET01,39.280801,13.328246
3585,Wemberet Adikeala Yebera Gebeya,{AC144FD8-12A5-48C0-8F40-96A6EAAF293E},Saharti,ET010601,South Eastern,ET0106,Tigray,ET01,39.282217,13.329923
3618,Tesh,{A61E8CB1-183A-4E75-A721-C44D972CEB5E},Saharti,ET010601,South Eastern,ET0106,Tigray,ET01,39.179710,13.357433
3662,Daero Feras,{005EA5A1-A31D-470B-A560-39B785B26552},Saharti,ET010601,South Eastern,ET0106,Tigray,ET01,39.176297,13.409195
2302,AKEBTELI GEBEYA MEHAL,{B6B9838F-AA27-4D75-B01F-7C0D73566F68},Enderta,ET010602,South Eastern,ET0106,Tigray,ET01,39.344336,13.385674
2297,edaga seni,{8970D9AB-564B-4348-A4C4-EA5FBC95681F},Hintalo,ET010603,South Eastern,ET0106,Tigray,ET01,39.403707,13.254508
2386,MAY NEBRI MEHAL GEBEYA,{428471C5-C220-4753-96E8-F8B4CB3B2F65},Hintalo,ET010603,South Eastern,ET0106,Tigray,ET01,39.496833,13.138368
3576,Finaruba,{6A0BF756-AE4E-4C6F-8395-C7C73417E231},Samre,ET010606,South Eastern,ET0106,Tigray,ET01,39.024666,13.102322
3607,Atsgebta[edaga soni],{F7830070-D48B-4BCA-9A8A-027C3C5B8554},Samre,ET010606,South Eastern,ET0106,Tigray,ET01,39.259971,13.296638
4777,FRTATKU,{51A13766-1880-449B-92A6-92B9092F9BDD},Samre,ET010606,South Eastern,ET0106,Tigray,ET01,39.177276,12.947778
4780,ye frtatku kebele  gebeya,{71F59219-98B4-4F86-8197-BC9AC5F8C964},Samre,ET010606,South Eastern,ET0106,Tigray,ET01,39.176562,12.947923
33755,FRTATKU,{FDAF5AB8-1C5B-46E9-AD0B-014AF2522E59},Samre,ET010606,South Eastern,ET0106,Tigray,ET01,39.177276,12.947778
33758,ye frtatku kebele  gebeya,{E1AC8655-030A-48C3-8EC1-63B1D089DC9A},Samre,ET010606,South Eastern,ET0106,Tigray,ET01,39.176562,12.947923
2425,Maymekden,{A700926F-5854-4752-B34C-42F1B20271A3},Mekelle,ET010701,Mekelle,ET0107,Tigray,ET01,39.570673,13.579148
720,UNDA GARA YENSESAT MESHCA,{5912CE05-02F9-4DC2-A521-FAD227F7B7F0},Chifra,ET020106,Awsi /Zone 1,ET0201,Afar,ET02,40.024336,11.666360
865,Ala Kebele Ye Ensisat gebaya bota,{D19893FB-668B-4715-A682-D78ECB6F97EF},Berahile,ET020205,Kilbati /Zone2,ET0202,Afar,ET02,39.892164,13.690089
919,YETOYB MEHAMED SUK,{7C7CD929-B99D-4AFD-88C9-1DC63E555AF4},Arguba,ET020306,Gabi /Zone 3,ET0203,Afar,ET02,39.889507,9.719697
36655,ye meney wonbergie gebiya makel,{C79AB2B4-5851-4C0C-9485-BAD6DE9D197C},Addi Arekay,ET030101,North Gondar,ET0301,Amhara,ET03,38.189086,13.416702
37046,tirahina kidamie gebeya,{DF213252-B289-4FCB-90BF-726003920F2E},Debark,ET030104,North Gondar,ET0301,Amhara,ET03,37.750666,13.249755
36870,Ajre Gebiya,{5C693E82-E205-4D0B-96A3-E444497FD60B},Dabat,ET030105,North Gondar,ET0301,Amhara,ET03,37.613470,13.153253
36896,Fenedeka,{997BD4C0-F61A-4335-AB7A-5EAEE9CDE123},Dabat,ET030105,North Gondar,ET0301,Amhara,ET03,37.606392,13.016455
29120,kedamie Gebiya,{54EE16FF-2FAF-4868-95B3-10CB5049DB90},Libokemekem,ET030202,South Gondar,ET0302,Amhara,ET03,37.737318,12.280887
28741,kedame gebeya,{3C515723-C894-401B-B622-89B40918A815},Tach Gayint,ET030206,South Gondar,ET0302,Amhara,ET03,38.642211,11.462398
30075,GENTA GEBEYA,{51CBFE71-D36D-475C-B352-195FD9020F96},Andabet/ West Esite,ET030211,South Gondar,ET0302,Amhara,ET03,37.850787,11.356102
33170,ABORA,{6AD96702-B559-4387-80DA-CD41C395652D},Raya Kobo,ET030302,North Wello,ET0303,Amhara,ET03,39.672830,12.079043
33183,KIDAMA GEBAYE,{67BA5F01-FCB9-48D7-8216-82982145D2D1},Raya Kobo,ET030302,North Wello,ET0303,Amhara,ET03,39.621217,12.077778
33208,ZOBEL,{1AC8BC40-A1F0-492D-AA90-F015A060BB9F},Raya Kobo,ET030302,North Wello,ET0303,Amhara,ET03,39.750773,12.170535
33217,GATIRA,{B8CBCBF8-800E-4D8A-B38A-2F165345B2C5},Raya Kobo,ET030302,North Wello,ET0303,Amhara,ET03,39.749428,12.123583
33231,GOSAMBA,{D18CA1F2-886F-47AC-BF43-DC46756191E7},Raya Kobo,ET030302,North Wello,ET0303,Amhara,ET03,39.463427,12.082865
33232,SIGAMESKEYA,{015A989E-160E-4F08-BB6F-77BA5220CA71},Raya Kobo,ET030302,North Wello,ET0303,Amhara,ET03,39.456588,12.110250
33250,JEMEDO,{1D8889F9-633A-4A35-A464-8532C3189A1C},Raya Kobo,ET030302,North Wello,ET0303,Amhara,ET03,39.415932,12.271503
33261,MAKISEGNOGEBEYA,{834E1072-A725-44A2-8996-D8FA1E1D10E0},Raya Kobo,ET030302,North Wello,ET0303,Amhara,ET03,39.703588,11.990395
33265,WORKE,{FF3343DD-55AA-459B-9282-67B0752CEA2A},Raya Kobo,ET030302,North Wello,ET0303,Amhara,ET03,39.776113,11.980365
33280,"014/hamusit/",{801B9DB3-6546-4AB3-9F8A-8D3F1A82EAFA},Raya Kobo,ET030302,North Wello,ET0303,Amhara,ET03,39.552697,12.032125
33307,KALIM,{9E01134E-ABF3-408D-9552-0BDB00A91112},Raya Kobo,ET030302,North Wello,ET0303,Amhara,ET03,39.537736,11.918138
32737,kebero meda,{FEE220D1-4134-4275-BA41-1DE910428D25},Gidan,ET030303,North Wello,ET0303,Amhara,ET03,39.352893,11.912698
32904,WENDACH YAGEBEYA MEDA,{C22AB2C5-2C86-4163-9012-A136538694BC},Gidan,ET030303,North Wello,ET0303,Amhara,ET03,39.339591,12.106257
32912,IYELA GEBEYA MAKEL,{9440DA59-49A6-4CD1-A22C-278BDD64AB1F},Gidan,ET030303,North Wello,ET0303,Amhara,ET03,39.358938,11.956895
32916,YE MERORA MARKET CENTER,{2E4A9C90-7F82-4F67-B467-E66F10B0F9CC},Gidan,ET030303,North Wello,ET0303,Amhara,ET03,39.342040,11.976696
32932,YE DILIDY MARKET CENTER,{5326F60F-D53D-46B6-BC2D-52C6758A21E2},Gidan,ET030303,North Wello,ET0303,Amhara,ET03,39.349545,12.198588
32939,ASHQUANA GEBEYA,{B1D10C96-7927-48B9-9049-9109C4361558},Gidan,ET030303,North Wello,ET0303,Amhara,ET03,39.379173,12.192596
32966,ASKITE GEBYA,{9F02FF3F-F550-4E97-9DC4-1F1D9E472847},Gidan,ET030303,North Wello,ET0303,Amhara,ET03,39.311596,12.185409
33442,HAMUSIT,{978B3D31-A90C-4350-9F14-BA1B1650E33B},Meket,ET030304,North Wello,ET0303,Amhara,ET03,38.669039,11.664694
33453,SEGNO,{97D94270-3E60-4EB0-9B42-9FD1AA98C1AB},Meket,ET030304,North Wello,ET0303,Amhara,ET03,38.738955,11.652014
33469,EROBIT,{FD83C363-14A2-4F31-BE4F-72373BA191A2},Meket,ET030304,North Wello,ET0303,Amhara,ET03,38.722033,11.832989
33476,AGRIT,{26BA4775-408A-48AB-842E-FFB25BD79BEC},Meket,ET030304,North Wello,ET0303,Amhara,ET03,38.665352,11.818330
33484,MAKSEGNIUT,{328A6A3E-CE76-4AF1-ACEA-13A12A994C27},Meket,ET030304,North Wello,ET0303,Amhara,ET03,38.708811,11.702001
33488,ROBIT,{FB37E6BF-8B06-4D9E-A898-6995BF904060},Meket,ET030304,North Wello,ET0303,Amhara,ET03,38.752498,11.710238
33504,GENA MEMCHA,{AC37F0F9-C8BC-4295-9F9E-9D463458BAA3},Meket,ET030304,North Wello,ET0303,Amhara,ET03,38.798598,11.855160
33546,KOBABA,{8543B967-0D55-494D-803A-5AA4700E3D11},Meket,ET030304,North Wello,ET0303,Amhara,ET03,38.826922,11.714308
33573,KEDAMIE,{E3F22C61-5D64-4E5C-9675-66B603EE652B},Meket,ET030304,North Wello,ET0303,Amhara,ET03,38.587801,11.817263
33582,ARBIT,{B47B2EFC-EA01-478F-ADBD-180FFD72B946},Meket,ET030304,North Wello,ET0303,Amhara,ET03,38.763150,11.909317
33593,GENA MEMCHA,{B442DD88-4F67-4BC5-B596-B3C30C7BEE5F},Meket,ET030304,North Wello,ET0303,Amhara,ET03,38.714546,11.920993
33594,AYKOLE,{FE9E122E-A844-411B-85C3-3A257D650F3A},Meket,ET030304,North Wello,ET0303,Amhara,ET03,38.802832,11.944902
32879,tekulesh,{72A26A09-EC8B-490E-9137-B4312C66D83F},Wadla,ET030305,North Wello,ET0303,Amhara,ET03,39.156372,11.754471
33545,ARBIT,{F7919BE6-6931-450E-AB26-101F765B25D4},Wadla,ET030305,North Wello,ET0303,Amhara,ET03,38.820993,11.671130
33669,YEROBGEBEYA MEAKEL,{BDD6CDF1-EE0A-4B5D-B773-CB303DB31B2C},Wadla,ET030305,North Wello,ET0303,Amhara,ET03,38.807644,11.613556
33684,ARIBIT GEBEYA,{644C80A9-CE0B-4A9D-A620-5D7983743713},Wadla,ET030305,North Wello,ET0303,Amhara,ET03,39.035878,11.584097
32754,Erobit gebaya,{EF32246C-5CEA-4803-80BE-CD50041BAC12},Guba Lafto,ET030307,North Wello,ET0303,Amhara,ET03,39.373810,11.888863
33083,dule gebeya,{23A0B146-E304-4FC6-AA88-2E8B76C33BD5},Habru,ET030308,North Wello,ET0303,Amhara,ET03,39.614288,11.664715
33091,mehal amba gebeya,{753D1554-4E21-4758-9A93-B22F49D6DB0B},Habru,ET030308,North Wello,ET0303,Amhara,ET03,39.659598,11.592130
33119,merto,{35903C45-B670-405B-9166-747332C22116},Habru,ET030308,North Wello,ET0303,Amhara,ET03,39.551578,11.742526
33133,haro,{52038DB3-653A-4756-9182-C847BE467420},Habru,ET030308,North Wello,ET0303,Amhara,ET03,39.804423,11.804665
32792,HAMUSIT,{A6BF5CE6-FF0D-44F5-ACE6-6139C16808D8},Dawunt,ET030311,North Wello,ET0303,Amhara,ET03,38.884032,11.499415
32820,GERSA,{401A3B0E-1101-450C-9720-AF9792AF6079},Dawunt,ET030311,North Wello,ET0303,Amhara,ET03,38.842132,11.474664
32849,robet,{A1F1ACBC-DD7A-4F96-88AF-1778685298CE},Angot,ET030313,North Wello,ET0303,Amhara,ET03,39.196652,11.857850
32869,waro gebeya,{F4897816-1857-41F0-A2BB-C6FF17F7A4CF},Angot,ET030313,North Wello,ET0303,Amhara,ET03,39.072695,11.855433
33514,TAJA,{167E5943-579A-4F8A-BD98-69738AFA6DC9},Angot,ET030313,North Wello,ET0303,Amhara,ET03,38.922300,11.744682
32322,ehudit,{7D6DB25D-FC7C-4880-8BEC-90F77E9D3B61},Argoba,ET030401,South Wello,ET0304,Amhara,ET03,39.950947,10.918227
32327,dibe,{E1CB5937-BCF6-48A1-B7D5-A7C380318F45},Argoba,ET030401,South Wello,ET0304,Amhara,ET03,39.930425,10.983245
32024,ROBIT,{B7BE7E7A-BFD5-4650-B7EB-71652C047D91},Tenta,ET030402,South Wello,ET0304,Amhara,ET03,39.122375,11.370172
32041,gergre,{1B78BE19-8365-4A41-B5CC-82EAB43AFF87},Tenta,ET030402,South Wello,ET0304,Amhara,ET03,39.309638,11.380982
32055,WORETEJI,{181B3C9C-AE7F-4CC6-B7F9-FC141288E187},Tenta,ET030402,South Wello,ET0304,Amhara,ET03,39.228326,11.036674
32060,hamusit,{266608E3-76F2-48EA-811E-0CA5C6426010},Tenta,ET030402,South Wello,ET0304,Amhara,ET03,39.190598,11.014690
32065,MEKENA,{80B290A6-12AD-4FAE-82F9-FDAEBB0FE554},Tenta,ET030402,South Wello,ET0304,Amhara,ET03,39.265338,11.084560
32073,yerema,{9776E9AA-4793-4F2F-9A8A-EE026C13CCC0},Tenta,ET030402,South Wello,ET0304,Amhara,ET03,39.284227,11.029145
32083,SADAKORKORA,{EF15EB64-218F-4DEE-AE38-8B8A4E44E358},Tenta,ET030402,South Wello,ET0304,Amhara,ET03,39.341408,11.004933
32129,fito,{AA5D9A15-E118-49F6-A4CD-7FBD8A2E43C7},Tenta,ET030402,South Wello,ET0304,Amhara,ET03,39.225350,11.128338
32140,ABABORU,{EB37B254-47D0-43E1-921E-87BC5DA4EFEE},Tenta,ET030402,South Wello,ET0304,Amhara,ET03,39.194301,11.075051
32154,debek,{56247098-AB81-489C-A148-1704F36A9E25},Tenta,ET030402,South Wello,ET0304,Amhara,ET03,39.179067,11.338100
32158,MEGUAT,{377BA1B9-5EF1-47CA-B331-B0001AEBB4E5},Tenta,ET030402,South Wello,ET0304,Amhara,ET03,39.208428,11.346608
31188,workaria,{F030FD83-294A-4881-9174-460BBC67CBF2},Kutaber,ET030403,South Wello,ET0304,Amhara,ET03,39.580315,11.277915
31197,Ehudt,{3D1CF887-D4DA-4082-8380-5662C0C411B6},Kutaber,ET030403,South Wello,ET0304,Amhara,ET03,39.469462,11.256448
31210,meskela ambagibi gebeya maekel,{D6BD46A2-9C20-48E3-A051-DDF4181A3C6F},Kutaber,ET030403,South Wello,ET0304,Amhara,ET03,39.422990,11.372877
31217,Manosh,{3BFA1AF0-6197-48FE-BF33-8806420852ED},Kutaber,ET030403,South Wello,ET0304,Amhara,ET03,39.452908,11.316730
31252,Mukada,{42E8BD83-9B48-452A-9101-B2316587725D},Kutaber,ET030403,South Wello,ET0304,Amhara,ET03,39.368990,11.261632
31276,geha abdo markt,{9FDC3964-D8FD-405F-8CCA-8571E12E50AB},Kutaber,ET030403,South Wello,ET0304,Amhara,ET03,39.427745,11.209757
31284,Robit,{8B424630-A70B-4B0D-B73F-6184D0EC9274},Kutaber,ET030403,South Wello,ET0304,Amhara,ET03,39.434893,11.257860
31301,Robit,{E3E45AA1-000D-4D2E-95E7-649206971755},Kutaber,ET030403,South Wello,ET0304,Amhara,ET03,39.457348,11.357345
30259,geregera,{28744563-D78A-41B4-B7BB-2FD89D37CC16},Ambasel,ET030404,South Wello,ET0304,Amhara,ET03,39.476558,11.498832
30270,jigodo,{BD9A2C25-64F5-45B9-A169-3C61F56DEF93},Ambasel,ET030404,South Wello,ET0304,Amhara,ET03,39.411451,11.493894
30310,golbo gebeye,{CA036F3C-2522-47B7-A81E-ECB59673293B},Ambasel,ET030404,South Wello,ET0304,Amhara,ET03,39.601615,11.424038
30320,erobit arogiw gebia,{CFED4841-434E-4AD4-9134-483AC9F3C5A5},Ambasel,ET030404,South Wello,ET0304,Amhara,ET03,39.583843,11.473157
30326,adesu gebay,{CC91C4BD-A039-4EA7-83F0-4B44B4A6028E},Ambasel,ET030404,South Wello,ET0304,Amhara,ET03,39.587456,11.472723
31964,ROBIT GEBEYA,{2A867220-5634-4A9D-BE3F-35DFC0681219},Thehulederie,ET030405,South Wello,ET0304,Amhara,ET03,39.708015,11.264432
31967,muti,{5E7BD563-47FA-4FFB-93B6-057333E38AE2},Thehulederie,ET030405,South Wello,ET0304,Amhara,ET03,39.722335,11.178387
31983,ehudit,{BEBC188B-7C9C-4C10-8666-C7929B4EE116},Thehulederie,ET030405,South Wello,ET0304,Amhara,ET03,39.756610,11.277688
31992,SEGILEN,{DB8C6C27-8C29-48ED-99BD-B0E892DAF6D8},Thehulederie,ET030405,South Wello,ET0304,Amhara,ET03,39.702870,11.425527
31997,ROBET,{A94BB6B3-9FA0-44C0-B08B-A3D885062B9F},Thehulederie,ET030405,South Wello,ET0304,Amhara,ET03,39.733113,11.416690
32011,CHACHA,{6B62A436-B96C-4B83-B919-648B113FC2B0},Thehulederie,ET030405,South Wello,ET0304,Amhara,ET03,39.761330,11.184250
30529,hamusit,{7CEC970D-97A6-460D-AE48-8C8115C61793},Delanta,ET030406,South Wello,ET0304,Amhara,ET03,39.136887,11.564532
30551,Janos,{5632158D-1571-42E4-AACF-BAAA37FA8F84},Delanta,ET030406,South Wello,ET0304,Amhara,ET03,39.284063,11.694518
30573,Arb gebeya,{FA726820-31A0-4539-A69B-F5C210BCF7C9},Delanta,ET030406,South Wello,ET0304,Amhara,ET03,39.323118,11.722105
30583,Maybeyn Hamusit,{3D0AB032-3569-4EF5-B8BD-F88EEB932E33},Delanta,ET030406,South Wello,ET0304,Amhara,ET03,39.403035,11.731093
30615,Cheher,{E0547B02-F530-4073-BDB5-F7B0393910AD},Delanta,ET030406,South Wello,ET0304,Amhara,ET03,39.077872,11.475427
30622,Gurbit,{4E1A8B7C-153B-4A19-93B0-0C009B43C8DA},Delanta,ET030406,South Wello,ET0304,Amhara,ET03,39.015297,11.506632
30635,lay zontola,{F6B96985-27A4-4DF7-8350-55615FF11518},Delanta,ET030406,South Wello,ET0304,Amhara,ET03,39.241610,11.540768
30668,Terefe,{D8DAE48B-FC67-4E84-B466-306331998D27},Delanta,ET030406,South Wello,ET0304,Amhara,ET03,39.344975,11.775778
30669,Erobit,{58C522A3-498F-4F4C-B1E3-FE6DD699D5CB},Delanta,ET030406,South Wello,ET0304,Amhara,ET03,39.292887,11.741920
32836,SHOGABER,{CA8210D8-C6D0-40A9-8B67-3F9F58DAAAFD},Delanta,ET030406,South Wello,ET0304,Amhara,ET03,38.994231,11.485912
31015,resa,{FD380E55-8866-4E20-BD1E-3F70F94ECD8A},Kalu,ET030407,South Wello,ET0304,Amhara,ET03,39.914005,11.071890
31038,korebiti,{0F1C4064-DE29-454B-B9D7-C5E28510121A},Kalu,ET030407,South Wello,ET0304,Amhara,ET03,39.762300,11.184052
31048,ardibo gebeya,{5F7B9FDB-4583-47E0-BD58-C1EEC23645E1},Kalu,ET030407,South Wello,ET0304,Amhara,ET03,39.794738,11.238929
31071,mudi kalu gebeya,{A18C1907-4ABC-4D9A-B588-74252B0B94F5},Kalu,ET030407,South Wello,ET0304,Amhara,ET03,39.846193,11.271964
30223,hamuset,{166C7376-9956-4AAC-9E5E-A2EECA7EC586},Albuko,ET030408,South Wello,ET0304,Amhara,ET03,39.562528,10.696536
30232,maksegno gebeya netiy tekiy kebele,{16B03A4E-870C-463B-A739-B4326493F8C5},Albuko,ET030408,South Wello,ET0304,Amhara,ET03,39.552137,10.763873
30681,"037\ Tebasit",{192371B7-2FFA-4B76-A5F7-929456DE5E06},Dessie Zuria,ET030409,South Wello,ET0304,Amhara,ET03,39.542092,10.960173
30686,Erobit,{2E199503-A171-40EA-ADB3-5B42B440D1C9},Dessie Zuria,ET030409,South Wello,ET0304,Amhara,ET03,39.589897,10.990973
30694,Chrecha,{B9CAA67A-0748-4BD2-A4AB-A8B88D306886},Dessie Zuria,ET030409,South Wello,ET0304,Amhara,ET03,39.417265,10.979777
30698,gelsha,{C7254991-E85B-4B2D-87C3-102F79A03779},Dessie Zuria,ET030409,South Wello,ET0304,Amhara,ET03,39.552450,10.997503
30710,Erobit,{4DB582DB-5E40-406B-B551-BEE33077050F},Dessie Zuria,ET030409,South Wello,ET0304,Amhara,ET03,39.558480,11.093008
30725,Hamusit,{77CA8AD4-928E-4C95-B141-42081537AC58},Dessie Zuria,ET030409,South Wello,ET0304,Amhara,ET03,39.502435,11.110067
30737,Arbit degamotea,{7478B2EC-5727-429C-91A7-4442A0B90EAE},Dessie Zuria,ET030409,South Wello,ET0304,Amhara,ET03,39.509078,11.023320
30747,Robit,{D370BC77-0207-4DF0-89BA-97FBAAA969F5},Dessie Zuria,ET030409,South Wello,ET0304,Amhara,ET03,39.438688,11.116660
30751,begde,{5641ED41-F8E6-4732-80A0-7359FDF9C2EE},Dessie Zuria,ET030409,South Wello,ET0304,Amhara,ET03,39.409503,11.129323
30758,Gendera,{9FEF69BE-171B-4C56-89FD-F84A427969CB},Dessie Zuria,ET030409,South Wello,ET0304,Amhara,ET03,39.479334,11.067590
30763,Ehudit,{E6E1D9FE-9316-4F0C-B00B-C29350F0A9C5},Dessie Zuria,ET030409,South Wello,ET0304,Amhara,ET03,39.430838,11.046117
30776,Erobit,{0C1D3CCE-7373-4238-AD92-91DFB891FC3E},Dessie Zuria,ET030409,South Wello,ET0304,Amhara,ET03,39.642372,11.026457
30786,Tsd Gebaye,{65683967-94A5-468C-997D-D99074E0AB51},Dessie Zuria,ET030409,South Wello,ET0304,Amhara,ET03,39.340325,11.106790
30789,Jmetit,{4A7487A8-C188-4725-A7D7-8039FFAEC0BA},Dessie Zuria,ET030409,South Wello,ET0304,Amhara,ET03,39.369398,11.052818
30811,robit,{21FF828A-E3B9-43F9-BEEC-62513CB10ED7},Dessie Zuria,ET030409,South Wello,ET0304,Amhara,ET03,39.399682,10.887095
30815,Abakatima,{CCC76690-07FA-4E01-B3EC-ADCA4E72DA10},Dessie Zuria,ET030409,South Wello,ET0304,Amhara,ET03,39.511193,11.073443
31373,CHIRO,{3329F232-3A6D-47E0-9168-9891411C8408},Legambo,ET030410,South Wello,ET0304,Amhara,ET03,39.231243,10.958685
31401,SEGNO,{31277F06-0FB2-4C23-9792-3502568F94A2},Legambo,ET030410,South Wello,ET0304,Amhara,ET03,39.300643,10.913409
31410,tincha,{78DEAC30-0435-4233-A41E-8720D4E959A1},Legambo,ET030410,South Wello,ET0304,Amhara,ET03,39.363197,10.802817
31417,dereba ehudit,{2B4F7FEF-DB33-4C02-8B7B-9E2DEF21E891},Legambo,ET030410,South Wello,ET0304,Amhara,ET03,39.400552,10.854242
31425,BUSO,{0FF0E6CD-144F-4AA7-BF2C-0798FEB094B4},Legambo,ET030410,South Wello,ET0304,Amhara,ET03,38.997493,10.856922
31440,MAKSEGNIT,{CB27DB4F-A427-40B7-96E8-3DDCD545BFDE},Legambo,ET030410,South Wello,ET0304,Amhara,ET03,39.148090,10.749047
31447,KECHENBER,{80009853-1599-4F5C-BBA0-ACB909237ED1},Legambo,ET030410,South Wello,ET0304,Amhara,ET03,39.196948,10.764262
31761,negade wuha beg tera,{2625682D-7341-42F6-813B-73B8F1864C96},Sayint,ET030411,South Wello,ET0304,Amhara,ET03,38.771528,11.029862
31784,"013 mese hamusiate gebiya",{0B425A6A-C813-4F9E-8498-8DD96B2E160D},Sayint,ET030411,South Wello,ET0304,Amhara,ET03,38.577037,11.090005
31803,segno gebeya,{97FDE251-507B-4855-9862-5B373F25F6A4},Sayint,ET030411,South Wello,ET0304,Amhara,ET03,38.756873,11.112020
31837,waro market center,{7E3ED8BC-F06F-443F-8C27-F186BD8CAF2A},Sayint,ET030411,South Wello,ET0304,Amhara,ET03,38.862569,11.115549
31856,yenechay,{EEF1E955-1BF4-485A-998E-254D420BB427},Sayint,ET030411,South Wello,ET0304,Amhara,ET03,38.790618,11.182027
31906,"019/ GEDEBA KEBELE SEGNO GEBAYE",{4E000883-0168-40DE-B16B-91F63F09B876},Sayint,ET030411,South Wello,ET0304,Amhara,ET03,38.914583,10.955386
31919,gulmeada markeate,{204C9E6F-A0D0-4D07-93EA-B8FA921A4E7D},Sayint,ET030411,South Wello,ET0304,Amhara,ET03,38.825797,11.060347
31921,afekara gebiya,{8CD7DE6C-E084-4925-843C-0405CDB4B1E6},Sayint,ET030411,South Wello,ET0304,Amhara,ET03,39.039499,10.985661
31922,hurumo kedama gebiya,{E67461F7-3173-44FB-B333-7E03CDED5C43},Sayint,ET030411,South Wello,ET0304,Amhara,ET03,39.014012,10.938513
31930,cherkos maksegno [beja],{8474DF37-A090-49D2-B4C3-EA972481B27A},Sayint,ET030411,South Wello,ET0304,Amhara,ET03,38.801518,10.969080
30853,MAKSEGNO,{9F102A1C-C353-405C-B1CD-00EFF64A42A3},Jama,ET030414,South Wello,ET0304,Amhara,ET03,39.343575,10.528538
30912,BILAW,{C670C36D-0169-42B6-9C8C-454EB78CF60E},Jama,ET030414,South Wello,ET0304,Amhara,ET03,39.225940,10.342912
30922,ELESHAMA,{D852446B-0F27-498F-8587-1BEB88E4F88C},Jama,ET030414,South Wello,ET0304,Amhara,ET03,39.291437,10.366378
30928,BOREN,{224DD7FF-1AE5-4059-8C2D-79E63F0991DF},Jama,ET030414,South Wello,ET0304,Amhara,ET03,39.383282,10.468552
30937,ABU WELD,{2E32F99F-E903-42B1-9DC0-E1FEC79F8E2C},Jama,ET030414,South Wello,ET0304,Amhara,ET03,39.135805,10.381628
32234,ROBITE,{7D18E263-29B9-4345-AF62-31298D449A6B},Wegde,ET030416,South Wello,ET0304,Amhara,ET03,38.821493,10.635422
32278,ZEMODI,{31674B56-7E04-4609-BA58-74D50A4BD60D},Wegde,ET030416,South Wello,ET0304,Amhara,ET03,38.597234,10.569361
32301,HAMS GEBAYE,{B258507E-9A9C-4D1D-A648-814B66914571},Wegde,ET030416,South Wello,ET0304,Amhara,ET03,38.913122,10.774213
32303,DEMASKO HBRET SUK,{F466047A-1BDF-4F16-9CAD-40C49B43BBBD},Wegde,ET030416,South Wello,ET0304,Amhara,ET03,38.890120,10.712426
32306,KABI,{B2E04E27-4593-4511-9F11-87A9B2D74550},Wegde,ET030416,South Wello,ET0304,Amhara,ET03,38.889453,10.702569
32498,bare tara market center,{2B03A865-0B70-46E6-A86D-9B37F9700C5A},Dessie town,ET030418,South Wello,ET0304,Amhara,ET03,39.609371,11.094717
32519,YE BORU SILASIE YE GEBEYA BOTA,{FB0766F3-E655-404A-BE88-57BB22B9DFA2},Dessie town,ET030418,South Wello,ET0304,Amhara,ET03,39.650475,11.222628
32521,YE TITA ASAR BER GEBEYA,{DD6D5D5B-F23C-4070-A14E-815BCD605DAA},Dessie town,ET030418,South Wello,ET0304,Amhara,ET03,39.671288,11.167625
31332,shikf segnut gebia,{600BE184-5E86-4B88-A78F-815F05F00D64},Legehida,ET030420,South Wello,ET0304,Amhara,ET03,39.330638,10.643275
31336,kra gebeya,{E3B69E9C-F240-4507-B033-433DE6E631A9},Legehida,ET030420,South Wello,ET0304,Amhara,ET03,39.346447,10.663800
31634,BESO BER GEBEYA,{E979A727-0FB0-419F-997A-91A73368E113},Mekdela,ET030421,South Wello,ET0304,Amhara,ET03,39.116470,11.120732
31666,ROBETE GEBEYE,{112A366C-1667-4A4F-973D-533C0033D770},Mekdela,ET030421,South Wello,ET0304,Amhara,ET03,39.006279,11.247941
31678,DEBREZEYT,{616EDE63-E9DA-406B-9C93-0AB21C4B3D6C},Mekdela,ET030421,South Wello,ET0304,Amhara,ET03,38.930852,11.204043
31720,chingua,{F3ACDE23-6A7D-4A31-A755-DA9A81E79782},Mekdela,ET030421,South Wello,ET0304,Amhara,ET03,38.929900,11.133244
31739,defer,{ABA61654-1197-4B6E-A11A-EF8AE44BB33A},Mekdela,ET030421,South Wello,ET0304,Amhara,ET03,39.055907,11.006553
31744,ASOL,{11B0307F-1965-45BA-BD0D-BDFBFD29E12C},Mekdela,ET030421,South Wello,ET0304,Amhara,ET03,38.998193,11.095467
31746,KOREBE GEBEYE,{428A4F56-62AF-4B8C-A9FE-2C3595601A12},Mekdela,ET030421,South Wello,ET0304,Amhara,ET03,38.815734,11.287620
31753,ASOLE GEBEYA,{0F293AAA-BB8A-4D34-8502-31DD7B67275F},Mekdela,ET030421,South Wello,ET0304,Amhara,ET03,38.998353,11.095096
32384,woreka robit,{16E5ABBB-1B7B-49BB-BCE7-A1CBF0B58187},Worebabu,ET030422,South Wello,ET0304,Amhara,ET03,39.790333,11.281505
32409,hamusit gebaya,{6C595686-3102-40CA-B1B1-E4AECF44666C},Worebabu,ET030422,South Wello,ET0304,Amhara,ET03,39.839482,11.373972
32441,maksegnet,{D76A1D4B-348A-40F9-9C09-FB4B21B9FBE8},Worebabu,ET030422,South Wello,ET0304,Amhara,ET03,39.903524,11.385410
32448,arebate,{9309EC55-EFAE-43EE-8A56-CAF23E5A598D},Worebabu,ET030422,South Wello,ET0304,Amhara,ET03,39.956398,11.491171
32456,ajersa migesano,{1FA39879-3DCC-458E-9A9E-5BB776A1028F},Worebabu,ET030422,South Wello,ET0304,Amhara,ET03,39.810484,11.434650
21711,Yeketema kebele gebaya bota,{9FDDADD2-EC59-4A70-8CC2-B07DCFF32229},Mida Woremo,ET030501,North Shewa (AM),ET0305,Amhara,ET03,39.130635,10.314418
21737,Yebehera gebeya,{A62BF394-4EB7-4013-B982-74B3E6119B9E},Mida Woremo,ET030501,North Shewa (AM),ET0305,Amhara,ET03,39.176287,10.257940
21754,minaza gebeya bota,{B1D219CB-BC17-4242-B84C-7DDDF230367C},Mida Woremo,ET030501,North Shewa (AM),ET0305,Amhara,ET03,39.061162,10.250842
21539,yesa gebeya maekel,{1833A1AC-CE88-4FB0-ABF7-4CD0AC352439},Merhabete,ET030502,North Shewa (AM),ET0305,Amhara,ET03,39.034555,10.102815
21565,Berkato Yegebya sefer,{A6B157BE-4649-4D88-A4AD-2C513566EF61},Merhabete,ET030502,North Shewa (AM),ET0305,Amhara,ET03,38.997397,9.984262
21604,malebia gebeya maekel,{00F5A217-991A-4599-B805-289F078C0BA0},Merhabete,ET030502,North Shewa (AM),ET0305,Amhara,ET03,39.178370,10.124932
20634,Salayesh derko,{079E3860-2888-4A9B-8619-58A25A591755},Ensaro,ET030503,North Shewa (AM),ET0305,Amhara,ET03,38.908082,9.832828
20671,Bera ye gebeya bota,{F28E58B2-D18F-4643-8019-629C2E6874A2},Ensaro,ET030503,North Shewa (AM),ET0305,Amhara,ET03,38.838820,9.867353
21211,Ashen gebeya,{A4A61193-8911-4F15-9C80-E0DE49229CF1},Menze Gera Midir,ET030505,North Shewa (AM),ET0305,Amhara,ET03,39.590308,10.368665
21216,koso market,{F7105036-0871-4B5D-8B29-64C5ABC6202C},Menze Gera Midir,ET030505,North Shewa (AM),ET0305,Amhara,ET03,39.516850,10.418112
21218,shola gebeya,{579F829C-9162-46B8-98AE-CAB5EFC2BD38},Menze Gera Midir,ET030505,North Shewa (AM),ET0305,Amhara,ET03,39.545843,10.386223
21231,Amba laye,{B4792CF1-D307-45A9-8926-A0B64923C86E},Menze Gera Midir,ET030505,North Shewa (AM),ET0305,Amhara,ET03,39.522637,10.358765
21255,ye 018 kebele ye gebia bota,{9F2C5BA5-6E79-4FC8-B019-D3C908B664F3},Menze Gera Midir,ET030505,North Shewa (AM),ET0305,Amhara,ET03,39.779692,10.519185
21266,Wozhede,{71603F3D-38FD-4356-BFD6-F3212DBA9B72},Menze Gera Midir,ET030505,North Shewa (AM),ET0305,Amhara,ET03,39.784493,10.483822
21271,"014 kebele yegebiea bota",{B8B07598-D8C9-4944-957E-B6EA3F5D0756},Menze Gera Midir,ET030505,North Shewa (AM),ET0305,Amhara,ET03,39.641690,10.382585
20922,Gerar Ameba,{F9A727DE-96C5-47C6-BC39-91DDC1AEBE6A},Gishe Rabel,ET030506,North Shewa (AM),ET0305,Amhara,ET03,39.655107,10.672688
20956,Asnafit Segnogebeya,{7CE215DC-07A5-427B-A764-1DE110A9E7AA},Gishe Rabel,ET030506,North Shewa (AM),ET0305,Amhara,ET03,39.688782,10.563162
20561,ye meskelber ye gebia bota,{BD63E062-B509-4CE3-92A1-8C2316D2786E},Eferatana Gidem,ET030508,North Shewa (AM),ET0305,Amhara,ET03,39.825967,10.376530
20581,amane gebia,{3796E94E-06D4-4B8E-A7FA-B31E18079ACC},Eferatana Gidem,ET030508,North Shewa (AM),ET0305,Amhara,ET03,39.913307,10.254567
20587,arso amba yegebeya bota,{29A265B0-71B4-4E89-A3D7-AF24C8F81D14},Eferatana Gidem,ET030508,North Shewa (AM),ET0305,Amhara,ET03,39.896640,10.179725
20602,dult yegeter gebeya bota,{0A94EF9D-F4A5-40F2-8CF2-7F1762566C65},Eferatana Gidem,ET030508,North Shewa (AM),ET0305,Amhara,ET03,39.869605,10.405657
21467,Astoya gebeya bota,{4019FF89-4AFB-4EBB-BAB7-66265A08DA24},Menze Mama Midir,ET030509,North Shewa (AM),ET0305,Amhara,ET03,39.633935,10.044770
21483,"015 kebele yigem Gebeya bota",{2D753DE6-B797-4A01-B298-253B513BB181},Menze Mama Midir,ET030509,North Shewa (AM),ET0305,Amhara,ET03,39.771935,10.225972
21503,Bash yegebeya bota,{A94A762B-D261-42CA-969D-599FD411E5A3},Menze Mama Midir,ET030509,North Shewa (AM),ET0305,Amhara,ET03,39.788500,10.142892
21516,"010 kebele Maekel Gebeya bota",{E0C7F625-1C2C-4E2C-9198-29CE17F59D0B},Menze Mama Midir,ET030509,North Shewa (AM),ET0305,Amhara,ET03,39.741782,10.092173
21519,"011 kebele /ayilebs gebeye bota",{C8E9AE57-CF78-4049-90EA-45BC79D73555},Menze Mama Midir,ET030509,North Shewa (AM),ET0305,Amhara,ET03,39.723008,10.065277
20786,armaniya  yegebeya bota,{30DD1CD6-2B95-4BC9-8D90-72FF1E65E010},Tarema Ber,ET030510,North Shewa (AM),ET0305,Amhara,ET03,39.823200,9.882877
20798,Wefwasha Kebele Gebaye Bota,{8A2481E1-89B9-4441-9867-9A2C9C7784B9},Tarema Ber,ET030510,North Shewa (AM),ET0305,Amhara,ET03,39.792845,9.799268
20804,Saranba Yegebeya maikel,{24170FD4-CDCF-4773-86A4-3F7A2A487CE1},Tarema Ber,ET030510,North Shewa (AM),ET0305,Amhara,ET03,39.811795,9.797407
20819,Wofe ayezorshe kebele Yegebeya bota,{416C6B2B-99DD-4195-98BE-D4FB2990BA64},Tarema Ber,ET030510,North Shewa (AM),ET0305,Amhara,ET03,39.852307,9.837262
20841,Tiftif dingay yegebeya bota,{97341C76-8BC1-4D7D-9249-D9C3C0A0ED65},Tarema Ber,ET030510,North Shewa (AM),ET0305,Amhara,ET03,39.753852,10.034042
20859,Agamber Yegebeya bota,{307E2003-AF88-4576-BE24-EEE97B132596},Tarema Ber,ET030510,North Shewa (AM),ET0305,Amhara,ET03,39.893763,9.794087
21933,ayisofe gebeya bota,{B51D9B87-54F1-4681-AF1F-5E35F42FBD6C},Mojan Wedera,ET030511,North Shewa (AM),ET0305,Amhara,ET03,39.582558,9.881973
21986,gawena gebeya bota,{3BE9A08A-3AD5-4ED9-BFE6-C7E52B5ECB30},Mojan Wedera,ET030511,North Shewa (AM),ET0305,Amhara,ET03,39.375527,9.927448
21066,Yelen ye Gebeya Bota,{ED31F197-9693-43B3-BAD6-711D356D6270},Kewet,ET030512,North Shewa (AM),ET0305,Amhara,ET03,39.893328,10.078782
21084,kuribir. gebeya,{AB867A65-B4FB-466F-9B65-47DC3D59C0C7},Kewet,ET030512,North Shewa (AM),ET0305,Amhara,ET03,39.899617,10.117395
21129,abeyeatere yegebeya bota,{8EA7FE3F-C9BC-4E15-AE2F-305D8D80D375},Kewet,ET030512,North Shewa (AM),ET0305,Amhara,ET03,40.016065,9.912055
21168,arada gebeya,{28590AC8-D6B7-4264-9CFB-6725AFD870E2},Kewet,ET030512,North Shewa (AM),ET0305,Amhara,ET03,39.780668,10.031632
21176,Werasena Kolomiya Afuso Gebiya,{0B3A1642-94E1-4169-8D2B-8B895643AB40},Kewet,ET030512,North Shewa (AM),ET0305,Amhara,ET03,39.830317,10.139478
22198,Kobo 06 Hamuse Gebiya,{78CC380C-A6A8-468D-8FE1-BCD1B62418B6},Kewet,ET030512,North Shewa (AM),ET0305,Amhara,ET03,39.850590,10.020716
19990,Gebere Shenego market center,{6855A848-0766-4076-A44E-A4A751970A2E},Angolelana Tera,ET030513,North Shewa (AM),ET0305,Amhara,ET03,39.556627,9.498243
20005,Hamuse Gebeya market center,{1FFBB3B2-94F9-41B2-8594-7A238EF26FC5},Angolelana Tera,ET030513,North Shewa (AM),ET0305,Amhara,ET03,39.539470,9.442835
20008,Adadi market center,{0B247D5E-5965-4B62-BF9A-5A20422AAB86},Angolelana Tera,ET030513,North Shewa (AM),ET0305,Amhara,ET03,39.368112,9.523045
20036,Lay Desseamba Maksegno Gebeya,{3BC26513-8273-4D33-BA86-370C5127729C},Angolelana Tera,ET030513,North Shewa (AM),ET0305,Amhara,ET03,39.615520,9.494122
20038,Amusgebeya mareket center,{6C5C7D8B-9E1D-427C-9B95-88065C67528F},Angolelana Tera,ET030513,North Shewa (AM),ET0305,Amhara,ET03,39.620128,9.547435
20192,Ye Gedera gebeya Center,{CE43AD61-0E46-4ADD-BB09-7030413EDBD3},Assagirt,ET030514,North Shewa (AM),ET0305,Amhara,ET03,39.613340,9.308951
20222,DISM MARKET CENTER,{FC86A53C-33C7-46BF-BF91-DE6526BF49F8},Assagirt,ET030514,North Shewa (AM),ET0305,Amhara,ET03,39.555889,9.243823
20058,Mehal Wonz Kebele Segno gebeya,{2C1DB8C1-CD5A-48BA-AF9F-A6ADCD526C42},Ankober,ET030515,North Shewa (AM),ET0305,Amhara,ET03,39.766803,9.625012
20072,Zego or Gerare meda,{F7E39898-9B00-451D-8391-E9037D895A6F},Ankober,ET030515,North Shewa (AM),ET0305,Amhara,ET03,39.792323,9.618260
20081,Ye chibtie gebya,{44AB8BB2-0A5D-40DA-B820-39112C7A50A6},Ankober,ET030515,North Shewa (AM),ET0305,Amhara,ET03,39.826582,9.632462
20095,Wedera kebele,{E3A8C692-6E2A-4648-B26D-5B95AEF39843},Ankober,ET030515,North Shewa (AM),ET0305,Amhara,ET03,39.733547,9.508197
20098,wubet Gola kebele gebeya,{402B4035-59AD-4826-B193-A6C7B64BEF64},Ankober,ET030515,North Shewa (AM),ET0305,Amhara,ET03,39.725718,9.448037
20106,zoma  kebele,{732EF910-394B-4B18-81C0-BD989DAA7445},Ankober,ET030515,North Shewa (AM),ET0305,Amhara,ET03,39.792525,9.462390
20120,Andete Tsede,{582C34D6-A219-4B49-9E8E-50D1082D9009},Ankober,ET030515,North Shewa (AM),ET0305,Amhara,ET03,39.697010,9.510510
20129,ye derefo gebia,{9205EF5B-8782-421A-BDE6-663C7760412D},Ankober,ET030515,North Shewa (AM),ET0305,Amhara,ET03,39.691868,9.552131
20138,Zenibo kebele,{879EB5C0-9122-4721-9CBF-B9A7FD8D4B9A},Ankober,ET030515,North Shewa (AM),ET0305,Amhara,ET03,39.822060,9.739570
20154,Haramiba kebele,{5BBEC1D5-5810-4D94-AF18-07440699E134},Ankober,ET030515,North Shewa (AM),ET0305,Amhara,ET03,39.829515,9.689437
20163,Mescha kebele,{C7445E60-F4A9-4611-AC46-464814F5374F},Ankober,ET030515,North Shewa (AM),ET0305,Amhara,ET03,39.757479,9.700765
20990,SEKORU YEGEBEYA BOTA,{143431F2-2290-4B6B-B9C1-404F4F123746},Hagere Mariam,ET030516,North Shewa (AM),ET0305,Amhara,ET03,39.461144,9.304724
21044,YeKoremash Gebeya Maikel,{E63C41E9-8B5C-4F71-8A9F-7242FF717DD2},Hagere Mariam,ET030516,North Shewa (AM),ET0305,Amhara,ET03,39.299310,9.225545
21790,Bolo Gebeya,{CCCF113A-8302-4A47-9856-3E3EB617DC09},Minjar Shenkora,ET030518,North Shewa (AM),ET0305,Amhara,ET03,39.365355,8.838105
21843,Tekulel Gebeya Mahikel,{2E78C929-5584-49E7-905D-29534BEB0600},Minjar Shenkora,ET030518,North Shewa (AM),ET0305,Amhara,ET03,39.335180,8.999578
21871,Adama  Gebeya Mehekel,{55E687EC-1D2D-4B94-B566-C8E3434F3D95},Minjar Shenkora,ET030518,North Shewa (AM),ET0305,Amhara,ET03,39.552232,8.983960
20371,DIBUT GEBEYA,{9482A96E-C12C-459B-AAF4-66EAAE389720},Basona Worena,ET030519,North Shewa (AM),ET0305,Amhara,ET03,39.655300,9.621835
20387,EROBE GEBYA,{51395EDD-4B30-44CE-8935-2820874C3B51},Basona Worena,ET030519,North Shewa (AM),ET0305,Amhara,ET03,39.701157,9.627407
20394,GOSHE BADO GEBEYA,{7DF959D5-8713-4BE1-B897-C08EA16428AB},Basona Worena,ET030519,North Shewa (AM),ET0305,Amhara,ET03,39.445690,9.739473
20417,YE GIFIT KEBELE GEBEYA,{B4796AF1-72F5-4174-BD98-4A95B3A058C4},Basona Worena,ET030519,North Shewa (AM),ET0305,Amhara,ET03,39.349970,9.865297
20435,MUTECHERKOS,{DDC82C96-92B5-4F32-81D6-2AFECA62BAB0},Basona Worena,ET030519,North Shewa (AM),ET0305,Amhara,ET03,39.377630,9.713448
21331,kimr dingay yegebeya bota,{94429B29-75BE-4640-883F-8D984AE2A9DE},Menze Keya Gabriel,ET030521,North Shewa (AM),ET0305,Amhara,ET03,39.360513,10.092158
21335,kebele 12 Zeret yegebeya bota,{2AD837A9-C5F2-4E1E-B347-1C0432FB8242},Menze Keya Gabriel,ET030521,North Shewa (AM),ET0305,Amhara,ET03,39.298632,10.158312
21374,kubit,{93788764-D07D-4177-A72D-326998A03627},Menze Lalo Midir,ET030522,North Shewa (AM),ET0305,Amhara,ET03,39.641895,10.197735
21384,tol,{01792FF8-64E7-429D-928F-3CE7F5253698},Menze Lalo Midir,ET030522,North Shewa (AM),ET0305,Amhara,ET03,39.467618,10.089972
20739,Esat Anba mele lafto Gebya bota,{9E2DACEC-09EB-49DC-80E5-2CFBD25BE299},Siya Debirna Wayu,ET030523,North Shewa (AM),ET0305,Amhara,ET03,39.290372,9.803602
20747,Kerisa Ehude Gebiya,{CDF46C4A-6625-407F-B33B-7A4CC4B9F918},Siya Debirna Wayu,ET030523,North Shewa (AM),ET0305,Amhara,ET03,39.234577,9.864340
20753,Beyo Ehude Gebiya,{BEE44F8B-0461-455F-9252-39160CA3DD6D},Siya Debirna Wayu,ET030523,North Shewa (AM),ET0305,Amhara,ET03,39.020922,9.772717
26613,ye shum mekemecha makesegnet ye gebeya bota,{E79A3991-8C70-4CD8-BB25-F4A166EC639D},Hulet Ej Enese,ET030602,East Gojam,ET0306,Amhara,ET03,37.742302,11.108881
26702,Deber Genet,{D52A7B94-43E7-4027-B625-3E4E8053D05B},Hulet Ej Enese,ET030602,East Gojam,ET0306,Amhara,ET03,37.990818,10.801545
26711,Ye Awuja Gebeya,{92B14BA8-069F-43EA-B125-9B043BAAD3FA},Hulet Ej Enese,ET030602,East Gojam,ET0306,Amhara,ET03,38.002620,10.893630
26864,hamus gebeya,{5BEF96D9-9224-467E-9CAD-232BA9A6BDC7},Goncha Siso Enebse,ET030603,East Gojam,ET0306,Amhara,ET03,38.213715,10.830967
27573,ZACHENA EROBU,{A0FC118D-A296-425E-AE5B-6955FF978189},Enarj Enawga,ET030605,East Gojam,ET0306,Amhara,ET03,38.103357,10.762827
27612,Hamusiet Gebaya,{9D85DE70-B411-49BC-B8C5-DCB3187AE1E5},Enarj Enawga,ET030605,East Gojam,ET0306,Amhara,ET03,38.111821,10.810153
27622,YE METEYA ENEDERA ANDEGNA  YENECH BOLOKIE GEBYA,{EDD1613A-60AD-4D09-874C-F71420AC2C21},Enarj Enawga,ET030605,East Gojam,ET0306,Amhara,ET03,38.266192,10.696682
27671,YE METEYA ENEDERA ANDEGNA  YENECH BOLOKIE GEBYA,{AFF3665D-51A8-487A-9205-5A32B52B4F83},Enarj Enawga,ET030605,East Gojam,ET0306,Amhara,ET03,38.266192,10.696682
26897,WOYRA GEBIYA,{E33E80BD-7A31-42A5-8222-AB582CFE0254},Enemay,ET030606,East Gojam,ET0306,Amhara,ET03,38.154564,10.571078
26980,FELEGE SELAM KEBELE GEBEYA MAKELE,{82A05150-B0FC-4E20-884E-5B4BDE32DA48},Enemay,ET030606,East Gojam,ET0306,Amhara,ET03,38.172605,10.343573
27011,YE KEDESEGIE YEGEBEYA BOTA,{83C28993-08B0-45ED-A5ED-3B0977FB02C3},Enemay,ET030606,East Gojam,ET0306,Amhara,ET03,38.277264,10.499270
27051,WOYRA GEBIYA,{AF6369A6-4A9E-49F2-8423-6DAE40C85FE6},Enemay,ET030606,East Gojam,ET0306,Amhara,ET03,38.154564,10.571078
27133,FELEGE SELAM KEBELE GEBEYA MAKELE,{357E3D4A-2BE7-4EC4-AF5D-65EE9E2806C4},Enemay,ET030606,East Gojam,ET0306,Amhara,ET03,38.172605,10.343573
27164,YE KEDESEGIE YEGEBEYA BOTA,{38D858BA-D884-4A42-816F-8E637FC1EABE},Enemay,ET030606,East Gojam,ET0306,Amhara,ET03,38.277264,10.499270
28071,ye yedama ye gebeya bota,{AD5694BE-EFB5-49D0-87F3-0E1B36C97139},Debay Telatgen,ET030607,East Gojam,ET0306,Amhara,ET03,38.046716,10.526499
28072,ye gelebatie ye gebeya bota,{EF282497-BADF-4E3A-AE67-B0F3A33BE4EB},Debay Telatgen,ET030607,East Gojam,ET0306,Amhara,ET03,37.910643,10.642518
28093,hamusit market center,{FCFB78EE-425B-46D7-88AD-73AA1A4E5D3B},Debay Telatgen,ET030607,East Gojam,ET0306,Amhara,ET03,38.103947,10.444340
28111,ye rebu gebeya ye gebeya bota,{5D6BBFD6-03FE-4B5E-8957-2DECB31CD4B6},Debay Telatgen,ET030607,East Gojam,ET0306,Amhara,ET03,37.995497,10.616486
28142,debet yegebya bota,{15E299C8-C9DC-4328-A009-1F29F4C0BC8A},Debay Telatgen,ET030607,East Gojam,ET0306,Amhara,ET03,38.060712,10.362660
28220,YEKEBT GEBEYA,{1EBC7C26-9D34-4AB4-9FA9-C3D4FE90F187},Debre Elias,ET030608,East Gojam,ET0306,Amhara,ET03,37.459429,10.299711
28391,AMARYEWEBESHE GEBEYA BOTA,{8B39ECC8-D4F1-43F4-9673-C6E37A85BC0D},Michakel,ET030609,East Gojam,ET0306,Amhara,ET03,37.540032,10.498553
28406,DEBERE KELEMO HAMUSITE GEBEYA,{35029831-625F-4644-86AA-835FFC26A577},Michakel,ET030609,East Gojam,ET0306,Amhara,ET03,37.616565,10.515330
28442,KIDAMIN GEBEYA BOTA,{07C63B97-0171-4AF0-9364-E4B40F141329},Michakel,ET030609,East Gojam,ET0306,Amhara,ET03,37.683469,10.668807
28453,SHELELE YEGEBEYA BOTA,{9EE56F27-683E-440C-9DD1-CC24502FC4B0},Michakel,ET030609,East Gojam,ET0306,Amhara,ET03,37.592274,10.580402
28472,BELEMIN GEBEYA BOTA,{28E5FDE1-CAD1-4E4D-9301-CCA27FF3B122},Michakel,ET030609,East Gojam,ET0306,Amhara,ET03,37.652297,10.438231
27774,Lega yelyeb yegebya,{D44F54DF-DE93-452F-AFE1-8D542CD2CF17},Awabel,ET030612,East Gojam,ET0306,Amhara,ET03,38.009395,10.182504
28304,KOL \ EREST \,{A25FFC57-E2E9-4B83-826F-C4E3C08C95FA},Dejen,ET030613,East Gojam,ET0306,Amhara,ET03,38.225439,10.195042
27266,Amuse Gebeya,{E4D3829B-5CC5-45C0-8C9D-2AD36501F24E},Shebel Bernta,ET030614,East Gojam,ET0306,Amhara,ET03,38.365167,10.255031
28670,WASHA MEKEHALE YEGEBEYA BOTA,{A76FA45F-2B3A-44A5-9EAC-08E33781BE89},Senan,ET030616,East Gojam,ET0306,Amhara,ET03,37.849839,10.556150
26337,Segnin Gebeya,{DA6A873D-3771-4253-B035-93AE73A71375},Aneded,ET030617,East Gojam,ET0306,Amhara,ET03,37.889895,10.381343
26768,Senio Gebiya,{67F3DEDA-AB16-49BE-826F-B97D8F432DC5},Sedae,ET030619,East Gojam,ET0306,Amhara,ET03,38.319253,11.050808
23793,Ahiya chanik Yegebeya,{38643DA5-E1C8-4A63-B4B6-86DC0B024B6D},Semen Achefer,ET030701,West Gojam,ET0307,Amhara,ET03,36.960025,11.868049
23815,hamusit gebeya,{09181CEE-30BC-47E0-9E8E-8B79D279B2BB},Semen Achefer,ET030701,West Gojam,ET0307,Amhara,ET03,37.029675,11.797647
23825,sankira gebeya,{F0157A5B-D0F1-47D5-8FD3-643E6CAC75A4},Semen Achefer,ET030701,West Gojam,ET0307,Amhara,ET03,36.984070,11.798810
23855,Kancheye Ygebeya bota,{B135B35E-F70F-4615-8D6D-6114F58BC00D},Semen Achefer,ET030701,West Gojam,ET0307,Amhara,ET03,37.053388,11.803656
23895,segnit,{A5EFDBD4-1DA5-4A99-8E1A-62B0A6ED61E8},Semen Achefer,ET030701,West Gojam,ET0307,Amhara,ET03,37.082537,11.649732
23952,makesegnet,{5B65A365-9E01-4867-8566-8D9F0CDDE69F},Semen Achefer,ET030701,West Gojam,ET0307,Amhara,ET03,36.879237,11.789311
25086,fares woga market center,{729F74CB-8696-471E-AA70-9DAAA8674918},Bahirdar Zuria,ET030702,West Gojam,ET0307,Amhara,ET03,37.390062,11.368154
26262,YE MAJJYE GEBTA MAKELE,{C08BFA39-D13F-49E5-ACF3-BD1846BA46A1},Bahirdar Zuria,ET030702,West Gojam,ET0307,Amhara,ET03,37.552029,11.483741
54744,zege gebya,{E1D76A98-0369-459C-8681-1044C069D3C3},Bahirdar Zuria,ET030702,West Gojam,ET0307,Amhara,ET03,37.316658,11.693017
54968,YE TIS ABAY KETEMA YE GEBEYA BOTA,{DABB7E3F-A64E-4E22-913A-6C148BB3F360},Bahirdar Zuria,ET030702,West Gojam,ET0307,Amhara,ET03,37.588354,11.482959
54970,YE TIS ABAY KETEMA YE KEBIT GEBEYA BOTA,{9B3D124A-DEDB-4EB0-8CF6-45CB736CE409},Bahirdar Zuria,ET030702,West Gojam,ET0307,Amhara,ET03,37.589348,11.482224
26042,Zanaber yegebiya Maekel,{CB28A20C-1CD3-4F5B-85AF-E2E8046A7C6C},Yilmana Densa,ET030703,West Gojam,ET0307,Amhara,ET03,37.488155,11.388280
26047,koti yegebiya maekel,{5D255E45-9BB0-4744-A0E0-3F9CDC5DC769},Yilmana Densa,ET030703,West Gojam,ET0307,Amhara,ET03,37.462263,11.381638
26069,Angar,{A5FBB114-FBD8-43DF-BE98-6C7EF5BB15B6},Yilmana Densa,ET030703,West Gojam,ET0307,Amhara,ET03,37.613152,11.385722
26091,Debay Yegebiya Makel,{C3A2DE14-AA32-440A-B869-7953C4ECA94B},Yilmana Densa,ET030703,West Gojam,ET0307,Amhara,ET03,37.662773,11.329535
26092,sekela gebeya,{B660AB4A-4F2F-4394-BE47-7F878A2C604F},Yilmana Densa,ET030703,West Gojam,ET0307,Amhara,ET03,37.621087,11.328790
26105,Ye Zeyet Meskiret gebya,{E2BD8A0B-970E-4557-8C21-A1E8B00A2282},Yilmana Densa,ET030703,West Gojam,ET0307,Amhara,ET03,37.502815,11.355333
26106,Ye Zeyet Meskiret gebya,{36454E07-16C0-4849-8FEA-7159BC033C99},Yilmana Densa,ET030703,West Gojam,ET0307,Amhara,ET03,37.502815,11.355333
26124,Densabata Gebeya,{E416C205-60D0-4CF7-80DB-42E6DC4F31FF},Yilmana Densa,ET030703,West Gojam,ET0307,Amhara,ET03,37.394368,11.267855
26177,dabal yegebiya maekel,{5577990B-F7D9-4CCC-BF1B-4DFFFCF60DA1},Yilmana Densa,ET030703,West Gojam,ET0307,Amhara,ET03,37.387498,11.163922
26198,ye ayivar kebele yegebeya meakel,{FFDAC71C-D293-4086-B53D-BEA9B48803F4},Yilmana Densa,ET030703,West Gojam,ET0307,Amhara,ET03,37.437712,11.151248
26219,Enegadie yegebiya Maekel,{AF45F76C-5787-4EA8-A8F9-1B6D13846145},Yilmana Densa,ET030703,West Gojam,ET0307,Amhara,ET03,37.547774,11.177960
26243,Goshiye,{DFCA6F3F-6136-4038-A811-581123ABA73D},Yilmana Densa,ET030703,West Gojam,ET0307,Amhara,ET03,37.461660,11.193120
26246,Yizora yegebeya meakel,{DEA7B377-DCF3-4292-A51C-D759C0146DF1},Yilmana Densa,ET030703,West Gojam,ET0307,Amhara,ET03,37.338898,11.167691
24642,chilotaw wondferaw,{BCD85586-9D1B-43F2-A1EA-1E37F0A9CA38},Mecha,ET030704,West Gojam,ET0307,Amhara,ET03,37.066198,11.385702
24046,YEA ABSKEN GEBEYEA,{D8616EED-82EE-4A00-BE51-0C9098A229A6},Sekela,ET030705,West Gojam,ET0307,Amhara,ET03,37.317954,11.058360
25771,areb gebiya ye gebiya bota,{7B1D3FB2-6E4B-48F4-82D6-B766851FA1C3},Quarit,ET030706,West Gojam,ET0307,Amhara,ET03,37.389444,11.098625
25777,ye areb gebiya y gebiya bota,{0AA7B6C7-0402-4930-A319-58FCFD950D0A},Quarit,ET030706,West Gojam,ET0307,Amhara,ET03,37.389423,11.098267
25872,makesegnet yegebeya bota,{9717BD5A-E1E2-41CE-9BCB-5CAAF9E24DF3},Quarit,ET030706,West Gojam,ET0307,Amhara,ET03,37.445448,10.927683
24429,filiklik,{E9849944-365A-4964-9D9C-F4C5650833B1},Dega Damot,ET030707,West Gojam,ET0307,Amhara,ET03,37.681378,10.956495
24551,lijengus,{BE2239BA-CD4B-47E8-888F-100FDF109205},Dega Damot,ET030707,West Gojam,ET0307,Amhara,ET03,37.634358,10.987051
25215,YECHEREKA   KETEMA   MARKET  CENTER,{C07E9DED-35C7-41DF-9801-27BE97FDCFEE},Dembecha,ET030708,West Gojam,ET0307,Amhara,ET03,37.422984,10.597659
25567,Aselie Yegebia Maekel,{B0F74F3D-F16D-4700-9FA2-015752E2ED24},Jabi Tehnan,ET030709,West Gojam,ET0307,Amhara,ET03,37.477648,10.721345
25621,Makisegn Yegebiya Maekel,{998E6863-EAB5-4063-8DA9-F2F5BCFD4727},Jabi Tehnan,ET030709,West Gojam,ET0307,Amhara,ET03,37.320945,10.815989
25688,Makesenet Gebiya,{07A0DE53-0C31-496E-A780-6BB5F8546BFD},Jabi Tehnan,ET030709,West Gojam,ET0307,Amhara,ET03,37.486320,10.781188
25728,Layber Yegebiya Maekel,{4B7EC298-B9B6-41CF-9392-2CFAF7E96572},Jabi Tehnan,ET030709,West Gojam,ET0307,Amhara,ET03,37.170004,10.586776
25729,Tach ber yegebeya meakel,{CF0622B1-20F5-457C-AD74-3930E7563965},Jabi Tehnan,ET030709,West Gojam,ET0307,Amhara,ET03,37.125295,10.502512
25731,Woroska yegebeya Meakel,{EAC4AF66-7B70-44CA-B99C-2C24EC463FFD},Jabi Tehnan,ET030709,West Gojam,ET0307,Amhara,ET03,37.154995,10.511503
24273,GULT GEBIYA,{4B3CC97A-52F7-4387-97EA-734F244B78B1},Bure (AM),ET030710,West Gojam,ET0307,Amhara,ET03,37.046625,10.625969
24274,ALFA,{FEF7A02A-BCEF-4A63-86CE-E65AAC3BBC89},Bure (AM),ET030710,West Gojam,ET0307,Amhara,ET03,37.046264,10.622449
24361,SHAKUA GEBEYA,{527DEE99-B893-4BF3-829C-C501045ACA5A},Bure (AM),ET030710,West Gojam,ET0307,Amhara,ET03,37.007691,10.726124
54469,ZENZELIMA MARKET CENTER,{EC9396E0-B8E4-46FA-9A47-287FAA39B912},Bahir Dar town,ET030712,West Gojam,ET0307,Amhara,ET03,37.462974,11.628568
54611,ginbot 20 kefle ketema,{F6FE2264-5976-459C-BD82-695D3D83E21B},Bahir Dar town,ET030712,West Gojam,ET0307,Amhara,ET03,37.385417,11.584558
54635,belay zeleke ye kabti gabiya,{3A04A52A-112A-409E-98C8-AEDDF7C55D3D},Bahir Dar town,ET030712,West Gojam,ET0307,Amhara,ET03,37.387678,11.579979
54642,SELASE GEBEYA,{6F988907-587C-4432-994F-DF40D888EFD4},Bahir Dar town,ET030712,West Gojam,ET0307,Amhara,ET03,37.389961,11.580196
54676,amara  ketemoch limat  biro,{72665F6B-F4A5-451E-884F-8C239EEC60B0},Bahir Dar town,ET030712,West Gojam,ET0307,Amhara,ET03,37.396631,11.588998
54868,ADDIS ALEM GULIT GEBEYA,{8C6C75B9-284B-4FB6-86AD-246402B9C2D3},Bahir Dar town,ET030712,West Gojam,ET0307,Amhara,ET03,37.424435,11.597888
54883,ABAY MADO MARKET CENTER,{E3D575EC-FB9A-4850-8F37-9791382C6424},Bahir Dar town,ET030712,West Gojam,ET0307,Amhara,ET03,37.417416,11.601332
25290,Hamuse Gebiya,{06402223-FF52-44A7-9222-C41D2B30EC77},Gonje,ET030718,West Gojam,ET0307,Amhara,ET03,37.622271,11.066249
25324,sego,{1453CC18-2DBE-453C-9DB5-0AFCE005F9DD},Gonje,ET030718,West Gojam,ET0307,Amhara,ET03,37.665345,11.161062
25390,Sego Gebeyaw,{EE9226F6-83BC-4439-A245-9035A1B25F06},Gonje,ET030718,West Gojam,ET0307,Amhara,ET03,37.631658,11.264963
25401,Menta Debir Market center,{51449EF3-C64F-44DC-B942-A76EF1E19B2D},Gonje,ET030718,West Gojam,ET0307,Amhara,ET03,37.596923,11.198173
25413,Erob Gebeya,{0BD1303F-FF22-44DC-A05D-4EB4E9A20BA4},Gonje,ET030718,West Gojam,ET0307,Amhara,ET03,37.675363,11.113998
25414,AKILE MARKET,{9D27C075-5497-49DA-B867-931CE1F2FE0F},Gonje,ET030718,West Gojam,ET0307,Amhara,ET03,37.629945,11.089513
25427,Woyinwuha,{3F1323C8-5A65-4729-9965-53923C34A9DC},Gonje,ET030718,West Gojam,ET0307,Amhara,ET03,37.592134,11.067794
34045,kedamit,{D02322AB-FD5E-4B57-8BB4-080B7459F0F8},Zequala,ET030801,Wag Hamra,ET0308,Amhara,ET03,38.855057,12.881332
34056,Telajen Amusit,{C5802532-2AEC-41DF-B8F7-2CC1C3E18ADA},Zequala,ET030801,Wag Hamra,ET0308,Amhara,ET03,38.754710,12.589743
33933,ekimetserewa,{875FD9BB-C143-4C7D-8BCC-C87680FBDD8C},Sekota,ET030802,Wag Hamra,ET0308,Amhara,ET03,39.135928,12.614842
33962,FAYA,{71102A48-A0C7-4AAC-ACC0-F2E8D197270A},Sekota,ET030802,Wag Hamra,ET0308,Amhara,ET03,38.934162,12.688812
34004,jerba,{24F0CD8E-D812-4E61-B7DC-987475C2FC28},Sekota,ET030802,Wag Hamra,ET0308,Amhara,ET03,38.856963,12.627508
34012,Gshenarewa,{35300DEE-9CCE-4052-8B48-319B83DF6644},Sekota,ET030802,Wag Hamra,ET0308,Amhara,ET03,39.189537,12.521565
33862,arka maekel gebeya center,{CE96F732-F071-4BA7-AB19-ECE9BF2C4B7F},Gaz Gibla,ET030804,Wag Hamra,ET0308,Amhara,ET03,39.179891,12.322772
33874,astekola meakel market center,{8098F592-D7A7-43A1-882D-B36B0E0E29A1},Gaz Gibla,ET030804,Wag Hamra,ET0308,Amhara,ET03,39.198573,12.217467
33887,taba gebeya maekel,{D0F156CE-BE1E-46A2-8F22-B0FAA21CC717},Gaz Gibla,ET030804,Wag Hamra,ET0308,Amhara,ET03,38.995247,12.295402
33999,esta maksegno gebeya maekel,{14F8C963-1C42-4688-830E-F03DEC80D05E},Tsagbeji,ET030808,Wag Hamra,ET0308,Amhara,ET03,39.243255,12.768782
23508,Gayta Semibu. Hamusit. gebeya,{E6B5237B-6BD5-4AEE-9D06-3D3B7D95274A},Dangila,ET030901,Awi,ET0309,Amhara,ET03,36.911685,11.192133
23518,Gayeta Selasie Robit Gibaya,{91F84C5F-A619-40EC-BACD-D457503E1E3C},Dangila,ET030901,Awi,ET0309,Amhara,ET03,36.893050,11.180837
23527,Hamucet,{80C8E423-3D43-4AA2-95AE-3B38E2950273},Dangila,ET030901,Awi,ET0309,Amhara,ET03,36.960997,11.243656
23542,Wumbiri Segno Gebeya,{1038F6F4-A2BC-4BBA-AE55-F7A5CF3AD2D5},Dangila,ET030901,Awi,ET0309,Amhara,ET03,36.977330,11.186970
23579,Delamo,{2A204661-4351-4319-8F2B-26AA2EF073DC},Dangila,ET030901,Awi,ET0309,Amhara,ET03,36.689133,11.266592
22295,mirkita yegebeya bota,{C63B6ED2-AB3F-4999-9ADC-304DABEE5CA8},Banja,ET030902,Awi,ET0309,Amhara,ET03,37.004644,10.966079
22300,mirkita yegebaya bota,{5E264731-1E3A-4E18-9BB8-C5C94F4A9560},Banja,ET030902,Awi,ET0309,Amhara,ET03,37.004620,10.966442
22690,Ambkie Gebiya makel,{82D7558B-68E3-44E8-83A5-1F4727A013D0},Guangua,ET030904,Awi,ET0309,Amhara,ET03,36.587767,10.809703
23327,delekes,{B6AFEE14-7838-4474-97E6-111D5C24B824},Fagta Lakoma,ET030905,Awi,ET0309,Amhara,ET03,36.788373,11.125242
22780,Filifil Kebele,{09DBD4CC-63D0-4F9A-AAAB-62D583FEABCC},Jawi,ET030906,Awi,ET0309,Amhara,ET03,36.415365,11.842367
22796,Sigudi,{1413FEE5-B3E9-497D-8548-632E41DC06A3},Jawi,ET030906,Awi,ET0309,Amhara,ET03,36.521856,11.823379
22819,Segnit Gebeya,{F148A71A-5C5F-40E3-A644-3A00D389969A},Jawi,ET030906,Awi,ET0309,Amhara,ET03,36.546291,11.280166
22832,Asech (Addis Alem),{D101F1DB-8C44-409E-BA39-1F20E0D2C448},Jawi,ET030906,Awi,ET0309,Amhara,ET03,36.707142,11.369448
22885,Asech (Addis Alem),{311F9BCC-AC1D-42E2-8825-34ADDF8FBAED},Jawi,ET030906,Awi,ET0309,Amhara,ET03,36.707142,11.369448
23001,Adisalem,{F646419E-7739-4CDC-9EE1-EA72EC48DBE1},Jawi,ET030906,Awi,ET0309,Amhara,ET03,36.637990,11.693500
32599,sitir,{B51166C3-8927-49B5-B602-9A6B50BA9A8E},Dewa Cheffa,ET031001,Oromia,ET0310,Amhara,ET03,39.750985,10.875640
32602,heroye,{9373F229-15D8-4DCF-93B6-5A68BFB5549F},Dewa Cheffa,ET031001,Oromia,ET0310,Amhara,ET03,39.733691,10.846612
32621,warkew,{434FE4F8-90DD-44F5-8293-5E08FDC844C1},Dewa Cheffa,ET031001,Oromia,ET0310,Amhara,ET03,39.906130,10.678694
32640,dodo,{76725C2B-6F2D-49F5-8DA3-975F29F5DF57},Dewa Cheffa,ET031001,Oromia,ET0310,Amhara,ET03,39.909481,10.798530
32647,meti,{7957AA60-EE03-4F85-876E-2124E5E60C53},Dewa Cheffa,ET031001,Oromia,ET0310,Amhara,ET03,39.875097,10.847143
32549,eal,{5AC2EA66-50CE-4831-BDB5-3E0B69111EB5},Bati,ET031002,Oromia,ET0310,Amhara,ET03,39.889680,11.263618
32562,KOPAFO(018),{B1E52277-3876-4B9E-9908-B82DD7319291},Bati,ET031002,Oromia,ET0310,Amhara,ET03,39.919292,11.333252
32569,MOTUMA,{1155BF07-0C3C-4EE0-A416-FA67E50E26CE},Bati,ET031002,Oromia,ET0310,Amhara,ET03,39.903552,11.289962
32570,ODA,{514382D7-FF0A-42AA-8C2A-9775E41E5409},Bati,ET031002,Oromia,ET0310,Amhara,ET03,40.123482,11.040110
32574,BOFA KEMISE(020),{D81E0160-F8D7-4FC5-A79E-E1360C4ED864},Bati,ET031002,Oromia,ET0310,Amhara,ET03,40.046972,11.039665
32579,tea,{A71F4FB3-3FC6-4F06-9631-EEF63158BA6A},Bati,ET031002,Oromia,ET0310,Amhara,ET03,40.075313,11.041868
22182,Bete Yegebya bota,{BD85DD3B-9CF3-4B9E-8EB0-9A4F6D4690B0},Jilye Tumuga,ET031003,Oromia,ET0310,Amhara,ET03,39.970485,10.163456
22121,yifate market center,{4343933B-23FA-4F02-83F0-08144BAFA691},Artuma Fursi,ET031004,Oromia,ET0310,Amhara,ET03,40.025703,10.586148
22142,Fursi muri kebele market,{331E8DC3-CD78-4F95-908B-BB6A3BC26904},Artuma Fursi,ET031004,Oromia,ET0310,Amhara,ET03,40.038979,10.480582
22147,Eido Medne kebele market,{B91A8BF6-F57E-4A3E-90E9-2412CCE62DCD},Artuma Fursi,ET031004,Oromia,ET0310,Amhara,ET03,39.851911,10.645047
22159,Jemete Gebeya,{66E50C0A-6683-4450-8476-5957823C29D2},Artuma Fursi,ET031004,Oromia,ET0310,Amhara,ET03,39.921905,10.600691
34526,nhamsit yegebeya bota,{EF235A8F-5B19-45CF-B7E4-7C072205D1ED},Lay Armacho,ET031108,Central Gondar,ET0311,Amhara,ET03,37.482133,12.804093
34538,merena,{5DA58A27-F150-4E8B-BB21-0EBA5EB50970},Lay Armacho,ET031108,Central Gondar,ET0311,Amhara,ET03,37.451177,12.871506
34552,EBELEWU GEBAYA,{CD117C1A-B54F-42EE-A0B4-50BCAC06E4D8},Lay Armacho,ET031108,Central Gondar,ET0311,Amhara,ET03,37.345561,12.676733
34608,SEGNO GEBAYE,{FA37D04B-F11A-46A7-989D-90FF7A1D4EFA},Lay Armacho,ET031108,Central Gondar,ET0311,Amhara,ET03,37.229662,12.620597
34668,MAWURA MARKET CENTER,{2FDF79BB-A1AF-4926-9B3C-B5D92CF75BC5},Lay Armacho,ET031108,Central Gondar,ET0311,Amhara,ET03,37.398144,12.662937
35261,arb gebya gebya meakle,{D943DEB0-41D3-40D3-A024-A2B15DA89E59},Lay Armacho,ET031108,Central Gondar,ET0311,Amhara,ET03,37.272641,12.773856
35486,arb gebya,{22BCC5B4-A60F-4E8A-8B6C-74401133853D},Lay Armacho,ET031108,Central Gondar,ET0311,Amhara,ET03,37.272641,12.773856
34432,Arno,{2D06F7A7-FBB5-49D8-B981-9BA529F7FC8E},Gonder Zuria,ET031110,Central Gondar,ET0311,Amhara,ET03,37.715358,12.174603
34980,achara,{454F69B2-3944-4D76-B33D-42553DF0190F},East Dembia,ET031111,Central Gondar,ET0311,Amhara,ET03,37.355868,12.298907
35041,robit,{97326613-9ACB-4A89-8372-D97184B4F109},East Dembia,ET031111,Central Gondar,ET0311,Amhara,ET03,37.387025,12.326912
34194,ye woku ye selit mahakel,{DFD1AD9C-47C9-463D-B831-B3AF0F5C9117},Alefa,ET031115,Central Gondar,ET0311,Amhara,ET03,36.610673,11.965942
34202,GENGEN YEGEBIYA MAEKEL,{0710E22F-4D3B-4142-9D70-11649D6C5C5B},Alefa,ET031115,Central Gondar,ET0311,Amhara,ET03,36.490533,12.023141
34919,asawegari,{F02E2CE3-0178-4589-B0CB-B846E013E91C},West Belesa,ET031116,Central Gondar,ET0311,Amhara,ET03,37.850803,12.520083
35182,fuchena kidamie gebya,{5908907B-E379-47CF-BEB6-7954CA9D6901},Masero Denb /Central Armacho,ET031119,Central Gondar,ET0311,Amhara,ET03,37.168447,12.917619
35396,fuchena kidamie gebya,{D0D7E77C-9BC1-4294-B574-269EBD8FBB97},Masero Denb /Central Armacho,ET031119,Central Gondar,ET0311,Amhara,ET03,37.168447,12.917619
35186,Segno Gebiya,{B865141F-0A6D-4D5C-8836-145AF993302C},Tach Armacho,ET031120,Central Gondar,ET0311,Amhara,ET03,37.208347,12.906288
35256,mahanaye gebya,{299ECEC1-514B-4B15-99A9-FAFC31C406B9},Tach Armacho,ET031120,Central Gondar,ET0311,Amhara,ET03,37.262746,12.839679
35294,geretila gebya mewaya,{A67A4A46-302D-4603-A74D-55C09CCBACA1},Tach Armacho,ET031120,Central Gondar,ET0311,Amhara,ET03,37.480608,12.996959
35321,chara ber gebya meakel,{47A874EC-D2A8-4C69-9EB0-610FE1BF1B1D},Tach Armacho,ET031120,Central Gondar,ET0311,Amhara,ET03,37.111700,13.035526
35400,Segno Gebiya,{3E3B4DB8-3337-4D41-8E9B-9D5FDE85ED8A},Tach Armacho,ET031120,Central Gondar,ET0311,Amhara,ET03,37.208347,12.906288
35481,mahanaye gebya,{78DA3EC8-BF9F-4DC6-99E9-FBF3267FD1DC},Tach Armacho,ET031120,Central Gondar,ET0311,Amhara,ET03,37.262746,12.839679
35519,geretila gebya mewaya,{884FED94-B70F-4FF9-AA9F-5A4E99C2669D},Tach Armacho,ET031120,Central Gondar,ET0311,Amhara,ET03,37.480608,12.996959
35546,chara ber,{B6B4F3E0-B608-4948-9AE5-398C40A63807},Tach Armacho,ET031120,Central Gondar,ET0311,Amhara,ET03,37.111700,13.035526
36128,Dermaga gebeya makel,{9B74D445-BB05-4039-8D7F-298FD554F177},Mirab Armacho,ET031206,West Gondar,ET0312,Amhara,ET03,36.445902,13.343885
36179,GABLA SELIT MAKEL,{44C1F654-C541-4298-B19C-ABE8189B344D},Mirab Armacho,ET031206,West Gondar,ET0312,Amhara,ET03,36.763925,13.107353
36425,Kinevi selit meakel,{D345320D-C618-42F5-A2C5-6DBA7E3FDF0D},Quara,ET031214,West Gondar,ET0312,Amhara,ET03,36.126547,12.034562
36470,Bemur Gebiya,{C4B753C8-AE1E-4FB7-BE00-64F76BB3E7B4},Quara,ET031214,West Gondar,ET0312,Amhara,ET03,35.936998,12.084276
36485,Bermil Selit Maikel,{57D55A71-6FCB-43D9-8D2D-0FD3D66523B9},Quara,ET031214,West Gondar,ET0312,Amhara,ET03,35.732836,12.396199
45026,YE CHALA DABUS KEBELE YE KEBTOCHI GEBIYA BOTA,{BB5E792E-0A18-4E4D-9407-30915E01DB72},Mana Sibu,ET040101,West Wellega,ET0401,Oromia,ET04,34.971714,9.558311
45029,YE CHALA DABUS GETER KEBELE GEBIYA MAIKEL,{E8CD42D3-9FCA-4640-A7B8-4AAE929427E2},Mana Sibu,ET040101,West Wellega,ET0401,Oromia,ET04,34.969277,9.559801
45035,YE CHOMO GEBIYA BOTA,{526E9647-86ED-47F2-8051-9A7F655D187C},Mana Sibu,ET040101,West Wellega,ET0401,Oromia,ET04,34.934733,9.719334
45036,YE CHOMO KEBTOCHI GEBIYA BOTA,{F60DA936-45C9-45FE-AE80-5FB34EAE0A43},Mana Sibu,ET040101,West Wellega,ET0401,Oromia,ET04,34.934173,9.721269
45038,IDORO TOBARA GETER KEBELE MARKET CENTER,{679FB004-D1E2-40E8-B97D-045DDD1B7D64},Mana Sibu,ET040101,West Wellega,ET0401,Oromia,ET04,34.969540,9.829725
43869,DIDISI GABAYA MAIKAL,{ADB689E9-BC94-42BD-BB4D-547F281BC1A8},Nejo,ET040102,West Wellega,ET0401,Oromia,ET04,35.418459,9.393208
43871,AMUMA DILA,{755B9FB2-461A-49A4-B52F-0773C4920E57},Nejo,ET040102,West Wellega,ET0401,Oromia,ET04,35.466023,9.383899
43876,AMUS GEBEYA,{B7E6FA2F-F90D-4B9A-9D99-26C7D7869F76},Nejo,ET040102,West Wellega,ET0401,Oromia,ET04,35.553091,9.607353
43877,SOMBO GUTA,{68DB592C-0360-4480-AFA2-5FE10E0B1BE8},Nejo,ET040102,West Wellega,ET0401,Oromia,ET04,35.513852,9.621684
44186,SOLOMON TESFA SHOP,{6A79D75A-24B2-4D2C-B011-8DF5E81C7738},Gimbi,ET040103,West Wellega,ET0401,Oromia,ET04,35.743487,9.201592
44189,DARAJE BAYYANA OWATA SHOP,{BF167245-D3CF-4846-A1EA-0C1BDEBCAD91},Gimbi,ET040103,West Wellega,ET0401,Oromia,ET04,35.749452,9.201843
44190,IFAA LIKASA,{5A041D26-E77F-4A26-83F1-DCE736DCD57D},Gimbi,ET040103,West Wellega,ET0401,Oromia,ET04,35.742788,9.201613
44192,ISAYAS NIGATU SHOP,{7EAB82B4-9BCC-48DB-A822-23D7BB2E15D1},Gimbi,ET040103,West Wellega,ET0401,Oromia,ET04,35.745027,9.202550
44194,BEKAMA DHINA WAJIRA SHOP,{9EAE8470-AB3F-4401-99AC-A91740482E75},Gimbi,ET040103,West Wellega,ET0401,Oromia,ET04,35.774322,9.193493
44195,WAKSHUMA HAILU SHOP,{C901ABE9-7CEC-4359-AA60-646B336293A9},Gimbi,ET040103,West Wellega,ET0401,Oromia,ET04,35.741735,9.201578
44197,TIGIST BAKELE,{FD3953F6-35ED-491C-A9B0-BDB6C08FAE42},Gimbi,ET040103,West Wellega,ET0401,Oromia,ET04,35.740042,9.201488
44198,TAYYE GERBEMIKAYEL JANO SHOP,{36686C07-47AB-42E0-9313-673589E5D594},Gimbi,ET040103,West Wellega,ET0401,Oromia,ET04,35.745268,9.202307
44200,ABARA OFGA'A SHOP,{FEA9308E-2E7A-49EB-AEF9-39D3D3B79370},Gimbi,ET040103,West Wellega,ET0401,Oromia,ET04,35.739470,9.202273
44201,DAJANE KASAYE SHIBESHI,{2B2924D9-A1EB-4D39-B361-5C85CE3C5E9D},Gimbi,ET040103,West Wellega,ET0401,Oromia,ET04,35.739015,9.202570
44206,TABOTE MANGASHA SHOP,{83ED523C-9FF4-4EEB-BDA2-DDBDFFC56B13},Gimbi,ET040103,West Wellega,ET0401,Oromia,ET04,35.743622,9.201947
44210,ABTAMU REGASU SHOP,{13E94880-B5E7-4192-9612-32D697AA9320},Gimbi,ET040103,West Wellega,ET0401,Oromia,ET04,35.744288,9.202010
44211,ALAMINESH ASFAW DULA SHOP,{4EA16746-E1AE-478E-989D-5C7B7F85179D},Gimbi,ET040103,West Wellega,ET0401,Oromia,ET04,35.751933,9.203822
44212,ADANE GETACHEW SHOP,{35C199EF-44EB-4777-A2BA-855110438D77},Gimbi,ET040103,West Wellega,ET0401,Oromia,ET04,35.744013,9.201680
44223,Rihobot IMX Shop,{33508CFF-CF4C-41B5-B2E6-E1775E27CF4F},Gimbi,ET040103,West Wellega,ET0401,Oromia,ET04,35.884105,9.205852
44227,DAREJE KABEDA NEGARI,{C369ADAA-F08C-436B-86BA-3BDC99D90A5A},Gimbi,ET040103,West Wellega,ET0401,Oromia,ET04,35.807752,9.143677
44228,SHOP,{A9A37E1E-05E6-45CD-B95D-E533C0F34503},Gimbi,ET040103,West Wellega,ET0401,Oromia,ET04,35.803032,9.220165
44229,TASHOME BULTI DERESA SHOOP,{067DB011-C39C-4134-B061-32B0E5E2A675},Gimbi,ET040103,West Wellega,ET0401,Oromia,ET04,35.777355,9.192497
44230,YE ATO MARIQOS SUQII,{8C7979E1-EE8D-4260-932B-A73C93574766},Gimbi,ET040103,West Wellega,ET0401,Oromia,ET04,35.810833,9.127063
44231,TAMASGEN GETANA SHOP,{BCDBEAFC-EEF7-41F2-9829-BEDD41FB0E04},Gimbi,ET040103,West Wellega,ET0401,Oromia,ET04,35.810237,9.125360
44232,DEREJET,{D55E5278-C6C7-403C-B5D8-1024C242E201},Gimbi,ET040103,West Wellega,ET0401,Oromia,ET04,35.809063,9.127350
44233,DEREJET,{12731E2F-0501-4CD5-B11C-2C54D9BEF89F},Gimbi,ET040103,West Wellega,ET0401,Oromia,ET04,35.807880,9.130987
44234,farmers union,{B2873764-9EE4-403C-A638-63DCD0652B12},Gimbi,ET040103,West Wellega,ET0401,Oromia,ET04,35.777957,9.158177
44236,SUQ,{7405CFF3-BC3F-4E4A-8CA3-165CACA987D2},Gimbi,ET040103,West Wellega,ET0401,Oromia,ET04,35.793499,9.139442
44239,MASERAT BIRATU WAKTOLE SHOP,{83DF35A2-578C-461E-B7EC-D95CB0CEF63C},Gimbi,ET040103,West Wellega,ET0401,Oromia,ET04,35.832753,9.144317
44240,MISGANU KITILA SHOP,{BA0EA7E0-45A5-4ACE-86EC-92F81C0E1418},Gimbi,ET040103,West Wellega,ET0401,Oromia,ET04,35.835443,9.135287
44241,CHALTU ASFAW DINSA SHOP,{A9A7C4F8-C0CA-4FBB-943D-53A59E1F8168},Gimbi,ET040103,West Wellega,ET0401,Oromia,ET04,35.835172,9.129292
44242,TEGENYE TASAMA BIKILA SHOP,{8BCB443B-9259-4118-82EB-C87EBAA333EC},Gimbi,ET040103,West Wellega,ET0401,Oromia,ET04,35.835167,9.128928
44243,ABTAMU BIRASA SHOOP,{4340898B-F6B7-4917-A854-D80F5322B94E},Gimbi,ET040103,West Wellega,ET0401,Oromia,ET04,35.831783,9.120262
44244,BIRHANE DEREJE SHOP,{A6305477-C516-40CE-BB97-AFEB70603A42},Gimbi,ET040103,West Wellega,ET0401,Oromia,ET04,35.832023,9.114830
44245,DEREGET,{B2E3D11E-2514-4D9F-BFC7-176B1092308B},Gimbi,ET040103,West Wellega,ET0401,Oromia,ET04,35.776088,9.145616
44246,SHOAP,{B1FB8298-19AC-4A71-9DAE-B5E38C26915F},Gimbi,ET040103,West Wellega,ET0401,Oromia,ET04,35.779922,9.144369
44247,SHOP,{722CC738-05B8-4A10-B827-8ACB612888E0},Gimbi,ET040103,West Wellega,ET0401,Oromia,ET04,35.779854,9.138347
44248,DEREJE BEKELE SHOP,{717B1758-7674-407E-B4B6-1727CF8D4D7A},Gimbi,ET040103,West Wellega,ET0401,Oromia,ET04,35.817615,9.110007
44249,DEREJE HAYLE NEGERI SHOP,{BA0401C5-3DDB-472F-AF82-9BFDF0290968},Gimbi,ET040103,West Wellega,ET0401,Oromia,ET04,35.817820,9.109063
44250,GEMECHU DUFERA DISASA SHOP,{E5B43C78-3FD7-4FCB-8707-311C19CCE863},Gimbi,ET040103,West Wellega,ET0401,Oromia,ET04,35.817940,9.109432
44251,HAPTAMU MITIKU SHOAP,{38ECA711-76F8-4CE9-B7C9-64BF007CCCAF},Gimbi,ET040103,West Wellega,ET0401,Oromia,ET04,35.792830,9.249285
44253,SHOAP,{DBDCED7E-0344-4030-92D2-989002710152},Gimbi,ET040103,West Wellega,ET0401,Oromia,ET04,35.794793,9.252308
44265,SHOP,{600817C2-0B2E-45BC-9800-7337D99B552A},Gimbi,ET040103,West Wellega,ET0401,Oromia,ET04,35.883651,9.112335
44266,DRINK AND SHOP,{46E5621E-41C7-436A-BA59-E9996C05B500},Gimbi,ET040103,West Wellega,ET0401,Oromia,ET04,35.884838,9.131659
44276,YE GETACHO SHOP,{244FBC42-EE8A-427C-A6ED-660EB8DCF114},Gimbi,ET040103,West Wellega,ET0401,Oromia,ET04,35.907376,9.170574
44278,KAJELA`S SHOP,{0A533D44-A135-40F1-863C-0DE956B8D4A4},Gimbi,ET040103,West Wellega,ET0401,Oromia,ET04,35.882865,9.167873
44293,BULA WKTOLA SHOP,{F81EE41F-5461-48B0-8810-5BBDF6281D55},Gimbi,ET040103,West Wellega,ET0401,Oromia,ET04,35.952848,9.189263
44294,ASFAW BODANA SHOP,{93BC081A-8F65-47B0-8C1B-74985733BC56},Gimbi,ET040103,West Wellega,ET0401,Oromia,ET04,35.952647,9.190283
44295,TILAHUN WAKTOLA SHOP,{E5AD9034-5B73-4A48-A537-F5CC3D903002},Gimbi,ET040103,West Wellega,ET0401,Oromia,ET04,35.952688,9.189818
44296,AYANA TAMANA SHOP,{985E1101-EDA0-4BB6-A5EA-F4DC6B22BA25},Gimbi,ET040103,West Wellega,ET0401,Oromia,ET04,35.952830,9.189171
44297,BALAY GUDATA SHOP,{1453132F-EAD9-4673-9BFA-C1F08BD5776B},Gimbi,ET040103,West Wellega,ET0401,Oromia,ET04,35.952655,9.189775
44298,AMANA TAYERA TEA SHOP,{15B66B4C-4BD6-4B05-ABEA-ABDEC84A991A},Gimbi,ET040103,West Wellega,ET0401,Oromia,ET04,35.952591,9.189687
44299,MITIKU GUTAMA SHOP,{A9FCCCD6-D5AD-4BB6-BFD8-26E16C823A7E},Gimbi,ET040103,West Wellega,ET0401,Oromia,ET04,35.952699,9.189892
44300,YE JOGIR G/KEBELE GEBEYA BOTA,{D2DA4D33-FBCC-4B42-B9B9-ACBE08196B64},Gimbi,ET040103,West Wellega,ET0401,Oromia,ET04,36.023111,9.029522
44304,GUTAMA GUDINA SHOP,{125F7CCF-D4BC-4F96-80CF-4ADB374EF6FD},Gimbi,ET040103,West Wellega,ET0401,Oromia,ET04,35.973842,9.029118
44305,ATO BANTI DIBA`S SHOP,{F18834E6-43F1-4CDC-9069-90CEB00468EF},Gimbi,ET040103,West Wellega,ET0401,Oromia,ET04,35.958917,9.036554
44306,GAMACHU NAGASE SHOP,{DD49645B-8CE5-4455-9C46-A6429B6E4611},Gimbi,ET040103,West Wellega,ET0401,Oromia,ET04,35.977038,9.031512
44307,SOLOMON BAKALA SHOP,{1FC5E561-18F0-4C9F-85DD-174380287C1A},Gimbi,ET040103,West Wellega,ET0401,Oromia,ET04,35.974307,9.028900
44308,TASFA WAKTOLA SHAY BET,{13FB0843-0866-48A6-8293-42F575FE5F5B},Gimbi,ET040103,West Wellega,ET0401,Oromia,ET04,35.974490,9.028897
44324,GAMACHIS BANTI SHOP,{94125AD8-9528-4166-A679-279300107F9D},Gimbi,ET040103,West Wellega,ET0401,Oromia,ET04,35.974541,9.028355
44325,ATO AYALE SHOP,{196E28E2-EC5E-4CA8-A7F7-1470B492B695},Gimbi,ET040103,West Wellega,ET0401,Oromia,ET04,35.986370,9.025090
44326,KAMBI MARKET CENTER,{76EF8A54-F4DC-4819-AC35-B394BD8D6742},Gimbi,ET040103,West Wellega,ET0401,Oromia,ET04,35.975338,9.027106
44944,Ye Kellayi Market Center,{F46752CF-6A57-4B50-9511-75C81EBCF522},Lalo Asabi,ET040104,West Wellega,ET0401,Oromia,ET04,35.584552,9.147025
44970,Mayibasi Gabeyabota,{5C0FA0FA-5859-4FA2-848D-A8D81223E7BD},Lalo Asabi,ET040104,West Wellega,ET0401,Oromia,ET04,35.595198,9.150790
44984,Harojiserdo Gabeyabota,{E9F8CCFC-24EE-4577-9BFA-85A37C17B605},Lalo Asabi,ET040104,West Wellega,ET0401,Oromia,ET04,35.719415,9.226780
44813,BUKE AKACHE MARKET CENTER,{01F9E392-C2AE-440D-A280-E997E3D38165},Kiltu Kara,ET040105,West Wellega,ET0401,Oromia,ET04,35.177563,9.652270
44776,GIBINA GEBEYA BOTA ILI WOFCHO,{9CC88AF0-617B-4172-8F57-92EDDEC5BCB4},Jarso (West Wellega),ET040108,West Wellega,ET0401,Oromia,ET04,35.382475,9.461342
44792,GUDATU GABA JIMATA  GEBEYA BOTA,{197CC7C2-91CD-47B3-B131-FEAFCABBD83A},Jarso (West Wellega),ET040108,West Wellega,ET0401,Oromia,ET04,35.335319,9.525165
44806,GEBA FACHASA BOTA,{607FEED4-13B2-4FCF-956D-3C19AA58F350},Jarso (West Wellega),ET040108,West Wellega,ET0401,Oromia,ET04,35.333732,9.546890
44830,EHUD GEBEYA BOTA,{B3A010EF-7EBE-4167-A829-A8AABC8EEF18},Gudetu Kondole,ET040109,West Wellega,ET0401,Oromia,ET04,34.681387,9.352108
44862,ASHUNFA GEBEYA BOTA,{D348C332-5D56-431C-9E26-3F6220C88BAA},Gudetu Kondole,ET040109,West Wellega,ET0401,Oromia,ET04,34.896833,9.497498
44884,OFA FARGASHI MARKET CENTER,{5FE01E72-40DE-449E-BD56-08DA2F51F4CF},Gudetu Kondole,ET040109,West Wellega,ET0401,Oromia,ET04,34.628880,9.318910
44887,GABA KAMISA,{B5CD531B-EA1C-4751-856C-228E7061BD4C},Gudetu Kondole,ET040109,West Wellega,ET0401,Oromia,ET04,34.615585,9.322189
44891,YE GEMI GABA JIMATA MARKET CENTER,{84B466DB-DF3C-49DA-AD43-7F7B32A3AB68},Gudetu Kondole,ET040109,West Wellega,ET0401,Oromia,ET04,34.633131,9.295915
44896,GEMI GABA MARKET CENTER,{9E6676C6-298A-4B99-A96F-963121C235C7},Gudetu Kondole,ET040109,West Wellega,ET0401,Oromia,ET04,34.660337,9.282182
44924,MARE SUKA GABAYA,{FDE73C61-55F6-479F-BCA1-58C95E7B294B},Gudetu Kondole,ET040109,West Wellega,ET0401,Oromia,ET04,34.819090,9.533601
44108,Amomma,{E708128F-4272-4874-837B-72CBA5AECF13},Boji Chekorsa,ET040110,West Wellega,ET0401,Oromia,ET04,35.502453,9.308330
44113,Gaba Robbi,{48B7A4E4-AD91-4B95-9C21-EF9FC64E8F95},Boji Chekorsa,ET040110,West Wellega,ET0401,Oromia,ET04,35.433917,9.353958
43942,ALI IDRIS SHOP,{3808A0E8-A988-4B2B-B8B3-E0047EB0A67C},Babo,ET040111,West Wellega,ET0401,Oromia,ET04,35.110613,9.522967
43943,YE ZABIBA SEYID SHOP,{B57EFF43-28FD-4D77-B262-BAE096988BA5},Babo,ET040111,West Wellega,ET0401,Oromia,ET04,35.110352,9.522998
43944,YE USEN ARAGE SHOP,{90C9DB2B-C14D-4F96-ACFB-1B03BEDE8744},Babo,ET040111,West Wellega,ET0401,Oromia,ET04,35.111563,9.524008
43946,YE ATO USEN ARAGE SHOP,{83AB836C-5070-4FD1-84D4-646538A7C228},Babo,ET040111,West Wellega,ET0401,Oromia,ET04,35.110800,9.523003
43947,YE MARU MOYE SHOP,{8FA6A0BD-A23B-46D5-981F-A7C94B13380D},Babo,ET040111,West Wellega,ET0401,Oromia,ET04,35.110325,9.523035
43948,YE UMAR AYALE SHAY BET,{838411B1-2B8E-4D5A-A88A-FC6D8644957F},Babo,ET040111,West Wellega,ET0401,Oromia,ET04,35.110590,9.523051
43949,SEYID ALI SHOP,{03E55B7A-BEC7-4789-A6E4-96159F50AEDF},Babo,ET040111,West Wellega,ET0401,Oromia,ET04,35.110190,9.523037
43950,YE HASAN ADAM SHAY BET,{722CA049-7F3E-4FFC-919A-47BD0125748E},Babo,ET040111,West Wellega,ET0401,Oromia,ET04,35.110578,9.522862
43951,YE JAMAL NURU SHOP,{59F9D0A5-5E33-46E5-BAC5-62AF31CB6FC7},Babo,ET040111,West Wellega,ET0401,Oromia,ET04,35.110417,9.523193
45210,YE ANDU KEBTI IREGNA GEBEYA BOTA,{F44CAF20-49BC-4897-B23E-410FFD79AE8F},Yubdo,ET040112,West Wellega,ET0401,Oromia,ET04,35.429513,9.009505
45212,YE ANDU GEBEYA BOTA,{9E4424F5-A4A9-47B3-8882-D6594C960C89},Yubdo,ET040112,West Wellega,ET0401,Oromia,ET04,35.428695,9.010928
44145,MAKSEGNO GEBIYA BOTA,{A111B21B-79C0-468D-B380-841C96103B31},Gaji,ET040113,West Wellega,ET0401,Oromia,ET04,35.545404,9.053892
44164,MAKSEGNO GEBIYA BOTA,{2AB981C3-DA19-485F-BA71-BB895353C99B},Gaji,ET040113,West Wellega,ET0401,Oromia,ET04,35.579972,8.993947
44170,YE DIBE YE ENSISAT GEBIYA BOTA,{2A857B0E-13E7-42A2-A583-F5EAAA7CD53F},Gaji,ET040113,West Wellega,ET0401,Oromia,ET04,35.580245,8.992353
44178,SOMBO HAMUS GEBIYA BOTA,{5D01A974-7AFF-40C6-8ACD-7A04927F80B7},Gaji,ET040113,West Wellega,ET0401,Oromia,ET04,35.546010,9.023701
44718,YE DOG ADARE AGLGLOT GABARE MAYBAR,{FE544268-2C2D-49BF-9968-72F8BE731184},Haru,ET040114,West Wellega,ET0401,Oromia,ET04,35.783592,8.948615
44746,YE ATO ALEMAYO AGA SUIK,{2A57D1B6-D6F6-4495-A5B1-042713042FCF},Haru,ET040114,West Wellega,ET0401,Oromia,ET04,35.726543,8.975765
43989,TADALE BIRANU`S SHOP,{91EEC767-12AF-4692-8BFF-609E249D94C6},Begi,ET040116,West Wellega,ET0401,Oromia,ET04,34.542156,9.343788
43990,YE ATO RAMADAN ISA SHOP,{85F16982-AB8D-462E-9A54-72B6322262BE},Begi,ET040116,West Wellega,ET0401,Oromia,ET04,34.553985,9.346693
43996,HAMUS GEBEYA,{35980BB2-F58D-4528-994A-560579C0A2B1},Begi,ET040116,West Wellega,ET0401,Oromia,ET04,34.562718,9.313797
44021,ABDU JAMAL AKUMA,{A9574DB1-0E0B-446E-A29F-34446AE91E53},Begi,ET040116,West Wellega,ET0401,Oromia,ET04,34.565347,9.248288
44022,ALIYI ABDURAMAN SHOP,{4E3DC9BF-E2E9-4109-BADE-5B69250406B5},Begi,ET040116,West Wellega,ET0401,Oromia,ET04,34.566612,9.247457
44023,MESKELE MELAKU,{B30052CE-8E7E-44C9-9ABB-27B5335FEF17},Begi,ET040116,West Wellega,ET0401,Oromia,ET04,34.567639,9.246763
44024,HAMSALU TEDESA SHOP,{1F41E4C7-EFCC-4D26-9B4D-1FE35FF5D149},Begi,ET040116,West Wellega,ET0401,Oromia,ET04,34.566151,9.247414
44025,ZAKARIYA JIBIRIL,{F48B1D29-7AAA-40E3-9080-EC860A164671},Begi,ET040116,West Wellega,ET0401,Oromia,ET04,34.569071,9.245152
44026,MITIKU TALILA SHOP,{8EF57100-D311-4C57-BBD8-38A345FFF11F},Begi,ET040116,West Wellega,ET0401,Oromia,ET04,34.566178,9.247225
44027,SIRAJ HIKA,{B83E7DC9-2AE3-4113-94C1-EEE555B6E3C1},Begi,ET040116,West Wellega,ET0401,Oromia,ET04,34.567873,9.246548
44028,RAMADAN FUFA BATI,{5E6A97DB-E6A5-4C52-84A4-CFBC7514DBCD},Begi,ET040116,West Wellega,ET0401,Oromia,ET04,34.568799,9.245709
44029,DIBISA BARKESA,{0EF69834-55B6-4F99-886C-C62A1DD65B76},Begi,ET040116,West Wellega,ET0401,Oromia,ET04,34.566815,9.247257
44030,KASAHUN KABADA,{7A817C16-E5B9-4698-9741-0F080E97EC25},Begi,ET040116,West Wellega,ET0401,Oromia,ET04,34.565297,9.248196
44031,KASAHUN AYANA,{ED38BB72-B68F-4470-8FAE-FB23A6DBC293},Begi,ET040116,West Wellega,ET0401,Oromia,ET04,34.568986,9.245507
44032,SEYID YONAS AYANASHOP,{D4B12B60-C724-4903-BF93-836F37F59467},Begi,ET040116,West Wellega,ET0401,Oromia,ET04,34.566482,9.247377
44033,YONAS SHUMA IBSA,{841B2733-DC3B-4532-92EF-BFF77D96A5C5},Begi,ET040116,West Wellega,ET0401,Oromia,ET04,34.566828,9.247315
44040,YE ATO MUKTAR ADEM SHOP,{BF453CBE-4A26-4FA0-8E0F-D6CF42C37FD2},Begi,ET040116,West Wellega,ET0401,Oromia,ET04,34.484128,9.415354
44045,Y ATO KEDIR TIBA SHOP,{A0822ECD-023B-4ACB-8C69-5A703D05206C},Begi,ET040116,West Wellega,ET0401,Oromia,ET04,34.490453,9.399924
44046,YE ATO BABEKIR USMA'EL SHOP,{ECD7DDBA-9D24-499A-8552-750651284B90},Begi,ET040116,West Wellega,ET0401,Oromia,ET04,34.490318,9.398362
44750,SUPPA GEBEYA,{AA502B1D-2A95-4B16-91B2-F6E850E9DF20},Homa,ET040117,West Wellega,ET0401,Oromia,ET04,35.747397,9.075318
44763,BONDAWO DANGIL GEBEYA,{A702F44D-D964-4F88-9D75-9CFD106AB9E3},Homa,ET040117,West Wellega,ET0401,Oromia,ET04,35.703445,9.033234
45120,GECHO GABAYA MAHAKALI,{F7389B2F-EE29-4A07-97EF-5C6B314D5D1E},Sayo Nole,ET040118,West Wellega,ET0401,Oromia,ET04,35.694050,8.954215
44631,ODA GABAYA,{BA60B614-4509-4B69-8AFA-710098D05796},Guliso,ET040119,West Wellega,ET0401,Oromia,ET04,35.502883,9.091145
44633,BOKE GABAYA,{D96BFA2D-1A91-4F04-8E1B-C60E7A771EBC},Guliso,ET040119,West Wellega,ET0401,Oromia,ET04,35.471594,9.226142
44639,YE JARSO BADESO GEBA JIMATA,{FF8A4F86-F460-4260-966E-E608D05C1E5A},Guliso,ET040119,West Wellega,ET0401,Oromia,ET04,35.354698,9.296607
44655,YE CHALIYA WERA DALE GEBA DAFINO,{365D24D4-9360-454A-B5AF-5979A3E84E17},Guliso,ET040119,West Wellega,ET0401,Oromia,ET04,35.410880,9.262716
44668,MARU GUDA,{B6B3B5D5-3F9D-4CD3-982E-F1DA526DFED0},Guliso,ET040119,West Wellega,ET0401,Oromia,ET04,35.278496,9.232381
44216,SHOP,{89A118D3-D3F9-455B-84B8-28CD101C4072},Gimbi town,ET040193,West Wellega,ET0401,Oromia,ET04,35.801402,9.171520
44429,YE MALIFU GEBEYA,{76B046E5-DCD3-4FE2-A5F2-327875DFC395},Gimbi town,ET040193,West Wellega,ET0401,Oromia,ET04,35.830835,9.184624
44448,OROMIYA SUPER MARKET,{C8664DAD-8C33-40C3-BE07-8099A0612B6A},Gimbi town,ET040193,West Wellega,ET0401,Oromia,ET04,35.833192,9.180741
44455,GIMBI KIRINCHAF NIGID ENA LIMAT,{EB74B086-5AC7-4813-86F4-F70DAA1D18FE},Gimbi town,ET040193,West Wellega,ET0401,Oromia,ET04,35.832696,9.176387
44520,YE KEBT ENE BEG GEBEYA BOTA,{8C1739AA-FD3A-4242-924B-10CE126ABC3F},Gimbi town,ET040193,West Wellega,ET0401,Oromia,ET04,35.829633,9.168422
44543,GILITI GABIYA BOTA,{0A1D8B05-0C0E-42E7-844F-42AA6983736C},Gimbi town,ET040193,West Wellega,ET0401,Oromia,ET04,35.835247,9.167913
44549,DACHA GEBEYA BOTA,{602C391B-FE08-4BE3-A410-93BED59A6686},Gimbi town,ET040193,West Wellega,ET0401,Oromia,ET04,35.830735,9.168893
43182,Arb market,{56B1F563-24AE-480D-87A7-7AF474D000E9},Limu (OR),ET040201,East Wellega,ET0402,Oromia,ET04,36.544980,9.587172
43228,Arbi Gabiya,{2C8A5C8D-4360-46ED-83E1-630CD9591824},Limu (OR),ET040201,East Wellega,ET0402,Oromia,ET04,36.544928,9.587188
42769,LUBE MARKET CENTER,{776120BF-C502-4D70-B3E6-A01FAE672698},Ibantu,ET040202,East Wellega,ET0402,Oromia,ET04,36.373482,9.959101
42783,TERKANFI MARKET CENTER,{F1EBF0D3-970D-45E7-B7B1-5A6A4B20FFE4},Ibantu,ET040202,East Wellega,ET0402,Oromia,ET04,36.433958,10.160728
43669,Gobeta,{6C8CC791-28EE-4934-831D-39E9AAA2B057},Gida Ayana,ET040203,East Wellega,ET0402,Oromia,ET04,36.715355,9.964050
43457,DIBA BASHIR MARKET PLACE,{80A5F10D-C438-4A8F-A9AF-72C51BD31BA4},Haro Limu,ET040204,East Wellega,ET0402,Oromia,ET04,36.290347,10.062505
43767,JIMATE,{FA4BDF22-DF70-4269-824A-02C263F50DFF},Boneya Boshe,ET040205,East Wellega,ET0402,Oromia,ET04,37.064717,8.935705
43812,Bata Beseq,{E9387D7B-EC69-4B40-8ED5-FBD4B95ACF5E},Wayu Tuka,ET040206,East Wellega,ET0402,Oromia,ET04,36.600700,8.976113
43814,Biftu ketema,{7078FEA4-D504-465C-B6F9-E629BAA14DBA},Wayu Tuka,ET040206,East Wellega,ET0402,Oromia,ET04,36.600723,8.976070
43816,Bata basaqa,{B02FA7FF-1161-4CCB-A620-C2F7B35515B1},Wayu Tuka,ET040206,East Wellega,ET0402,Oromia,ET04,36.600725,8.976070
43833,Mokofa,{9DA9723C-B2F5-49A3-901F-CEEA9FB5C171},Wayu Tuka,ET040206,East Wellega,ET0402,Oromia,ET04,36.741317,8.933307
43578,ZANGI GABAYA BOTA,{335D3520-8864-45EA-9B11-12CDBE101307},Bila Seyo,ET040207,East Wellega,ET0402,Oromia,ET04,36.961383,9.375997
42959,caffe jalale,{98953487-6341-4EB8-85D7-B18277ED7293},Sibu Sire,ET040209,East Wellega,ET0402,Oromia,ET04,36.788100,9.051595
42978,BECHERU,{5830EF84-390B-476C-8B2A-CBAE3D9E183B},Sibu Sire,ET040209,East Wellega,ET0402,Oromia,ET04,36.921142,9.155148
42985,Baro Xixita,{4B2DF51E-9606-4BA1-A1BB-FD2800DE71BE},Sibu Sire,ET040209,East Wellega,ET0402,Oromia,ET04,36.881195,9.225227
42997,HAGALO,{E2201E50-4EC0-45DC-A2FE-10B1A5FAC654},Sibu Sire,ET040209,East Wellega,ET0402,Oromia,ET04,36.791558,9.204452
42999,HAGALO TULEM,{9E5986A5-05D9-4729-BBD6-E2E72F0A7D8A},Sibu Sire,ET040209,East Wellega,ET0402,Oromia,ET04,36.798648,9.223832
43019,Bassu,{818F648A-5E48-4953-943B-32B83AF9DB79},Sibu Sire,ET040209,East Wellega,ET0402,Oromia,ET04,36.627055,9.296222
43737,Oda Gudina,{F98AFD6F-2FF0-4FC5-A555-FE9B0733737A},Diga,ET040210,East Wellega,ET0402,Oromia,ET04,36.439022,8.992907
43742,Wayesa,{88CE1665-247F-44FD-B03A-045452AF6DA9},Diga,ET040210,East Wellega,ET0402,Oromia,ET04,36.203586,9.096265
43118,SIGE MARKET CENTER,{ACA88969-F981-4100-B197-EF30ED0E07BF},Sasiga,ET040211,East Wellega,ET0402,Oromia,ET04,36.505678,9.188437
43261,ye Fachase gebiya,{2440614C-E283-4626-8EBD-C54BBCAA9134},Leka Dulecha,ET040212,East Wellega,ET0402,Oromia,ET04,36.315675,8.895085
43245,Fachase Gebiya,{30817DE8-F252-40C8-8D3A-5B4805C9A722},Guto Gida,ET040213,East Wellega,ET0402,Oromia,ET04,36.528433,8.974180
43508,Jarso Tolera Gabaya bota,{BE7E654D-6639-45E7-8240-01255E565DA0},Guto Gida,ET040213,East Wellega,ET0402,Oromia,ET04,36.565500,9.268548
43530,Ye Jimate Gebiya,{9A2955A3-72C2-439F-930C-19A8E03ED9B6},Guto Gida,ET040213,East Wellega,ET0402,Oromia,ET04,36.657810,9.141718
43537,Ye Mayeti Gabaya,{6CBD6EDF-A5BE-45FF-9D55-0532091FD3FB},Guto Gida,ET040213,East Wellega,ET0402,Oromia,ET04,36.690997,9.317113
43352,jimate market center,{7C0F4415-791C-4181-9704-B55161F7AFF9},Jimma Arjo,ET040214,East Wellega,ET0402,Oromia,ET04,36.479315,8.789732
43419,haro kumba gabiha,{650F2BD1-C979-4727-BEA8-73D7D535ADAB},Jimma Arjo,ET040214,East Wellega,ET0402,Oromia,ET04,36.608410,8.819320
42811,Daba Market center,{8F404F5D-18DD-4AB8-926E-46D006A1FEA8},Wama Hagalo,ET040216,East Wellega,ET0402,Oromia,ET04,36.886172,8.696578
42875,Daba Market center,{303BD989-131B-4A9F-A33F-627D07E06059},Wama Hagalo,ET040216,East Wellega,ET0402,Oromia,ET04,36.886172,8.696578
43288,BADESA,{25F88A95-D2B6-4BEB-BB88-675B70571B54},Kiremu,ET040217,East Wellega,ET0402,Oromia,ET04,36.806138,9.841215
43318,Badesa,{7F9BE11F-84CA-42F2-AFCE-6916C6ECAD7F},Kiremu,ET040217,East Wellega,ET0402,Oromia,ET04,36.804183,9.843112
43340,ASHU,{015B5BE0-0445-4833-BD58-7762F7B3F5B5},Kiremu,ET040217,East Wellega,ET0402,Oromia,ET04,36.754470,10.002335
41097,Bena_2,{66317C07-DD94-49C7-918C-54D1D1B1755D},Darimu,ET040301,Ilu Aba Bora,ET0403,Oromia,ET04,35.215415,8.676937
41111,Bekelcha,{4A462795-69EC-45F0-BC5D-B69DEABDC4E8},Darimu,ET040301,Ilu Aba Bora,ET0403,Oromia,ET04,35.165623,8.686937
41115,Bufata,{418FD4DC-C0B4-41A8-8446-169587F7DECC},Darimu,ET040301,Ilu Aba Bora,ET0403,Oromia,ET04,35.222373,8.641685
41125,Gobora,{A5F800A0-FD60-472A-ADBB-83386FFFB775},Darimu,ET040301,Ilu Aba Bora,ET0403,Oromia,ET04,35.372607,8.663362
41152,Jimate,{098E0AA7-3549-402E-A543-6AD51DD6F9EA},Darimu,ET040301,Ilu Aba Bora,ET0403,Oromia,ET04,35.418195,8.740103
41159,Guri,{D17AE0B6-CDF5-400A-AC5E-A2C3554176C5},Darimu,ET040301,Ilu Aba Bora,ET0403,Oromia,ET04,35.558682,8.608977
40953,Kame wato gebeya,{9A312412-5AE5-4B19-877E-B3A725E46E74},Alge Sachi,ET040302,Ilu Aba Bora,ET0403,Oromia,ET04,35.618997,8.599107
40959,Hadaf Quti Gebeya bota,{1E2BB389-A41F-4D9F-BA3E-A4AAD829E4DE},Alge Sachi,ET040302,Ilu Aba Bora,ET0403,Oromia,ET04,35.697753,8.649658
40976,Jimate Gebeye bota,{16561163-D1BB-4E47-98BC-F297F2E35ED6},Alge Sachi,ET040302,Ilu Aba Bora,ET0403,Oromia,ET04,35.947380,8.534768
40987,Ye Adosa Sosob,{A0A63A9C-653A-455C-A992-4C7F57A61887},Alge Sachi,ET040302,Ilu Aba Bora,ET0403,Oromia,ET04,35.833668,8.633604
40991,Sachi Gebeya,{BDA85559-2EDC-4448-AB1F-F1693981FE50},Alge Sachi,ET040302,Ilu Aba Bora,ET0403,Oromia,ET04,35.927478,8.579900
41000,Kame wato gebeya,{95888EEC-C379-41DE-B237-CFF5185ECCC2},Alge Sachi,ET040302,Ilu Aba Bora,ET0403,Oromia,ET04,35.618997,8.599107
41006,Hadaf Quti Gebeya bota,{017C3C2E-16B5-4039-BECC-0954912AE286},Alge Sachi,ET040302,Ilu Aba Bora,ET0403,Oromia,ET04,35.697753,8.649658
41023,Jimate Gebeye bota,{6228AEB1-329B-4C86-92C7-959AF2DE5CCE},Alge Sachi,ET040302,Ilu Aba Bora,ET0403,Oromia,ET04,35.947380,8.534768
41034,Ye Adosa Sosob,{BD8024F3-57BD-4BDF-9B9F-5E2AFE3DDF64},Alge Sachi,ET040302,Ilu Aba Bora,ET0403,Oromia,ET04,35.833668,8.633604
41038,Sachi Gebeya,{2A95DCDB-1BEB-4531-9216-0442CECC8C35},Alge Sachi,ET040302,Ilu Aba Bora,ET0403,Oromia,ET04,35.927478,8.579900
41344,I\A\dinka,{6ABCC9A1-038B-4EE8-8381-76EEAD0615F5},Yayu,ET040309,Ilu Aba Bora,ET0403,Oromia,ET04,35.901043,8.285603
41370,senbo gebeya,{BA5EA264-585E-490A-ADA9-E31A0FDDE787},Yayu,ET040309,Ilu Aba Bora,ET0403,Oromia,ET04,35.978695,8.385293
41391,Ye yamboo,{01CC5AA5-61C0-4D05-B8DC-C715881919EC},Yayu,ET040309,Ilu Aba Bora,ET0403,Oromia,ET04,36.023032,8.330979
40913,GABA KAMISA,{FD9831E6-D351-4271-AD6C-E64529AA8A29},Becho (Ilu Aba Bora),ET040314,Ilu Aba Bora,ET0403,Oromia,ET04,35.725350,8.000567
41048,Kodine,{1BD3C1EA-BB29-4940-B817-24D6052F6D3B},Bilo Nopha,ET040315,Ilu Aba Bora,ET0403,Oromia,ET04,35.519830,8.401965
41273,Keresi Merket,{A24D98FB-81F3-48B0-BC17-9A6D95147FF9},Hurumu,ET040316,Ilu Aba Bora,ET0403,Oromia,ET04,35.810076,8.188440
41207,Yula Kola Kebele Gebiha Bot,{CB7023AB-B39A-4E49-9104-D61D5B386722},Didu,ET040317,Ilu Aba Bora,ET0403,Oromia,ET04,35.693983,7.882997
41235,Laqe,{A0711B76-730B-4C09-B028-674F8B4B14D4},Halu /Huka,ET040319,Ilu Aba Bora,ET0403,Oromia,ET04,35.270958,8.217785
41215,Hena gabiya,{51231D20-A13C-4C18-A834-60B998598BBF},Dorani,ET040324,Ilu Aba Bora,ET0403,Oromia,ET04,35.751113,8.438872
41227,Ye Warrabbo Gebeya Bota,{C6507752-743E-423E-91F9-4CA7E38B981E},Dorani,ET040324,Ilu Aba Bora,ET0403,Oromia,ET04,35.886881,8.451188
41231,Hoda abo gebeya,{1009A3B2-B674-4750-9EA5-B5A2F7E7EAB6},Dorani,ET040324,Ilu Aba Bora,ET0403,Oromia,ET04,35.992427,8.427017
40021,ye gebeya bota,{9BB014F9-40FE-49B9-B04F-03FE4F087C62},Limu Seka,ET040401,Jimma,ET0404,Oromia,ET04,36.958026,8.488967
40024,ALELU WERKE,{13CC90C8-28AD-4B20-8826-4289F3AEE7C4},Limu Seka,ET040401,Jimma,ET0404,Oromia,ET04,36.981017,8.505377
40033,Ye Kurno Mandesa Gebiya Bota,{66385AFF-262F-421F-A187-46192309938A},Limu Seka,ET040401,Jimma,ET0404,Oromia,ET04,36.919881,8.575105
40064,cheri alga,{A213286B-F251-40D4-AECF-DA8A2B6E66AC},Limu Seka,ET040401,Jimma,ET0404,Oromia,ET04,36.925058,8.605158
40076,MAMA MAREBO,{23A73A74-F674-4DE0-9677-21F960A45D46},Limu Seka,ET040401,Jimma,ET0404,Oromia,ET04,36.718842,8.493562
40087,ye Koma Kebtoch Gebeya Bota,{499A0FBD-0AD1-4DC8-A398-91C83E0A09E9},Limu Seka,ET040401,Jimma,ET0404,Oromia,ET04,36.851108,8.443840
40100,GEBIYA MEDA,{F9E7CE2A-811A-4144-9035-5BA6FA0E7271},Limu Seka,ET040401,Jimma,ET0404,Oromia,ET04,36.842638,8.202067
40145,Danaba gebeya meda,{004900DA-F723-4D97-AEB7-B83C5F4945E2},Limu Seka,ET040401,Jimma,ET0404,Oromia,ET04,36.776872,8.295918
40166,Bontu Gebeya,{69D7F0F9-CD9F-4FEE-8E27-F22822173669},Limu Seka,ET040401,Jimma,ET0404,Oromia,ET04,37.045493,8.435478
40167,RAYA,{51D9A9EA-7F7E-4D6A-A8B9-C1F13012D33C},Limu Seka,ET040401,Jimma,ET0404,Oromia,ET04,37.055670,8.444840
40173,MOTTE GALF\ESA,{E3677BAB-43FC-49D3-9656-C3A52DF03038},Limu Seka,ET040401,Jimma,ET0404,Oromia,ET04,36.872102,8.527519
40174,SAQA,{0E3686C5-01D2-4DFC-9755-ADBD8CE985C1},Limu Seka,ET040401,Jimma,ET0404,Oromia,ET04,36.939659,8.201435
40175,DAMME,{330A1B2E-5B71-4E5B-995A-D0138E4EB8DB},Limu Seka,ET040401,Jimma,ET0404,Oromia,ET04,36.799219,8.345649
40176,ANBABESA,{6BE1335D-EF6A-48D7-857F-C38CCAD23839},Limu Seka,ET040401,Jimma,ET0404,Oromia,ET04,36.812937,8.607519
40194,Chime,{E9348194-9213-4DA5-B982-0B6D48D29BFC},Limu Kosa,ET040402,Jimma,ET0404,Oromia,ET04,36.995530,8.144827
40224,Kemise,{B92BF251-F5F1-4ACD-AD3D-FAB8636D91CD},Limu Kosa,ET040402,Jimma,ET0404,Oromia,ET04,36.905520,7.924217
40294,Kidame,{C8DA65A8-5325-4B8D-85EC-7817A3E92D2B},Limu Kosa,ET040402,Jimma,ET0404,Oromia,ET04,36.999993,8.037356
40305,Harawa kata,{6A5552B4-D796-48B3-8008-08783F5657A5},Limu Kosa,ET040402,Jimma,ET0404,Oromia,ET04,37.048973,8.094883
40375,Koticha1,{569C8B2E-0A29-4CF5-AFAA-C3B2E5665FD4},Limu Kosa,ET040402,Jimma,ET0404,Oromia,ET04,37.135525,8.097573
40387,Chora 1,{7A40080E-BE73-4823-8237-F6690E58262A},Limu Kosa,ET040402,Jimma,ET0404,Oromia,ET04,37.224123,8.121008
40396,Adis Limat Gebiya bota,{3AAB4941-FF04-481B-9E61-CCDC0266BE7D},Limu Kosa,ET040402,Jimma,ET0404,Oromia,ET04,36.831348,8.100463
40415,RobGebeya,{9B626448-3EEB-4EBD-A2C6-A8F736825257},Limu Kosa,ET040402,Jimma,ET0404,Oromia,ET04,36.779962,8.065483
38897,kumbi market,{FA0D0A11-14BE-4130-9C10-02603C721DB5},Sekoru,ET040403,Jimma,ET0404,Oromia,ET04,37.491115,8.127400
38906,Ye Gebejero Gebiya bota,{E1ED2955-0DA9-4970-8B5B-A9731B645E78},Sekoru,ET040403,Jimma,ET0404,Oromia,ET04,37.521263,8.012035
38911,kumbi market,{3DD74988-15B6-4A97-B127-505E2D107D7E},Sekoru,ET040403,Jimma,ET0404,Oromia,ET04,37.491115,8.127400
38917,kumbi market,{2F41A51C-55C6-4D4D-9580-6141FBE196B7},Sekoru,ET040403,Jimma,ET0404,Oromia,ET04,37.491115,8.127400
38919,kumbi market,{BFE9F3AF-55F4-44BB-96D7-D1451B8E80F0},Sekoru,ET040403,Jimma,ET0404,Oromia,ET04,37.491115,8.127400
38922,kumbi market,{089BC780-4546-4EA3-8BB3-AA31ACC1D1CE},Sekoru,ET040403,Jimma,ET0404,Oromia,ET04,37.491115,8.127400
38937,Ya Gebjiro Gebeyia Meda,{C653C06F-A498-4F02-9AD1-5E3F79D9020C},Sekoru,ET040403,Jimma,ET0404,Oromia,ET04,37.521482,8.011495
38950,Ya Gebjiro Gebeyia Meda,{494953E0-7EA5-4EEA-9E79-1F0302FEA036},Sekoru,ET040403,Jimma,ET0404,Oromia,ET04,37.521482,8.011495
39176,kumbi market,{C8657B3D-FFDA-4594-8DEA-310F7E2556B7},Sekoru,ET040403,Jimma,ET0404,Oromia,ET04,37.491115,8.127400
38682,qersaa gebiyaa,{5FD7F0E4-FC6B-4920-A54E-704AC763DD73},Tiro Afeta,ET040404,Jimma,ET0404,Oromia,ET04,37.212460,7.898112
38705,ye micha kebele gebeya bota,{79BD84F7-9988-4E7D-86EB-C3194659D366},Tiro Afeta,ET040404,Jimma,ET0404,Oromia,ET04,37.287077,7.989910
38709,YE SEB GEBYS,{5E96CD0D-EBAF-4A26-A7C0-165533001004},Tiro Afeta,ET040404,Jimma,ET0404,Oromia,ET04,37.263448,7.923835
38712,jorbo,{2939DDE4-66C2-4413-B697-976384A50414},Tiro Afeta,ET040404,Jimma,ET0404,Oromia,ET04,37.171190,7.909570
38714,Gebay gudaa,{5D7FADB8-F388-4B5C-8F6E-DA320E677078},Tiro Afeta,ET040404,Jimma,ET0404,Oromia,ET04,37.171387,7.909485
38754,YE ROBI GABIYA(ARIBI) BOTA,{E03A7A26-7193-4E99-8A67-65DA3CA4E02B},Tiro Afeta,ET040404,Jimma,ET0404,Oromia,ET04,37.357817,7.933898
38757,ye gebera gebeya bota,{EEFF7147-A98F-4A14-999A-C98F6F44FCD2},Tiro Afeta,ET040404,Jimma,ET0404,Oromia,ET04,37.360298,7.967390
38770,qajelo,{732B6999-D1F1-400F-866C-2BAE9D8D0DEA},Tiro Afeta,ET040404,Jimma,ET0404,Oromia,ET04,37.125547,7.972322
40442,Badesa gebeya,{7A8CA301-8476-4B83-87A7-6C93752D9D09},Kersa (Jimma),ET040405,Jimma,ET0404,Oromia,ET04,36.915167,7.612358
40452,Kalacha Market Center,{0D435DBF-67D2-4D8B-B414-9746CD4B4529},Kersa (Jimma),ET040405,Jimma,ET0404,Oromia,ET04,36.958917,7.629957
40455,Kujo Muja Market Center,{9F752D9C-5B8C-4B02-85EC-44EC9502047B},Kersa (Jimma),ET040405,Jimma,ET0404,Oromia,ET04,36.885975,7.723633
40466,kamise,{31E00F70-F2DE-4C09-BF54-038C980C2C78},Kersa (Jimma),ET040405,Jimma,ET0404,Oromia,ET04,37.095092,7.713103
40482,Ye wadukko Gebeya Bota,{8750D6B8-5356-4CC7-BE5F-757A39B1708C},Kersa (Jimma),ET040405,Jimma,ET0404,Oromia,ET04,37.091945,7.766643
40489,Jimate  busa gebeya,{D437740B-D476-4668-A5A2-8E63FF73A595},Kersa (Jimma),ET040405,Jimma,ET0404,Oromia,ET04,37.041382,7.806455
40499,Sunkulle addiminstration,{B7604311-7E7C-42E2-93D2-D052109C014A},Kersa (Jimma),ET040405,Jimma,ET0404,Oromia,ET04,37.160412,7.844428
40502,Kersa gebeya,{1E02275D-2F98-474A-9485-BBF4629B6683},Kersa (Jimma),ET040405,Jimma,ET0404,Oromia,ET04,37.182982,7.835115
40506,Wacho gebeya,{405FC161-02DC-4417-B051-6ADFB6B3D6D3},Kersa (Jimma),ET040405,Jimma,ET0404,Oromia,ET04,37.106410,7.813590
40510,Koci,{0FFE5C40-8F86-4696-A416-397A17BFDB87},Kersa (Jimma),ET040405,Jimma,ET0404,Oromia,ET04,36.917615,7.756272
40513,Adami gebeya,{B2F2ED4A-3EA2-47C5-92CD-09F4D38FD703},Kersa (Jimma),ET040405,Jimma,ET0404,Oromia,ET04,36.989895,7.796038
40518,Shewatotobi gebaya,{CDC45358-77EE-4D22-A661-69A77AE16B84},Kersa (Jimma),ET040405,Jimma,ET0404,Oromia,ET04,36.892060,7.809362
40521,Ye Qaqe Gebeya bota,{7F338606-DB0F-42EC-864B-8135E01E2EE3},Kersa (Jimma),ET040405,Jimma,ET0404,Oromia,ET04,36.912404,7.806325
40527,Wale  gebeya,{D489A6F3-B723-4B68-A11F-BEE087568EB4},Kersa (Jimma),ET040405,Jimma,ET0404,Oromia,ET04,37.094143,7.903042
40543,kamise,{D9854435-50B4-45A5-9609-29F3172CC11A},Kersa (Jimma),ET040405,Jimma,ET0404,Oromia,ET04,37.046203,7.937232
40545,fitate market center,{F74C4F0A-3E5B-409E-8CB0-61C9D5F2E71E},Kersa (Jimma),ET040405,Jimma,ET0404,Oromia,ET04,37.065995,7.956938
39929,Bebela kara,{1F99A651-31AA-4AB4-89E1-A5EDCB7A51F8},Mena (Jimma),ET040406,Jimma,ET0404,Oromia,ET04,36.853458,7.750680
39930,Babala kara,{6E647465-C662-4995-8F9A-AD3952860A66},Mena (Jimma),ET040406,Jimma,ET0404,Oromia,ET04,36.853332,7.750910
39935,welo sefer,{707DC01A-B4D6-4696-A8DF-1E672309B2DD},Mena (Jimma),ET040406,Jimma,ET0404,Oromia,ET04,36.762547,7.843162
38636,CHOCHE MARIKET CENITER,{1D60F608-949F-47A5-BA43-FCD31A346EA2},Goma,ET040407,Jimma,ET0404,Oromia,ET04,36.659450,7.896447
40622,ye sadi loya gebeya meda,{8CCE6340-861A-41C7-9B7B-71F39FB47CC9},Gera,ET040408,Jimma,ET0404,Oromia,ET04,36.422223,7.787348
40643,ye boge gebaye meda,{858F0FF3-B865-40C8-B049-52C1F5E0E268},Gera,ET040408,Jimma,ET0404,Oromia,ET04,36.403908,7.845247
40644,DEDO GEBEYA,{02F35A49-4583-4642-BF44-F0C9A8D2012F},Gera,ET040408,Jimma,ET0404,Oromia,ET04,36.385842,7.867912
40652,ye dusta kabti tera,{FA0D49CB-9F8B-4D30-A9D5-FF48EF8C7E20},Gera,ET040408,Jimma,ET0404,Oromia,ET04,36.190389,7.743124
40656,ye dusta begi tera,{55A3ACC6-73A5-49CC-A5B1-30FB6B30683E},Gera,ET040408,Jimma,ET0404,Oromia,ET04,36.190719,7.745138
40657,Ye dusta gebaye meda,{B67D95CC-AF76-4080-B96E-586356790C2F},Gera,ET040408,Jimma,ET0404,Oromia,ET04,36.187529,7.748729
40662,Geba,{A359503B-F063-4F2E-88B5-D90BA8DA0986},Gera,ET040408,Jimma,ET0404,Oromia,ET04,36.014107,7.726979
40689,Kayiche Chariko market Center,{420D9612-4FCD-449D-9BCA-DB3A1EC944BD},Gera,ET040408,Jimma,ET0404,Oromia,ET04,36.048345,7.599151
40699,Kubo Salaja Gabeya Maekel,{4FC4E5A5-28E9-4C40-8AC8-E559C04EE4BF},Gera,ET040408,Jimma,ET0404,Oromia,ET04,36.304202,7.856820
40705,Ye Kola Kinbibit Gebeya Meda,{36A5AE42-F9C6-48F9-A920-80C09F063D27},Gera,ET040408,Jimma,ET0404,Oromia,ET04,36.415456,7.707059
40713,Ye bore gebaye meda,{B83CC440-E24A-4A05-9C76-EB5D35D877E9},Gera,ET040408,Jimma,ET0404,Oromia,ET04,36.294070,7.498234
40724,Bore gebeya Meda,{5A274965-0CE3-47A4-A3E1-6AB123CF669C},Gera,ET040408,Jimma,ET0404,Oromia,ET04,36.294114,7.498560
39523,,{0C19FE1F-9A9A-4F34-8368-05E421BBAB78},Seka Chekorsa,ET040409,Jimma,ET0404,Oromia,ET04,36.666292,7.565975
39527,,{8BFB1BCC-CDDA-4E7F-B8E5-10594D752759},Seka Chekorsa,ET040409,Jimma,ET0404,Oromia,ET04,36.613177,7.587078
39540,GABA ARIBI YEGABAYA BOTA,{D774774C-6C94-4B9F-B6A2-6924F75FBA6D},Seka Chekorsa,ET040409,Jimma,ET0404,Oromia,ET04,36.631777,7.649173
39544,saxama market senter,{52E43B12-EDB9-4AB5-910D-5B7F92D41316},Seka Chekorsa,ET040409,Jimma,ET0404,Oromia,ET04,36.676415,7.719113
39554,gare magala 2ffa,{7B3D34E0-1BF2-4742-B4C9-D328FDEF73AA},Seka Chekorsa,ET040409,Jimma,ET0404,Oromia,ET04,36.561117,7.703257
39567,Geeppa sadan,{67FD398D-CAEF-4979-B43B-4C3ADD436A17},Seka Chekorsa,ET040409,Jimma,ET0404,Oromia,ET04,36.462202,7.649698
39572,kochi market center,{495FF340-96E1-478B-9C72-63F856526543},Seka Chekorsa,ET040409,Jimma,ET0404,Oromia,ET04,36.623216,7.493178
39593,deto karsu market senter,{16905D5F-111A-434D-8A28-D69DFBA25793},Seka Chekorsa,ET040409,Jimma,ET0404,Oromia,ET04,36.718128,7.504155
39601,bakee gudoo market,{7BBB0343-D5C5-4DD2-9218-050C6569FE11},Seka Chekorsa,ET040409,Jimma,ET0404,Oromia,ET04,36.568462,7.634360
39612,,{A9AED780-0429-400B-BFFE-847119D8FFAE},Seka Chekorsa,ET040409,Jimma,ET0404,Oromia,ET04,36.622402,7.608945
40783,LALO,{661C8300-556B-4BD5-A90F-08B9DB954782},Dedo,ET040410,Jimma,ET0404,Oromia,ET04,36.779408,7.484143
40787,delbi,{B1FB51C1-ADE8-45C7-A02E-F1A26DD7CCBA},Dedo,ET040410,Jimma,ET0404,Oromia,ET04,36.870800,7.374565
40789,Omo gebeya,{D6918781-8582-43A4-8D77-6FC640C1074D},Dedo,ET040410,Jimma,ET0404,Oromia,ET04,36.892280,7.438535
40793,Moyye Market Center,{ED3FA6CE-1BA2-4700-ACF7-E74CEF682D33},Dedo,ET040410,Jimma,ET0404,Oromia,ET04,36.835748,7.338777
39623,Ye Ano Gebeya,{48A7CD3C-5DE3-4A0D-98F9-ED17A8BA49A0},Omo Nada,ET040411,Jimma,ET0404,Oromia,ET04,37.185732,7.575602
39630,Senyo Gaba,{2DF6C02B-213E-4A20-B3C0-74B5235F6495},Omo Nada,ET040411,Jimma,ET0404,Oromia,ET04,37.074557,7.640547
39631,Gaba Kamisa,{1B3D37F7-6004-427A-B07C-D02D8ECB4191},Omo Nada,ET040411,Jimma,ET0404,Oromia,ET04,37.071285,7.643915
39642,Jimate Gaba,{07298E27-F659-4EB9-84BD-8D6D0310EF18},Omo Nada,ET040411,Jimma,ET0404,Oromia,ET04,37.056925,7.625182
39643,Ye Arbi Gabaya,{9AEE1B82-93D1-4188-A147-38AF6B500657},Omo Nada,ET040411,Jimma,ET0404,Oromia,ET04,37.175195,7.532520
39670,Lafteka market center,{D13E4875-B85A-4D6B-B362-45FB389C4731},Omo Nada,ET040411,Jimma,ET0404,Oromia,ET04,37.187650,7.677710
38842,GETA GEBIYA MAYIKEL,{6A8D3692-7B51-464F-8431-9DA789D34A9A},Sigmo,ET040412,Jimma,ET0404,Oromia,ET04,36.047326,7.840791
39345,adis ketema gebaye,{B5BAEB19-6EA6-4DE5-9505-17E5950BB3D7},Setema,ET040413,Jimma,ET0404,Oromia,ET04,36.341153,8.042687
39429,JIMATE AKABABI,{D9DCE7D5-9D59-45B2-97F6-A14973884A7E},Setema,ET040413,Jimma,ET0404,Oromia,ET04,36.096978,8.045192
39512,Yradocha,{6B0F5EBD-B923-4A20-9C5A-543DE8B574E8},Setema,ET040413,Jimma,ET0404,Oromia,ET04,36.201624,7.871254
39182,bultuu abbaa tamaam suuq beet,{26D17630-F87B-4FDD-91C3-8B6C61063AA2},Shebe Sambo,ET040414,Jimma,ET0404,Oromia,ET04,36.383160,7.487030
39184,zeenabaa abbaa macca suuq,{8B7FA514-A3EB-4DC0-88DB-CF4ED7D06E93},Shebe Sambo,ET040414,Jimma,ET0404,Oromia,ET04,36.358978,7.479278
39186,israa'el hasan,{63521EC0-BB32-4E00-8B5D-C7905B3FA932},Shebe Sambo,ET040414,Jimma,ET0404,Oromia,ET04,36.382925,7.487233
39190,gaba sagno,{B39C7318-CC63-4078-8005-CDA3615180E8},Shebe Sambo,ET040414,Jimma,ET0404,Oromia,ET04,36.385897,7.636127
39194,abdulakim seefuu shashaqatibeeti,{85AA053E-838B-44C1-8FBE-11AAF9A4A842},Shebe Sambo,ET040414,Jimma,ET0404,Oromia,ET04,36.477500,7.484122
39195,suuqi maahamed kaamal abba guunbul,{1D174D6B-9573-4813-82F0-C70971C1D291},Shebe Sambo,ET040414,Jimma,ET0404,Oromia,ET04,36.482725,7.490630
39196,useeni abba dura,{FE9F267D-FF12-46F7-9334-33B7F03EE5DA},Shebe Sambo,ET040414,Jimma,ET0404,Oromia,ET04,36.482565,7.490417
39197,zaara abba ziiyadi shashaqati,{656795A6-4CAE-4F37-A883-E1B0CAFA049A},Shebe Sambo,ET040414,Jimma,ET0404,Oromia,ET04,36.476022,7.479290
39200,mahaammad abbaa macca oobcoo beet,{C7A571AA-D6B9-4CE8-A507-6991B8F7084F},Shebe Sambo,ET040414,Jimma,ET0404,Oromia,ET04,36.443662,7.553953
39205,mahaammad kamaal suuqbeet,{BA5F8BA9-7412-4D23-BE6A-0796E41F23FD},Shebe Sambo,ET040414,Jimma,ET0404,Oromia,ET04,36.443908,7.553685
39206,faaxee nuuruu suuqii beet,{7739F2BD-F328-4E8F-9F8B-A2F15BC64F7A},Shebe Sambo,ET040414,Jimma,ET0404,Oromia,ET04,36.445035,7.539905
39210,sebsib ababiya sooq,{125D3294-3C73-4ED9-AF9A-69CBEBECE41C},Shebe Sambo,ET040414,Jimma,ET0404,Oromia,ET04,36.422075,7.541512
39216,mohammed abamecha,{8928547F-7EC0-4683-B766-B5B9C11CA58E},Shebe Sambo,ET040414,Jimma,ET0404,Oromia,ET04,36.423568,7.564633
39235,sonbo gebeya meda,{0C938949-C0FA-4DE5-818D-70D05384E5AF},Shebe Sambo,ET040414,Jimma,ET0404,Oromia,ET04,36.622062,7.555622
39250,Madad abbaa jihaad,{26B7A738-5176-4375-8140-C9021F05C34F},Shebe Sambo,ET040414,Jimma,ET0404,Oromia,ET04,36.492132,7.526522
39251,saalaa abbaa macca suuq,{F4DFF0FC-D74D-4386-A3D2-9CAD7A18B5DF},Shebe Sambo,ET040414,Jimma,ET0404,Oromia,ET04,36.486465,7.524793
39253,Biyyaa abbaa luleessaa,{F4CE9507-5059-4A82-923C-0A52E4BBA2E0},Shebe Sambo,ET040414,Jimma,ET0404,Oromia,ET04,36.491220,7.525913
39254,Haavis amad suuq,{8D617EB4-098E-47BD-BF88-823D2DAE237C},Shebe Sambo,ET040414,Jimma,ET0404,Oromia,ET04,36.487555,7.525703
39255,kochito sooq,{FD6B56D1-4550-450B-A36F-7CB0383B1912},Shebe Sambo,ET040414,Jimma,ET0404,Oromia,ET04,36.428878,7.472130
39256,Melese sooq,{EC491DAD-9B29-4786-803E-B95DC4A3277C},Shebe Sambo,ET040414,Jimma,ET0404,Oromia,ET04,36.412545,7.454473
39257,Hagos sooq,{26EEC0F2-D6AD-4881-A735-24EF5B745C92},Shebe Sambo,ET040414,Jimma,ET0404,Oromia,ET04,36.422020,7.464610
39258,Adamu agago sooq,{882BFBA9-CB67-4048-BCE0-5BA674FB800B},Shebe Sambo,ET040414,Jimma,ET0404,Oromia,ET04,36.418058,7.459580
39259,Gebeyehu sooq,{B1B5C814-72B1-461D-B6E7-14643B98E2EB},Shebe Sambo,ET040414,Jimma,ET0404,Oromia,ET04,36.412308,7.454398
39271,Miifte abba goobiir suuqii beetii guura,{B1771C84-66AD-428B-8231-8D10DB576FB0},Shebe Sambo,ET040414,Jimma,ET0404,Oromia,ET04,36.500052,7.512043
39272,Abdullaakim seefuu shaqaxaa shaqax beet,{2E8CAAEF-BAA9-4BC1-A84F-62B74A89C133},Shebe Sambo,ET040414,Jimma,ET0404,Oromia,ET04,36.477500,7.484122
39275,Abdurahim abba jihad,{6513CC6C-CA82-4D5E-9A56-D62AE6C244B8},Shebe Sambo,ET040414,Jimma,ET0404,Oromia,ET04,36.528108,7.472643
39281,Awaali mudii suuqiibeetii,{19554217-29F7-4F3B-9A5C-BA8DB902461F},Shebe Sambo,ET040414,Jimma,ET0404,Oromia,ET04,36.446780,7.455007
39284,Yhaabayo baalyi suuqii beetii,{2BB5883F-E15A-45D3-814C-D565B8259559},Shebe Sambo,ET040414,Jimma,ET0404,Oromia,ET04,36.465533,7.449997
39290,Suki,{5F22C818-4C32-4328-88F6-B747FE4F80E3},Shebe Sambo,ET040414,Jimma,ET0404,Oromia,ET04,36.549382,7.485920
39292,Suki,{0DE028F0-1EDF-4DFB-A1BB-BCBC4B86D99A},Shebe Sambo,ET040414,Jimma,ET0404,Oromia,ET04,36.544913,7.491607
39293,Suk bet,{A7666E3B-3AC7-4060-8573-678E9316D5F7},Shebe Sambo,ET040414,Jimma,ET0404,Oromia,ET04,36.535413,7.491960
39297,Kishe,{7661CA2B-B388-45EC-9968-616FEBCB2015},Shebe Sambo,ET040414,Jimma,ET0404,Oromia,ET04,36.422848,7.463613
39305,Uaara abba ziiyadi shashaqati,{02B16E78-B69E-4FE9-BC7C-CE894FF17B2E},Shebe Sambo,ET040414,Jimma,ET0404,Oromia,ET04,36.476022,7.479290
39306,Mechi,{BB1693CE-E1E9-4140-AB50-9D472B4779E6},Shebe Sambo,ET040414,Jimma,ET0404,Oromia,ET04,36.350025,7.520622
39313,aliimaa abbaa luleessaa,{B49C75BC-2A48-41FE-BE53-31E17620C162},Shebe Sambo,ET040414,Jimma,ET0404,Oromia,ET04,36.444145,7.555162
39318,Angecha ketema,{DB90BA13-E06A-48FB-AE7E-088BBE70C84D},Shebe Sambo,ET040414,Jimma,ET0404,Oromia,ET04,36.394545,7.532007
39334,HARBU GEBEYA BOTA,{ADE8218F-1374-4F8B-A930-69AFF7A57666},Shebe Sambo,ET040414,Jimma,ET0404,Oromia,ET04,36.506220,7.596708
39336,HARO,{64D2059C-F1D5-470D-B1B5-D28ECFFDE1E3},Shebe Sambo,ET040414,Jimma,ET0404,Oromia,ET04,36.482092,7.543482
39339,Gemacho,{C35CD00B-35D3-4B51-A085-553E05EB1B71},Shebe Sambo,ET040414,Jimma,ET0404,Oromia,ET04,36.534990,7.611467
40794,Ye garee Bidhu,{77820F14-AA5B-4B76-8A74-553BE87FB79C},Chora (Jimma),ET040415,Jimma,ET0404,Oromia,ET04,37.142130,8.502914
40800,G/robii gabaya makali,{A3E56DB8-4E46-41D7-B250-103DE444AA81},Chora (Jimma),ET040415,Jimma,ET0404,Oromia,ET04,37.180262,8.500426
40802,K/D/Golu Gebeya bota,{0C4A54B5-183C-45D6-BA48-022F2A0615CA},Chora (Jimma),ET040415,Jimma,ET0404,Oromia,ET04,37.180447,8.500248
40815,Ye Agalo Menta Gebeya bota,{B3EB017C-44F8-4B64-91CD-7A56DB4134D1},Chora (Jimma),ET040415,Jimma,ET0404,Oromia,ET04,37.160167,8.232863
39767,Kusahe,{FC29455E-38E0-412E-BA1C-06A49BCA715B},Mancho,ET040490,Jimma,ET0404,Oromia,ET04,36.977025,7.401803
40763,Abdo Eshetu,{AD7C40D1-0EAA-4B7B-9C19-06EC6D22C957},Mancho,ET040490,Jimma,ET0404,Oromia,ET04,36.975923,7.543150
39682,Gona Beyyam market,{6B20F38F-C1CE-4DD5-9EAE-7EBE0A608544},Omo Beyam,ET040491,Jimma,ET0404,Oromia,ET04,37.183045,7.455012
39685,Karsa Market,{698007A8-2600-4CF3-8974-95FF404206CD},Omo Beyam,ET040491,Jimma,ET0404,Oromia,ET04,37.155800,7.443317
39686,Lafa gaba kejelo,{6102D1C2-205C-428C-B47B-0E3EEA161834},Omo Beyam,ET040491,Jimma,ET0404,Oromia,ET04,37.164073,7.502530
39694,Oda Buli,{849C99C9-8D10-4F2E-BD31-0D57C64D41E8},Omo Beyam,ET040491,Jimma,ET0404,Oromia,ET04,37.209818,7.497802
39695,Sombo Badala,{8E77949E-D876-41A7-B7FE-E5EEFC163199},Omo Beyam,ET040491,Jimma,ET0404,Oromia,ET04,37.140712,7.404607
39698,Toli Digo,{71D00F81-D99C-4784-889F-E21AB540CBD1},Omo Beyam,ET040491,Jimma,ET0404,Oromia,ET04,37.348988,7.554690
39701,OOMO DURI,{72A9D701-7897-43B2-ACBB-E5EEF36D510C},Omo Beyam,ET040491,Jimma,ET0404,Oromia,ET04,37.339253,7.499815
39702,Dada market,{3AD7A246-0B5F-4D94-8D3A-AC4F6B1A5535},Omo Beyam,ET040491,Jimma,ET0404,Oromia,ET04,37.330867,7.508600
39710,Sara Biftu Market Senter,{CA9C1A4F-BBED-4BB5-882A-A933204EC6D9},Omo Beyam,ET040491,Jimma,ET0404,Oromia,ET04,37.260202,7.462312
39711,Yela sasache,{5A23F76D-3696-43B6-A8B9-8BA5A918218D},Omo Beyam,ET040491,Jimma,ET0404,Oromia,ET04,37.274017,7.486542
39712,jimate,{7903D9B8-DBDD-4D3B-B0C5-C6EC33D1C43F},Omo Beyam,ET040491,Jimma,ET0404,Oromia,ET04,37.305817,7.437402
39713,Masgida Market Center,{B67E1010-76E7-46F2-8472-69E8DAD47668},Omo Beyam,ET040491,Jimma,ET0404,Oromia,ET04,37.330892,7.427590
39714,Kiltu Market Center,{203127B3-1780-46AC-97EB-2A8EE05D14FB},Omo Beyam,ET040491,Jimma,ET0404,Oromia,ET04,37.338598,7.444988
39723,Dasu Market Center,{4CDF2FE5-24C0-41D5-9164-C31434074727},Omo Beyam,ET040491,Jimma,ET0404,Oromia,ET04,37.238262,7.546667
39724,Kamise Market Center,{13CA3D26-38BA-44AD-BF34-5CD1F9E9F4CF},Omo Beyam,ET040491,Jimma,ET0404,Oromia,ET04,37.268585,7.541538
38724,ye karayu gebeya bota,{074D3726-F223-41D5-A732-DEFCADB4DFE6},Botor Tolay,ET040495,Jimma,ET0404,Oromia,ET04,37.326722,8.113785
40833,ye karayu gebeya bota,{9D8BCF4C-AC66-46C8-AD88-80AF994CF399},Botor Tolay,ET040495,Jimma,ET0404,Oromia,ET04,37.326722,8.113785
40850,Biftu Bari,{E3E64FDC-427B-4883-81B1-FCAB4BF56910},Botor Tolay,ET040495,Jimma,ET0404,Oromia,ET04,37.386783,8.285243
40875,Mender  Sebat Gebita bota,{AB45A05C-9B33-492B-B696-44BAC6E21A70},Botor Tolay,ET040495,Jimma,ET0404,Oromia,ET04,37.349107,8.391983
40881,Kata boso kebele gebeya bota,{84835150-4165-47BC-BCB7-0654F07E3F3A},Botor Tolay,ET040495,Jimma,ET0404,Oromia,ET04,37.337626,8.367884
40888,Kidame  gebeya,{56FD04C0-49D5-47D8-84A1-059AFC0D1069},Botor Tolay,ET040495,Jimma,ET0404,Oromia,ET04,37.294652,8.547675
40897,Botor Bacho,{2D68F269-9AF0-4F3B-8F65-CA1EDAC8DDFC},Botor Tolay,ET040495,Jimma,ET0404,Oromia,ET04,37.274348,8.366722
39731,,{D985CE51-8493-453F-9920-978A1543EB23},Nono Benja,ET040499,Jimma,ET0404,Oromia,ET04,37.175094,8.599756
39734,,{8BE8E0D9-211F-4638-AD18-E255E93DEB09},Nono Benja,ET040499,Jimma,ET0404,Oromia,ET04,37.026278,8.550558
39743,Lafa gabba Arbi,{A774530C-24BA-406C-A34A-3D4B3185A063},Nono Benja,ET040499,Jimma,ET0404,Oromia,ET04,37.144583,8.851772
39746,Ye Cawoo kebele Gebeya bota,{CA70C391-AA5A-43C7-88E2-67739ADC5DC7},Nono Benja,ET040499,Jimma,ET0404,Oromia,ET04,37.165937,8.814648
39749,cawoo marketi center,{84636874-CE8E-4BFC-B051-7DBF2836A50D},Nono Benja,ET040499,Jimma,ET0404,Oromia,ET04,37.166613,8.814384
51745,MARU GABIYA,{8F259FDC-E835-49CB-8AD5-920768847639},Illu Galan,ET040500,West Shewa,ET0405,Oromia,ET04,37.262460,8.910163
51755,Dano gabri'el Gabaya bota,{04146613-C627-4329-B55F-332F394604AD},Illu Galan,ET040500,West Shewa,ET0405,Oromia,ET04,37.307853,8.919830
51756,boshe gebiya safar,{8FF06568-6CD6-48D0-94EF-48AED2AF1930},Illu Galan,ET040500,West Shewa,ET0405,Oromia,ET04,37.281637,8.918975
51762,monday,{105041D5-DE26-4B77-976C-60EE3A5354BF},Illu Galan,ET040500,West Shewa,ET0405,Oromia,ET04,37.275950,9.057970
51769,ilala ihudi gebiya,{B104C3C6-5CC5-4B8D-A0E4-EFE4460F8CB8},Illu Galan,ET040500,West Shewa,ET0405,Oromia,ET04,37.259937,9.015622
51770,ilala hamus gebiya,{3BC89562-5AB0-496E-82FD-67CC0374D5A1},Illu Galan,ET040500,West Shewa,ET0405,Oromia,ET04,37.260830,9.018338
51669,Jame Goda bulo gabiya,{D227E7F6-F236-40AE-B870-409BD05ACACA},Ginde Beret,ET040501,West Shewa,ET0405,Oromia,ET04,37.736475,9.593364
51680,Abuye Roge hamus gebiya,{C509E1D3-757D-412C-88FD-01398A20A5FE},Ginde Beret,ET040501,West Shewa,ET0405,Oromia,ET04,37.755476,9.707648
51691,Darge rob gabiya,{3E2B0B4D-F0CA-4239-81F2-CF39C2C634BD},Ginde Beret,ET040501,West Shewa,ET0405,Oromia,ET04,37.691908,9.492053
51692,Basile gebiya,{51199402-75FB-4BC9-97C2-AEF6024B81AC},Ginde Beret,ET040501,West Shewa,ET0405,Oromia,ET04,37.679320,9.549753
51697,gaba kere sole,{87C70AB2-6F78-4AA6-A835-C99A4117FCC0},Ginde Beret,ET040501,West Shewa,ET0405,Oromia,ET04,37.754136,9.565195
51175,Golja Gebaya Bota,{284E0C07-C2CA-4842-B382-B80EE44E8346},Ambo Zuria,ET040503,West Shewa,ET0405,Oromia,ET04,37.994038,8.906346
51178,Altufa gabiya bota,{0A6773C8-32D0-47AD-AAA2-9770E6132156},Ambo Zuria,ET040503,West Shewa,ET0405,Oromia,ET04,37.891628,8.864325
51197,Ye Taltale Goba Kiltu Gebiya bota,{7B0B041B-420B-4C17-AD16-9ECD38E97869},Ambo Zuria,ET040503,West Shewa,ET0405,Oromia,ET04,37.931997,8.829857
51202,Hamus Gabiya,{7313B181-0FD9-4D92-8157-611445680AFF},Ambo Zuria,ET040503,West Shewa,ET0405,Oromia,ET04,37.802218,9.137280
51206,Qidame Market Center,{E369770A-D82B-450E-AEFC-2A04A5C5D7ED},Ambo Zuria,ET040503,West Shewa,ET0405,Oromia,ET04,37.848095,9.113017
51211,Gelan wadesa gabiya bota,{D212E952-C50C-477D-874F-AC4E3EAC67F5},Ambo Zuria,ET040503,West Shewa,ET0405,Oromia,ET04,37.777667,9.153407
51217,Diki Gabiya bota,{4A514CC7-2C54-4C7C-AE2D-B315408371E9},Ambo Zuria,ET040503,West Shewa,ET0405,Oromia,ET04,37.829157,9.097235
51228,Birbirsa Market center,{0470FB47-E08A-410C-9BF2-3F927590CCC4},Ambo Zuria,ET040503,West Shewa,ET0405,Oromia,ET04,37.765033,9.068293
51236,Yebirbisa ena Kulit gebiya bota,{7E72FD09-1C5E-408E-855D-18CDF6946DEC},Ambo Zuria,ET040503,West Shewa,ET0405,Oromia,ET04,37.764893,9.068189
51244,Ye Haruu Xiroo Robi Gabiya,{6BD125FF-4BB9-4B8A-97A4-1170E7F8350B},Ambo Zuria,ET040503,West Shewa,ET0405,Oromia,ET04,37.754608,9.111758
51261,Ye Robi Gabiya,{4FBB7877-0FFA-4A7E-B627-0E5BBD33F7FA},Ambo Zuria,ET040503,West Shewa,ET0405,Oromia,ET04,37.906052,9.098398
51263,Geba Quchure,{5C9ACF46-D59A-41FE-A116-8FCDDE478189},Ambo Zuria,ET040503,West Shewa,ET0405,Oromia,ET04,37.885647,9.071167
51959,kedamiye ye Gabiya bota,{831C7CF9-B64F-401E-9050-4AE072DBD9B1},Mida Kegn,ET040504,West Shewa,ET0405,Oromia,ET04,37.568397,9.148842
51972,Gabiya Sanbeta,{FB7D8209-AEBD-43A2-A8F6-5DC6B74E73C1},Mida Kegn,ET040504,West Shewa,ET0405,Oromia,ET04,37.411917,9.179627
51982,Gambela Lafagaba fachasa,{49DBBD3B-DEE7-4350-913B-2C1F24309211},Mida Kegn,ET040504,West Shewa,ET0405,Oromia,ET04,37.465790,9.231925
51983,lafagaba jimata [Arb gabaya],{FF06D837-6284-4299-A542-FA52C6A87AC2},Mida Kegn,ET040504,West Shewa,ET0405,Oromia,ET04,37.462233,9.231763
51984,Bitile gabaya bota,{637C2407-F2C1-4B76-9055-06578D21DFB0},Mida Kegn,ET040504,West Shewa,ET0405,Oromia,ET04,37.479667,9.184975
51988,Kidame Babiya,{89003D57-8292-4E4F-AB69-D7A81DA90D07},Mida Kegn,ET040504,West Shewa,ET0405,Oromia,ET04,37.640725,9.123928
52001,kombolcha gabaya,{5A2A62D8-13BE-4793-ABD1-5CC777DCB4D6},Mida Kegn,ET040504,West Shewa,ET0405,Oromia,ET04,37.622542,9.152133
52004,Bari gabaya bota,{3F2A9B89-CD37-40CE-8EA3-6AE1F88B25E2},Mida Kegn,ET040504,West Shewa,ET0405,Oromia,ET04,37.623165,9.075025
52005,Defino Gebya,{80CC2E0F-A0A8-4BF6-9774-065F3DFF8456},Mida Kegn,ET040504,West Shewa,ET0405,Oromia,ET04,37.591778,9.138833
52015,Gebakemisa,{922EF46C-5D09-429E-8FA8-D19F09C6AD0F},Mida Kegn,ET040504,West Shewa,ET0405,Oromia,ET04,37.400728,9.169808
51343,Necha ye Gebia bota,{A7968EAE-9B1D-4D90-AA66-0B23DAA07B35},Cheliya,ET040505,West Shewa,ET0405,Oromia,ET04,37.434660,8.925295
51353,Dese Gebaya,{759F9AC7-032E-4D1B-82F8-1575AAE6510D},Cheliya,ET040505,West Shewa,ET0405,Oromia,ET04,37.427658,9.103842
51365,Ye Bilo Gabiy,{42D81138-6043-4D93-B672-3EF434474510},Cheliya,ET040505,West Shewa,ET0405,Oromia,ET04,37.333890,9.125215
51367,Hamus gabiya,{1CC19F91-3F8D-4C83-AE84-40A0AF4AA507},Cheliya,ET040505,West Shewa,ET0405,Oromia,ET04,37.325548,9.114371
51384,Ye jarso Dirre Geda Market center,{6908CE68-D3F1-4020-9F4C-C8EB060163B2},Cheliya,ET040505,West Shewa,ET0405,Oromia,ET04,37.372150,9.109853
51870,bilo Meta kidame gabaya,{24C0DDC7-CE57-444E-B487-4C76F5305997},Nono,ET040508,West Shewa,ET0405,Oromia,ET04,37.415050,8.625174
51875,sambate gabaya bota,{F333E16A-FBD9-461A-A112-EC5A748C93A8},Nono,ET040508,West Shewa,ET0405,Oromia,ET04,37.457785,8.624338
51883,chando Gabaya Bota,{CCCADDC1-94C5-4893-B8A9-A17FDFAEB188},Nono,ET040508,West Shewa,ET0405,Oromia,ET04,37.510405,8.577968
51895,Shumo,{BD5D268A-3A99-4D72-944D-595CAA4E88EC},Nono,ET040508,West Shewa,ET0405,Oromia,ET04,37.497578,8.499998
51910,nano kondala ye gabiya Bota,{82AC6BB8-25FA-48CC-8BEA-E0B0A5799DA0},Nono,ET040508,West Shewa,ET0405,Oromia,ET04,37.515393,8.428525
51917,Hallo Dinki Maksagno gabia bota,{B412D7A1-7B41-48E1-97FC-71B66ED71836},Nono,ET040508,West Shewa,ET0405,Oromia,ET04,37.463232,8.440697
51936,Matu Silasie Yegabia bota,{2167BA7E-5387-4BAA-B341-397601CDE47E},Nono,ET040508,West Shewa,ET0405,Oromia,ET04,37.355533,8.572322
51943,senbete ye gabiya bota,{76508806-6473-491C-95AA-B13D14F698EA},Nono,ET040508,West Shewa,ET0405,Oromia,ET04,37.358855,8.625842
51539,kotiyye yegebiya bota,{AE1F5600-D818-44FE-A0CE-7EF51D606BCD},Tikur Enchini,ET040509,West Shewa,ET0405,Oromia,ET04,37.542333,8.772623
51542,Buyamaqochore gabaya bota,{23E80082-6E24-493F-8F28-03DC7F59D162},Tikur Enchini,ET040509,West Shewa,ET0405,Oromia,ET04,37.589787,8.804068
51556,KOLFE GABIYA MAHAKAL,{7A9C96E6-A369-439B-92D9-6BF0433C713B},Tikur Enchini,ET040509,West Shewa,ET0405,Oromia,ET04,37.661685,8.853172
51564,CALLE WALLAGA GABIYA MAHAKAL,{AB75B4C5-4606-4716-9BAB-3B1A4135BCE2},Tikur Enchini,ET040509,West Shewa,ET0405,Oromia,ET04,37.669986,8.708756
51566,Tokke laman gebiya bota,{C779522B-DFB6-4AD7-83AA-9E6A5454DFBC},Tikur Enchini,ET040509,West Shewa,ET0405,Oromia,ET04,37.628890,8.863507
51573,Bola Roge market center,{200807E0-D497-4286-9A44-9E9F23C39E86},Tikur Enchini,ET040509,West Shewa,ET0405,Oromia,ET04,37.719433,8.812522
51589,GABA JIMATA,{6C961A4D-399D-4CA6-999B-33555726C748},Ejere /Addis Alem,ET040511,West Shewa,ET0405,Oromia,ET04,38.388268,9.103449
51602,ILUAGA,{83D7FCE1-D8CA-40E0-9B8A-7B648F74E7E3},Ejere /Addis Alem,ET040511,West Shewa,ET0405,Oromia,ET04,38.409312,9.196633
51619,GULLIT MARKET CENTER,{CF027104-E90D-4000-9311-74E0739A0098},Ejere /Addis Alem,ET040511,West Shewa,ET0405,Oromia,ET04,38.346648,9.099428
51072,YE INCHINI KEBTOCH GABAYA MAHAKAL,{074D2671-5037-492C-B5E6-9A680EF9A968},Adda Berga,ET040513,West Shewa,ET0405,Oromia,ET04,38.373523,9.316960
52048,baka market center,{EBE9F098-E81B-4C62-88A0-AF99EA0B3DCA},Meta Robi,ET040514,West Shewa,ET0405,Oromia,ET04,38.271933,9.267713
52058,Haro wal qixe market center,{0DA8A016-C5A5-4942-8A26-43C2A38CFE22},Meta Robi,ET040514,West Shewa,ET0405,Oromia,ET04,38.164997,9.445937
52065,Warkewalensu ya Ihil gabeya bota,{E6B46CD9-6361-4D7A-B66A-B88E2E684864},Meta Robi,ET040514,West Shewa,ET0405,Oromia,ET04,38.173915,9.329303
52069,Gola kebele market center,{503AC68A-C941-4461-A1AA-7F6D24004473},Meta Robi,ET040514,West Shewa,ET0405,Oromia,ET04,38.188418,9.310195
51820,MUTULU,{9DA1E494-1331-4384-AC0B-565BF6148586},Toke Kutaye,ET040517,West Shewa,ET0405,Oromia,ET04,37.748927,8.887705
51823,UJUBA ARBI GEBIYA,{E992DBFE-BAA4-4BC7-8DCB-DF56E87EC310},Toke Kutaye,ET040517,West Shewa,ET0405,Oromia,ET04,37.819193,8.841038
51836,GABATA GEBIYA BOTA,{BEA64DF2-A428-4053-81F6-49BD0A70728D},Toke Kutaye,ET040517,West Shewa,ET0405,Oromia,ET04,37.726632,8.854297
51845,giMBI,{01B48242-2108-4E3D-B90E-638BA17FFC16},Toke Kutaye,ET040517,West Shewa,ET0405,Oromia,ET04,37.787077,8.807308
51861,ejere arfinji,{A758404F-2535-4194-AECC-03E300633024},Toke Kutaye,ET040517,West Shewa,ET0405,Oromia,ET04,37.665078,8.913297
51783,ROBI GABIYA,{9439B1DC-1677-4BF2-9CFB-519202A76B07},Jibat,ET040518,West Shewa,ET0405,Oromia,ET04,37.503283,8.684990
51786,GODAMOTI GEBA,{D2D63EAD-C026-4DD1-B55B-23E4FA8CEE90},Jibat,ET040518,West Shewa,ET0405,Oromia,ET04,37.531472,8.680488
51792,Alamgana Icha dika,{2C2514E4-F406-45E3-9FCA-0F0E7703EE12},Jibat,ET040518,West Shewa,ET0405,Oromia,ET04,37.483893,8.648638
52025,Iludanisa gabaya bota,{E83EC677-F1C8-4A62-A851-F4F8E0BD4823},Meta Walkite,ET040594,West Shewa,ET0405,Oromia,ET04,38.249900,9.466238
51021,BABOGALO,{210429A6-D86C-45AE-A1F0-492BD0278E9E},Liban Jawi,ET040597,West Shewa,ET0405,Oromia,ET04,37.536947,8.885462
51033,GODORA GEBAYA,{ECABFB50-FFBA-40D6-8D1A-60B4B9423DF1},Liban Jawi,ET040597,West Shewa,ET0405,Oromia,ET04,37.471115,8.854360
51045,Ye Darimu ketema Market Center,{93E10ED9-C4AE-47E7-9AE8-32D7B99BE363},Liban Jawi,ET040597,West Shewa,ET0405,Oromia,ET04,37.480410,8.916582
51049,Ye Robi Gebia,{A912CC7E-EABD-448A-B6EF-65BAEFE9A66C},Liban Jawi,ET040597,West Shewa,ET0405,Oromia,ET04,37.504949,8.925245
51802,GODORA GEBAYA,{4EC6256B-8FE8-4962-A0C4-9031B5A68AE5},Liban Jawi,ET040597,West Shewa,ET0405,Oromia,ET04,37.471115,8.854360
53127,Bilisa market center,{9F42DB31-0A59-4B14-A2FA-6B84C07CFCB5},Wara Jarso,ET040601,North Shewa (OR),ET0406,Oromia,ET04,38.136884,9.931621
52782,koortu Market center,{686988FF-C79B-4F71-B8AA-DCF38BE540FA},Dera (OR),ET040602,North Shewa (OR),ET0406,Oromia,ET04,38.524555,10.275584
52791,Sagno gabeya,{51892F4D-B5DB-4FEA-9387-E384E28CBF63},Dera (OR),ET040602,North Shewa (OR),ET0406,Oromia,ET04,38.591296,10.298081
52798,FINDKBEY,{E8108571-6C77-4EF7-B96D-FC2D027FF72D},Dera (OR),ET040602,North Shewa (OR),ET0406,Oromia,ET04,38.583956,10.296048
52823,YAYA,{7A987C1C-79D7-4504-9BD7-238E013C21A3},Dera (OR),ET040602,North Shewa (OR),ET0406,Oromia,ET04,38.715052,10.274027
52859,FINDKBEY,{30E3315D-D64F-4760-95C4-F5E06CB2B2D4},Dera (OR),ET040602,North Shewa (OR),ET0406,Oromia,ET04,38.583956,10.296048
52867,KOLU,{595FAB84-6399-44FA-9249-4623AB51E571},Dera (OR),ET040602,North Shewa (OR),ET0406,Oromia,ET04,38.813768,10.148962
52872,koortu Market center,{57818B81-ED00-4CC4-94F9-765AEDFF9D22},Dera (OR),ET040602,North Shewa (OR),ET0406,Oromia,ET04,38.524555,10.275584
53339,bonaya gabiye,{17115A88-5C43-4701-AE22-65E443B04306},Hidabu Abote,ET040603,North Shewa (OR),ET0406,Oromia,ET04,38.593738,10.015867
53244,JIMATA GORO MARKET,{C50F7976-4E21-4D4D-9421-8BA70399B9C0},Kuyu,ET040604,North Shewa (OR),ET0406,Oromia,ET04,38.161872,9.796426
53030,Kurkura,{0CAFADDC-B464-4718-979F-0DB553625012},Degem,ET040605,North Shewa (OR),ET0406,Oromia,ET04,38.627567,9.916402
53040,Kunde Gabaya bota,{428A8083-C0CE-425D-8152-6D815DCF42B9},Degem,ET040605,North Shewa (OR),ET0406,Oromia,ET04,38.517082,9.659573
53043,kidame gabaya,{FF77144B-E2E4-4637-A18D-91D82B3ECC2A},Degem,ET040605,North Shewa (OR),ET0406,Oromia,ET04,38.525132,9.708532
53403,gishe usumani gabiya jimata,{4A69102C-A09A-4B42-B1A2-F43D0434AE04},Gerar Jarso,ET040606,North Shewa (OR),ET0406,Oromia,ET04,38.732085,9.688291
53138,Machala Wartu Rob Gabaya,{8321EEAD-34E4-47A0-8676-427BA8030786},Debre Libanos,ET040607,North Shewa (OR),ET0406,Oromia,ET04,38.926148,9.600865
53162,Kara kidame gebia,{3C9BDB61-906F-4746-BE47-5B2A7873D248},Wuchale,ET040608,North Shewa (OR),ET0406,Oromia,ET04,38.752588,9.515078
53258,YE HAMUS GEBIYA MARET,{1DE53BE8-493E-495D-81E6-8E0C07C051EC},Kimbibit,ET040610,North Shewa (OR),ET0406,Oromia,ET04,39.257900,9.292133
53259,YE HAMUS KEBTOCH GEBIYA,{D0A81E3F-0E1E-49FD-A8A9-400309516FF4},Kimbibit,ET040610,North Shewa (OR),ET0406,Oromia,ET04,39.259805,9.291750
52689,jimat gabiya bota,{634AF661-2B1E-482A-826E-969214EF3BB8},Jida,ET040615,North Shewa (OR),ET0406,Oromia,ET04,39.035406,9.240367
53273,dega gora segno gabiya,{1324729D-ECAC-4984-8ACA-FF24034C2859},Jida,ET040615,North Shewa (OR),ET0406,Oromia,ET04,38.980030,9.289341
49332,deke eddo,{B71D13EE-21E9-4DCE-A41C-36DAB45BD50A},Fentale,ET040701,East Shewa,ET0407,Oromia,ET04,39.919558,8.910002
49403,SANBATE,{68BAC309-9799-444D-A84B-1B41E8A7DC2E},Fentale,ET040701,East Shewa,ET0407,Oromia,ET04,39.862795,8.779035
49628,ye Ardaga Gulite Gebeya,{07F11CDA-5B00-4574-AAA2-B68E16502101},Lome (OR),ET040704,East Shewa,ET0407,Oromia,ET04,39.172972,8.817983
49234,ye kemise gebeya.,{5FC8926B-9321-4840-900E-27E6638EE034},Gimbichu,ET040705,East Shewa,ET0407,Oromia,ET04,39.126485,9.044457
49246,doobii,{F2532598-56D5-451B-9A90-6295728AFF36},Gimbichu,ET040705,East Shewa,ET0407,Oromia,ET04,39.212912,8.987455
49269,Tulufara,{F7A6CAD1-9153-4F67-A06E-764C42CA8DCC},Gimbichu,ET040705,East Shewa,ET0407,Oromia,ET04,39.232248,8.903867
49272,Tulu fera Market senter,{497A1E8C-58D4-428C-8FBF-52A28711BD0B},Gimbichu,ET040705,East Shewa,ET0407,Oromia,ET04,39.232730,8.902885
49282,BITO MITAK,{5F23D40D-CF05-439C-929E-9425910118D8},Gimbichu,ET040705,East Shewa,ET0407,Oromia,ET04,39.198792,9.076567
49285,Bito mitak,{D0CEC8FA-A68F-4C01-AA73-D079A3FFDA0D},Gimbichu,ET040705,East Shewa,ET0407,Oromia,ET04,39.198175,9.076365
49315,Ye Embur gebeya,{5676AC32-5EA9-4C9B-A861-F14200DD72F5},Gimbichu,ET040705,East Shewa,ET0407,Oromia,ET04,39.270465,9.087248
49323,Lamafo Gabiya,{7E3A177F-6CC5-4FC6-AE0B-24C544BF124B},Gimbichu,ET040705,East Shewa,ET0407,Oromia,ET04,39.056043,8.988042
49330,shaka ye geter gebeya,{32C38B88-7604-4E71-AB4B-92FA7B011F9C},Gimbichu,ET040705,East Shewa,ET0407,Oromia,ET04,39.199608,8.881297
49616,Arb gebeya,{FA095D03-6E5E-434A-AFE7-E1EDB503C684},Ada'a,ET040706,East Shewa,ET0407,Oromia,ET04,39.145000,8.875097
49641,Dema gebeya,{3B2FC4EE-C6A3-437C-A381-40EFE4155663},Ada'a,ET040706,East Shewa,ET0407,Oromia,ET04,39.075072,8.925355
49644,Igilo yerer,{2F8DAE6E-890F-4CDA-8594-7DA92A02C94F},Ada'a,ET040706,East Shewa,ET0407,Oromia,ET04,38.963746,8.835145
49650,Kidame Gebeya,{860BE509-5256-4956-9CD1-580147D70391},Ada'a,ET040706,East Shewa,ET0407,Oromia,ET04,38.977173,8.591822
49656,bekajo gebeya,{16B70DD8-03E9-45DF-9775-F87D8876668E},Ada'a,ET040706,East Shewa,ET0407,Oromia,ET04,38.941132,8.615560
49426,CHAFÉ DENBAL HEBRAT SERA MAHABAR,{E5E6C44B-AB91-4846-B2DA-432E2FBC11D2},Dugda,ET040707,East Shewa,ET0407,Oromia,ET04,38.879325,8.159287
49442,KIDAME GEBEYA MEEKEL,{479CD26F-15D4-4813-950C-D1764A914620},Dugda,ET040707,East Shewa,ET0407,Oromia,ET04,38.603785,8.132898
49556,Werja Senga Tera,{B31F6E1A-5315-46D3-9CD5-33735131AE4D},Adama Tulu Jido Kombolcha,ET040708,East Shewa,ET0407,Oromia,ET04,38.702488,7.941992
49199,WODOJIRE GEBE,{1C99E090-9596-4289-80C5-9443408DD652},Liben Chukala,ET040711,East Shewa,ET0407,Oromia,ET04,38.839472,8.461258
50382,Ehud Gebeya,{C0A49882-3812-486F-A1CA-7BF2FBE4248A},Merti,ET040801,Arsi,ET0408,Oromia,ET04,39.778392,8.370472
50393,hela chisa gebeya,{89AFB466-B3F4-4A67-A453-04EAD270FF6B},Merti,ET040801,Arsi,ET0408,Oromia,ET04,39.936441,8.482303
50396,Nagelle gebeya,{29165A78-680D-4DBB-A351-58BB3128F493},Merti,ET040801,Arsi,ET0408,Oromia,ET04,39.697997,8.584907
50415,CHEFE BURKA SEFER,{1110AA55-6925-4DC6-9E02-4DDA38CE2575},Merti,ET040801,Arsi,ET0408,Oromia,ET04,39.766927,8.610052
49720,IRESA MARKET CENTER,{940EBC1F-F617-4FF0-8AA5-39B6E9B8C777},Aseko,ET040802,Arsi,ET0408,Oromia,ET04,40.082615,8.529365
50073,TB SEBATA GABAYA MAHAL,{CB831D26-EB65-45EB-A91C-7A9DBCB15BFA},Golocha,ET040803,Arsi,ET0408,Oromia,ET04,40.072366,8.134310
50252,HAMUS GEBEYA,{40A9A181-CDF2-4AD3-887F-A900799F938D},Jeju,ET040804,Arsi,ET0408,Oromia,ET04,39.599772,8.454430
50041,AMUDDE MARKET CENTER,{DC3DE267-6168-41C1-BAB0-2BE86BE14A8F},Dodota,ET040805,Arsi,ET0408,Oromia,ET04,39.093870,8.308869
50929,SAFERA GASORE HARBA GABAYA,{3F6BA32F-C535-4D8D-B6F6-F32B587F6419},Ziway Dugda,ET040806,Arsi,ET0408,Oromia,ET04,38.937375,7.978432
50793,sada marketplace,{9993A632-C2B5-4329-BAAC-6B98FF361AC5},Sude,ET040808,Arsi,ET0408,Oromia,ET04,39.758617,7.912508
50824,ye ula gadi,{A0D6D239-C329-49C6-A8C9-F41729FDFE34},Sude,ET040808,Arsi,ET0408,Oromia,ET04,40.030013,7.923901
49908,Waraagu,{3CF1AFDE-66BF-4573-A773-FE775E3A1B8D},Chole,ET040809,Arsi,ET0408,Oromia,ET04,39.987910,8.122592
49910,Cole ketama Gebaya meakal,{78B9E5EB-63D3-494A-98B7-FE9C1A8F189B},Chole,ET040809,Arsi,ET0408,Oromia,ET04,39.901087,8.138272
49691,Sede,{BB8046BF-6E5F-4CE4-B350-11B9E2EC8A91},Amigna,ET040810,Arsi,ET0408,Oromia,ET04,40.049872,7.799383
49876,Sede,{3047B2E3-F57C-41ED-96F5-CCE0FD6F73D3},Amigna,ET040810,Arsi,ET0408,Oromia,ET04,40.049872,7.799383
50711,GEBREKIRSTS YEGEBEYA MAIEKEL,{51E33968-81BC-4D20-82AB-11814415412B},Shirka,ET040814,Arsi,ET0408,Oromia,ET04,39.400029,7.560046
49975,Berkume Market center,{32043CDB-0E7A-4A79-8593-ED246470E540},Degeluna Tijo,ET040815,Arsi,ET0408,Oromia,ET04,39.029239,7.728977
49978,Keremara Gebeya mikel,{330E929A-7DD9-40D5-AC51-7C9F10698595},Degeluna Tijo,ET040815,Arsi,ET0408,Oromia,ET04,39.042887,7.789433
50435,gumguma,{10FBE7DC-50AE-4E31-9241-921BE45D51E5},Munessa,ET040817,Arsi,ET0408,Oromia,ET04,39.074940,7.510909
50491,laqicha,{8AAED3EF-1A48-44F4-8DA8-1B075F640B3D},Munessa,ET040817,Arsi,ET0408,Oromia,ET04,38.934270,7.383600
50272,BEREDU KOJI,{B57BDA1D-4834-439F-AB8A-B53977569654},Limu Bilbilo,ET040818,Arsi,ET0408,Oromia,ET04,39.120888,7.555015
50294,KATAMA,{9123EA12-0D37-4D59-9E0F-416F9A27247B},Limu Bilbilo,ET040818,Arsi,ET0408,Oromia,ET04,39.370772,7.344693
50308,U/HASA GABIYA,{F972C694-F57E-4E5A-99AC-429EF7B63151},Limu Bilbilo,ET040818,Arsi,ET0408,Oromia,ET04,39.317854,7.480962
50142,Wel Argi bobe gebeya,{2939710B-75C2-4BF0-9BE6-A09A5DF79065},Guna,ET040819,Arsi,ET0408,Oromia,ET04,39.955547,8.314288
50145,Kidame Gebeya,{80F0450C-9D5E-4010-B9FE-9757C206DA8B},Guna,ET040819,Arsi,ET0408,Oromia,ET04,40.019111,8.400559
50741,Lode lemefo,{D0A7A49A-99ED-43B9-A1DA-C6BA61E9E99C},Sire,ET040820,Arsi,ET0408,Oromia,ET04,39.419468,8.232852
50749,Ye lode Banban Market Center,{D2789663-DBCB-46C8-8936-4526C3BA6FA0},Sire,ET040820,Arsi,ET0408,Oromia,ET04,39.532975,8.171263
50333,Ligeba,{12D98240-4A8C-441B-A1CC-081158051ADD},Lude Hitosa,ET040821,Arsi,ET0408,Oromia,ET04,39.335145,8.091608
50336,Aleko gabiya,{FECA8BFA-EE17-4A29-8F01-A60D90542B1B},Lude Hitosa,ET040821,Arsi,ET0408,Oromia,ET04,39.422772,8.061662
50342,Gabe gebeya,{4FAA7581-F48A-421C-B29E-D72B7133044D},Lude Hitosa,ET040821,Arsi,ET0408,Oromia,ET04,39.385302,8.031927
50350,Jida gebeya,{E28D9EF1-F9EF-4BF0-A3A2-DFB6C85A610C},Lude Hitosa,ET040821,Arsi,ET0408,Oromia,ET04,39.465860,8.076338
50015,Hoje dure Gabeya Mikal,{369B5803-C67C-4775-B24E-966DE0709728},Diksis,ET040822,Arsi,ET0408,Oromia,ET04,39.519570,7.972472
50159,BOLE YE MAKSEGNO GEBEYA,{67EE968B-15A8-41C4-8F82-6067886F56DD},Inkolo Wabe,ET040824,Arsi,ET0408,Oromia,ET04,39.482178,7.365519
50163,YE BEDIKALU SEFER HAMUS GEBEYA,{27A8368F-F9DC-44CC-88E5-8416D77CA13A},Inkolo Wabe,ET040824,Arsi,ET0408,Oromia,ET04,39.463813,7.391775
50171,WELARGI GEBEYA,{9386D178-9560-411E-BC84-AEEA6DF69BBB},Inkolo Wabe,ET040824,Arsi,ET0408,Oromia,ET04,39.388371,7.473665
50174,ROBE GEBEYA BOTA,{28E786BB-AB2A-4DFA-B2DA-071B63D67A5E},Inkolo Wabe,ET040824,Arsi,ET0408,Oromia,ET04,39.531127,7.444466
50671,ROBE GEBEYA BOTA,{38A05E57-FBED-475D-A4B7-0E0EF5318587},Inkolo Wabe,ET040824,Arsi,ET0408,Oromia,ET04,39.531127,7.444466
50673,YE BEDIKALU SEFER HAMUS GEBEYA,{CEBF7FE6-AAAA-4E34-B477-1875B722CB61},Inkolo Wabe,ET040824,Arsi,ET0408,Oromia,ET04,39.463813,7.391775
50684,WELARGI GEBEYA,{D4ECCDC0-428B-44D1-9B51-EA5A839A5106},Inkolo Wabe,ET040824,Arsi,ET0408,Oromia,ET04,39.388371,7.473665
50686,BOLE YE MAKSEGNO GEBEYA,{F129FC94-5B5A-47E6-9C7C-97502607F208},Inkolo Wabe,ET040824,Arsi,ET0408,Oromia,ET04,39.482178,7.365519
48503,METAKESHA KEKELI,{673450F7-85EB-466F-A6E9-147EC87A54D0},Tulo (OR),ET040903,West Hararge,ET0409,Oromia,ET04,41.144992,9.184524
48505,ye burka gabya ma'akal,{139CAC63-B752-47D6-B073-D7B048E262C9},Tulo (OR),ET040903,West Hararge,ET0409,Oromia,ET04,41.271470,9.257278
47759,dedene[03],{FD2672AA-301F-4602-918F-0652E5CA5CAD},Anchar,ET040906,West Hararge,ET0409,Oromia,ET04,40.231247,8.624013
47775,wofi gbiya,{6EA12A41-173D-4EC9-AD40-15AA97DF0406},Anchar,ET040906,West Hararge,ET0409,Oromia,ET04,40.309479,8.698104
48147,bube market center,{1B6C03DA-C690-4366-8C42-5F22CC1FBFAB},Goba Koricha,ET040907,West Hararge,ET0409,Oromia,ET04,40.470423,8.881465
47833,YE HATURA KEBELE,{961E8315-4119-4609-9CA1-7E93583C9C71},Boke,ET040910,West Hararge,ET0409,Oromia,ET04,40.677765,8.628055
47842,ARBA,{4BC8092A-4C35-4EEE-BF67-E30952BEBCD2},Boke,ET040910,West Hararge,ET0409,Oromia,ET04,40.823282,8.590725
48407,YE BEDESA YE KEBT TERA,{7F8E879D-D438-4878-ACF3-101C0C931CBC},Kuni /Oda Bultum,ET040911,West Hararge,ET0409,Oromia,ET04,40.779868,8.892052
48438,YE GEBIBA KEBELE GEBEYA BOTA,{B286108A-9A2D-4D92-A826-B40A64842C8A},Kuni /Oda Bultum,ET040911,West Hararge,ET0409,Oromia,ET04,40.914957,8.713033
48251,Rimeti market center,{77DA43A8-EC9A-4BB7-8A18-DA5A6FBFD2F4},Hawi Gudina,ET040915,West Hararge,ET0409,Oromia,ET04,40.495820,8.150664
48263,ye ebsa kebele yegebeya bota,{EA2AA37A-923F-4D6A-9386-6C290FF4466F},Hawi Gudina,ET040915,West Hararge,ET0409,Oromia,ET04,40.432544,8.265668
48264,teyibo suke,{E68186DC-9431-4030-876D-A3388A5F96B6},Hawi Gudina,ET040915,West Hararge,ET0409,Oromia,ET04,40.439778,8.309747
48279,market center,{B5E88896-595C-4EB6-911C-270C4E0F8F60},Hawi Gudina,ET040915,West Hararge,ET0409,Oromia,ET04,40.640444,8.022700
42471,Lege Tuka Gebeya Maikel,{251A61FB-8E89-431E-A642-0F5BAB4DA590},Kombolcha,ET041001,East Hararge,ET0410,Oromia,ET04,42.188342,9.434873
42526,gullo market,{7B7F75F0-DA97-498D-AE37-7AE3F16FF28E},Kombolcha,ET041001,East Hararge,ET0410,Oromia,ET04,42.135118,9.409532
42115,AW BARE GABAYA MAIKAL,{0C31E908-A7CB-4137-8575-E984FB67D42E},Gursum (OR),ET041003,East Hararge,ET0410,Oromia,ET04,42.327941,9.370604
42203,yusf amin shope,{9A971DF5-FD79-4240-AEB5-94E5A4F69B4A},Haro Maya,ET041006,East Hararge,ET0410,Oromia,ET04,41.960887,9.386833
42205,suwki abdi,{E3D79D90-4DC9-4451-8B9D-9C84D5EAF876},Haro Maya,ET041006,East Hararge,ET0410,Oromia,ET04,41.959675,9.382740
42206,ballo mamad,{D552D61B-873D-4522-B671-6CD4DF440F4C},Haro Maya,ET041006,East Hararge,ET0410,Oromia,ET04,41.961627,9.383848
41921,GEFRA KENCHERA,{A1637E41-F9CA-4178-B810-9F87AEC18713},Kurfa Chele,ET041007,East Hararge,ET0410,Oromia,ET04,41.924736,9.191693
41616,kanca gabya,{00200756-770F-4493-8D56-07020577BBB3},Bedeno,ET041013,East Hararge,ET0410,Oromia,ET04,41.691273,9.154850
41645,tewakel mender gebeya meakel,{E776E32B-5FF3-41A1-B3FB-D258EAE650B5},Chinaksen,ET041015,East Hararge,ET0410,Oromia,ET04,42.625383,9.517157
41911,ALAMITU MENDAR,{1B603690-D1D3-4646-BC3B-2821A9B51BB1},Girawa,ET041016,East Hararge,ET0410,Oromia,ET04,41.788325,9.173575
46928,Makala,{04BBD1A3-826B-4107-8D49-44A836F15A76},Agarfa,ET041104,Bale,ET0411,Oromia,ET04,39.570845,7.374735
47235,Ye Wecho Mishirge Gabaya,{2BAEA6B0-0AAF-4A7E-B751-3B22695C5339},Goba (OR),ET041110,Bale,ET0411,Oromia,ET04,40.114526,6.987402
47428,ye hawo gebeya,{E42F2138-A4E1-45AB-B639-7E1204C342A0},Harena Buluk,ET041111,Bale,ET0411,Oromia,ET04,39.582596,6.632567
47429,ye gebicho gebeya,{BA67BE8E-02ED-494A-A083-23BB52E4D613},Harena Buluk,ET041111,Bale,ET0411,Oromia,ET04,39.591227,6.559626
47046,ye ciri gabaya,{4948B7F5-7B28-4D0B-8B0E-9B57FCF1E7F0},Mena (Bale),ET041112,Bale,ET0411,Oromia,ET04,39.775761,6.410074
47070,ye bobiya gebaya,{A13B3F98-52F5-409C-9F03-38FEBF4F3FE4},Mena (Bale),ET041112,Bale,ET0411,Oromia,ET04,39.996060,6.562846
47533,MEDA,{0D131B6E-3A22-435E-8871-E342C39C2803},Meda Welabu,ET041113,Bale,ET0411,Oromia,ET04,39.891944,5.819176
46936,gabee qequu ye gabayea bota,{AB5BEA54-6038-4C6C-82F1-BE4C01DADD48},Berbere,ET041114,Bale,ET0411,Oromia,ET04,40.126277,6.785047
46955,dibe jilo market bota,{589F41E9-D368-429E-9A3E-8F878ADACB28},Berbere,ET041114,Bale,ET0411,Oromia,ET04,40.295952,6.746902
46960,bele kebele wste ye migegn gebeya,{392D8670-C910-4481-B168-05DB4D8A5A03},Berbere,ET041114,Bale,ET0411,Oromia,ET04,40.291717,6.826548
46983,ye kofele,{05FE0C53-70B1-4E26-8693-41E2D43A2C11},Berbere,ET041114,Bale,ET0411,Oromia,ET04,40.082942,6.772330
46989,jela deresa,{C37E343A-BAF2-4BB3-AC0F-1258DD39FCC1},Berbere,ET041114,Bale,ET0411,Oromia,ET04,40.124238,6.695770
47007,harewa gebeya,{F82D3EE9-6A9E-4E46-8404-84BF2B5D4B04},Berbere,ET041114,Bale,ET0411,Oromia,ET04,40.080256,6.824856
47011,Ye Hambela Gebeya bota,{B9F8BC2C-1275-47CD-A23E-B818FDCD3701},Berbere,ET041114,Bale,ET0411,Oromia,ET04,40.069213,6.614603
47108,meoo,{E0AA8A01-D222-4DB5-946C-4C6BE41F7D06},Dinsho,ET041122,Bale,ET0411,Oromia,ET04,39.890095,7.103270
47110,yehoma gebeya bota,{1A12317E-7BD4-434D-983F-5F64F6810971},Dinsho,ET041122,Bale,ET0411,Oromia,ET04,39.899818,7.132167
53432,MAMED ABDUKAYI WORK SHOP,{61EA9AB6-9A54-448C-9F3A-C87442365503},Dire,ET041211,Borena,ET0412,Oromia,ET04,38.341873,4.034793
53434,SHARE KACHE WORK SHOP,{B08273D5-9F1D-4615-84ED-F35217957F83},Dire,ET041211,Borena,ET0412,Oromia,ET04,38.341608,4.034878
53442,YE BET INSISAT GEBEYA BOTA,{630DC8BA-A3A5-4EDD-A15B-D7D9A39E659D},Dire,ET041211,Borena,ET0412,Oromia,ET04,38.216170,3.887877
53450,HAMUS GABIYA,{4A13B94E-4976-458B-ADC8-C718CA493119},Dire,ET041211,Borena,ET0412,Oromia,ET04,38.194272,4.211378
53451,ARERO KURI SHOP,{E52A682B-8E3C-4FF9-A0AD-FBD42F5F72BD},Dire,ET041211,Borena,ET0412,Oromia,ET04,38.126735,4.174437
53452,KANASA XACHE HOP,{9145E5D9-5E11-4F92-AAA1-0ABF95E6E644},Dire,ET041211,Borena,ET0412,Oromia,ET04,38.126439,4.174497
53455,KIYA TEBO   SHOP,{FADF4CA1-ABB5-4541-88B1-2948D7A60918},Dire,ET041211,Borena,ET0412,Oromia,ET04,38.126964,4.174745
53456,KIYA KATELO SHOP,{29D040C6-1441-44AB-B46D-06F12D93F958},Dire,ET041211,Borena,ET0412,Oromia,ET04,38.126595,4.174359
53457,GALGALO TARI SHOP,{5BC8C66F-45F7-4FFD-BC53-397CDD284C16},Dire,ET041211,Borena,ET0412,Oromia,ET04,38.126778,4.174570
53458,KALICHA KURISA SHOP,{162EDEBA-D89B-48FC-A194-19A9E3401F66},Dire,ET041211,Borena,ET0412,Oromia,ET04,38.126832,4.175524
53459,GALMA UKA  SHOP,{1717CD3B-1160-4B73-BC71-1C81B241640E},Dire,ET041211,Borena,ET0412,Oromia,ET04,38.126905,4.174548
53460,DIBA GALGALO SHOP,{D638D311-104C-44EE-8F03-3AB508947D1B},Dire,ET041211,Borena,ET0412,Oromia,ET04,38.126476,4.176112
53461,DIBAYU SHIMA   SHOP,{9533A4BB-3215-4CE7-BAF1-73578AC737E6},Dire,ET041211,Borena,ET0412,Oromia,ET04,38.126992,4.175204
53462,GALMA GAMBURAHOP,{CD38AC1B-550C-417E-B5AC-FF9A81A2B687},Dire,ET041211,Borena,ET0412,Oromia,ET04,38.126452,4.174568
53463,DAKICHA KORPHA  SHOP,{CED77936-F3EC-4100-9212-CE9B4E06F869},Dire,ET041211,Borena,ET0412,Oromia,ET04,38.126979,4.175272
53511,MAMED ABDUKAYI WORK SHOP,{18CE95FE-F5A5-4CA4-A2A6-7108BF5CF8B7},Dire,ET041211,Borena,ET0412,Oromia,ET04,38.341873,4.034793
53513,SHARE KACHE WORK SHOP,{B256A05D-9964-40B1-8257-993159D74739},Dire,ET041211,Borena,ET0412,Oromia,ET04,38.341608,4.034878
53521,YE BET INSISAT GEBEYA BOTA,{73F59122-E5D1-48F5-A4E6-0067DB431998},Dire,ET041211,Borena,ET0412,Oromia,ET04,38.216170,3.887877
53529,HAMUS GABIYA,{8714B54E-E287-48E0-8DCB-C77754300FF4},Dire,ET041211,Borena,ET0412,Oromia,ET04,38.194272,4.211378
53530,ARERO KURI SHOP,{4A681830-449A-46FF-9F0D-D7FFDA8C5A77},Dire,ET041211,Borena,ET0412,Oromia,ET04,38.126735,4.174437
53531,KANASA XACHE HOP,{F53787B1-140A-4291-AB9F-51646463B9B9},Dire,ET041211,Borena,ET0412,Oromia,ET04,38.126439,4.174497
53534,KIYA TEBO   SHOP,{FFF3B89D-F582-4A9F-A3E3-E87FF2184F1F},Dire,ET041211,Borena,ET0412,Oromia,ET04,38.126964,4.174745
53535,KIYA KATELO SHOP,{6676614B-78AA-4D99-823B-094E766E4733},Dire,ET041211,Borena,ET0412,Oromia,ET04,38.126595,4.174359
53536,GALGALO TARI SHOP,{5C8578C7-4F6C-4C97-AD75-44B0AA336730},Dire,ET041211,Borena,ET0412,Oromia,ET04,38.126778,4.174570
53537,KALICHA KURISA SHOP,{B98F34DF-C47C-499F-8FAB-876D3CFBADA7},Dire,ET041211,Borena,ET0412,Oromia,ET04,38.126832,4.175524
53538,GALMA UKA  SHOP,{87B1DD57-9DE1-4535-B5A4-D7FC886A7E4E},Dire,ET041211,Borena,ET0412,Oromia,ET04,38.126905,4.174548
53539,DIBA GALGALO SHOP,{FB002BEB-48F5-4FD4-8AE0-119C0CDF8226},Dire,ET041211,Borena,ET0412,Oromia,ET04,38.126476,4.176112
53540,DIBAYU SHIMA   SHOP,{108C3B55-3338-483B-BEF2-9D945780875B},Dire,ET041211,Borena,ET0412,Oromia,ET04,38.126992,4.175204
53541,GALMA GAMBURAHOP,{7904D81C-FE78-4433-B63A-3FFDA31897EB},Dire,ET041211,Borena,ET0412,Oromia,ET04,38.126452,4.174568
53542,DAKICHA KORPHA  SHOP,{0D347FB0-5EA7-4B42-8D83-B7A523AEBC9F},Dire,ET041211,Borena,ET0412,Oromia,ET04,38.126979,4.175272
52108,Ye Bereda gebiya Bota,{65BF63EB-6866-4433-B5AD-CCD9CC54DA63},Ameya,ET041301,South West Shewa,ET0413,Oromia,ET04,37.740687,8.504522
52117,Gulti Bola Gebiya bota,{06A595FA-A973-4D8D-AE37-C52F4A616110},Ameya,ET041301,South West Shewa,ET0413,Oromia,ET04,37.781690,8.673558
52143,Jimata,{D56948EC-92A5-4AAB-88E2-9F866D413E96},Ameya,ET041301,South West Shewa,ET0413,Oromia,ET04,37.687886,8.717365
52186,Gulti Bola Gebiya bota,{C313AD15-E1E0-4D1D-A742-C2C445E1E125},Ameya,ET041301,South West Shewa,ET0413,Oromia,ET04,37.781690,8.673558
52200,Ye Bereda gebiya Bota,{A9390B52-E310-4692-BAC9-FE8401A098FD},Ameya,ET041301,South West Shewa,ET0413,Oromia,ET04,37.740687,8.504522
52205,Jimata,{4EFE07D6-4CCD-4880-98BE-BA2176D7B7F5},Ameya,ET041301,South West Shewa,ET0413,Oromia,ET04,37.687886,8.717365
52386,Buri gebiya bota,{CA43C905-018A-46DF-8E8C-D7CFA0A95E9D},Ameya,ET041301,South West Shewa,ET0413,Oromia,ET04,37.812268,8.517553
52376,Kemsi Ye Gebiya Bota,{7B5737A8-2286-44A1-B0B7-6BD85EC9C75E},Wenchi,ET041302,South West Shewa,ET0413,Oromia,ET04,37.856756,8.638566
52385,Baka Gabiya Bota,{D1D707A0-C83D-43F3-BB8F-18A9FF0BD885},Wenchi,ET041302,South West Shewa,ET0413,Oromia,ET04,37.900867,8.699563
52388,Gabaa Sanbata Dura,{D0FE6D47-3C15-4627-A8FA-D532830340C0},Wenchi,ET041302,South West Shewa,ET0413,Oromia,ET04,37.854750,8.520042
52396,Warabu gabiya bota,{E281C1B9-DE64-48BA-9495-7754C201A810},Wenchi,ET041302,South West Shewa,ET0413,Oromia,ET04,37.877692,8.714005
52437,IHUD GEBIYA,{250867E0-98DE-4FEE-90B9-CC8381E82934},Waliso,ET041303,South West Shewa,ET0413,Oromia,ET04,38.030914,8.429408
51506,JIMATA GABA BOTA,{CB74E90B-90F4-4051-8596-6C0A9C8931FA},Dawo,ET041304,South West Shewa,ET0413,Oromia,ET04,38.161153,8.730028
51533,Gabaa Jimaataa,{B45230BF-AABA-44A8-8CB1-EDAF3D6AB8A3},Dawo,ET041304,South West Shewa,ET0413,Oromia,ET04,38.225667,8.840754
52526,rogge yegebiya bota,{BB09A304-5181-42B1-B8B4-BEAA1410252B},Ilu,ET041305,South West Shewa,ET0413,Oromia,ET04,38.325473,8.894006
52366,Geba Jimata,{6BFF47A4-257D-4242-A7A8-AB1261C688D8},Tole,ET041308,South West Shewa,ET0413,Oromia,ET04,38.469592,8.619283
17315,Kombel market center,{62F19B3E-AE2F-43BA-8DB1-BD5F85DB7B17},Seden Sodo,ET041310,South West Shewa,ET0413,Oromia,ET04,38.284952,8.393522
52281,GODA DULA YABATA KEBELE MARKET CENTER,{17AEB16E-0FBA-45D4-8735-588A34D13275},Seden Sodo,ET041310,South West Shewa,ET0413,Oromia,ET04,38.358297,8.445227
52338,Ye Beceki Market Center,{3609C6DE-0B30-48C2-AA56-A61612DBA19D},Sodo Daci,ET041314,South West Shewa,ET0413,Oromia,ET04,38.670161,8.414687
53991,Haro wato,{F297E9AB-6947-4BA9-81CD-55B3892BD04D},Uraga,ET041401,Guji,ET0414,Oromia,ET04,38.609135,6.031188
53998,Haro Hadama,{FCF5148D-3395-4444-8001-DF9188213FCA},Uraga,ET041401,Guji,ET0414,Oromia,ET04,38.674327,6.038233
53999,SALAGAJABA GEBEYA BOTA,{B0F8BA06-C1FD-4BA2-B23D-4AC3A30D6A26},Uraga,ET041401,Guji,ET0414,Oromia,ET04,38.629997,6.115448
54006,YABITU HARO LABATTU GULIT GEBAYA,{D477FFC3-462A-4FD4-8C48-3B04C7484AA2},Uraga,ET041401,Guji,ET0414,Oromia,ET04,38.553147,6.007370
18292,suke bonbe market center,{B7A76530-5B29-434A-92F3-D849E7D32607},Bore,ET041402,Guji,ET0414,Oromia,ET04,38.724445,6.381143
18293,suke bonbe animal market center,{8CB70F8A-C816-4290-9755-88CC4D103B78},Bore,ET041402,Guji,ET0414,Oromia,ET04,38.725740,6.381201
53760,tatesa hanchule market center,{55BB2C97-9FBF-4DBB-8A63-B324BBBDA0FC},Bore,ET041402,Guji,ET0414,Oromia,ET04,38.482494,6.362776
53710,Welena Beri YEGEBEYA BOTA,{6D7B1C57-6A2C-4CEE-B4A4-BDA5934E97B6},Adola,ET041403,Guji,ET0414,Oromia,ET04,38.977008,5.940634
53877,KORCHA KEBELE YEGEBEYA BOTA,{105A26BB-6C65-4377-84FF-8C708FA0FD81},Odo Shakiso,ET041405,Guji,ET0414,Oromia,ET04,38.705571,5.697294
53923,beda kesa ye gebeya makele,{BDA3669B-5C2D-4C03-B17D-A4F1C6DB72C8},Odo Shakiso,ET041405,Guji,ET0414,Oromia,ET04,38.886767,5.820577
46822,Utulu. Market,{62A8B835-A48E-473C-8F1F-C8DB69A93196},Saba Boru,ET041412,Guji,ET0414,Oromia,ET04,39.159863,5.449470
53944,Keticha Gebeya bota,{413B5299-794C-429C-B4EF-FD5D75539ED8},Saba Boru,ET041412,Guji,ET0414,Oromia,ET04,39.006596,5.447664
53956,Lolotu Gebeya bota,{67CF0BC9-4F48-4441-B40D-76E68D96D63F},Saba Boru,ET041412,Guji,ET0414,Oromia,ET04,39.083532,5.639182
53979,Utulu. Market,{769D6DE1-D5D7-4ED8-BA38-AC56DC24B51D},Saba Boru,ET041412,Guji,ET0414,Oromia,ET04,39.159863,5.449470
53721,Wacho Dima Got Yalew Ye Gebiya Bot,{D8D664F6-CD13-4A85-B5E4-823D4FDF93FB},Aga Wayu,ET041482,Guji,ET0414,Oromia,ET04,38.805644,5.401871
53819,Burkitu Marmara,{43997D85-6EBA-43AF-B97F-81FCEBCE3656},Haro Walabu,ET041490,Guji,ET0414,Oromia,ET04,38.431706,6.084268
54136,kelalitu gebeya,{A963541C-8946-4A52-BE84-AB3C2BB8EEF3},Bule Hora,ET041501,West Guji,ET0415,Oromia,ET04,38.327521,5.626121
54154,Ye Dogosodo kebele gebeya bota,{CE6321F4-F649-4CA7-A27B-0FF1B05592D3},Bule Hora,ET041501,West Guji,ET0415,Oromia,ET04,38.322684,5.743099
54157,okolu,{B42E3AED-A14F-4910-93E1-3795E46BAB22},Bule Hora,ET041501,West Guji,ET0415,Oromia,ET04,38.303568,5.820032
50956,Anole gebeya bota,{BFAA9869-70A6-433B-8786-189DA5AC293D},Abaya,ET041513,West Guji,ET0415,Oromia,ET04,38.160835,6.168355
50969,wachle gebeya,{22A0372D-848D-4FD4-912B-BB3D69D796C2},Abaya,ET041513,West Guji,ET0415,Oromia,ET04,38.174230,6.204539
50983,bochesa bitu gebeya,{AA0EE607-66B2-478C-A8ED-4CE68A222B7A},Abaya,ET041513,West Guji,ET0415,Oromia,ET04,38.136248,6.183803
50994,telesa market center,{7ECDF35C-A505-486F-A1A5-79896EBDDA96},Abaya,ET041513,West Guji,ET0415,Oromia,ET04,38.113182,6.179973
50998,gelo taba gebeya,{39C04A48-13BC-4412-883E-F223A7EC2549},Abaya,ET041513,West Guji,ET0415,Oromia,ET04,38.023223,6.216068
51002,Tora Sagno gebeya bota,{CA688D39-8BF5-4BA7-B563-0B449A03C4C2},Abaya,ET041513,West Guji,ET0415,Oromia,ET04,37.904571,6.205367
51005,Checha Arbi gebeya bota,{1712D41A-E0E8-4DE6-8351-3F437528DCBC},Abaya,ET041513,West Guji,ET0415,Oromia,ET04,37.883205,6.184751
51012,arero market center,{AFF3DBE6-F6B8-47CD-8F4C-91C46BD35397},Abaya,ET041513,West Guji,ET0415,Oromia,ET04,38.149919,6.426062
54048,Anole gebeya bota,{9D1891A6-438E-44F2-BE1D-1BC1BF597E51},Abaya,ET041513,West Guji,ET0415,Oromia,ET04,38.160835,6.168355
54061,wachle gebeya,{7193C568-C424-4D4A-8264-2F7218172917},Abaya,ET041513,West Guji,ET0415,Oromia,ET04,38.174230,6.204539
54075,bochesa bitu gebeya,{0BB06BCC-D8C7-43A0-9C69-ABDA58629D55},Abaya,ET041513,West Guji,ET0415,Oromia,ET04,38.136248,6.183803
54086,telesa market center,{EDA67100-E926-403A-BB57-4D1C5AEAB6F2},Abaya,ET041513,West Guji,ET0415,Oromia,ET04,38.113182,6.179973
54090,gelo taba gebeya,{2FD213D9-5488-4A32-BE93-A7597FABE6F1},Abaya,ET041513,West Guji,ET0415,Oromia,ET04,38.023223,6.216068
54094,Tora Sagno gebeya bota,{ED248820-214A-41C8-B022-BEC49B4397DD},Abaya,ET041513,West Guji,ET0415,Oromia,ET04,37.904571,6.205367
54097,Checha Arbi gebeya bota,{EA3642DB-8CDE-4B8B-A9C9-3A5A0266FB8F},Abaya,ET041513,West Guji,ET0415,Oromia,ET04,37.883205,6.184751
54104,arero market center,{AA1F4378-A19C-4A94-9E00-3295AAE8C8C5},Abaya,ET041513,West Guji,ET0415,Oromia,ET04,38.149919,6.426062
54328,Hilinxo Zone Market Senter,{E3FD5000-7D9A-467A-8CA8-15CFEE7C0419},Melka Soda,ET041518,West Guji,ET0415,Oromia,ET04,38.633387,5.660173
54339,Ye Walena Bokosa Gebiya Bota,{F85FE0DB-27B9-49C1-93B6-AD3DBE07803E},Suro Berguda,ET041594,West Guji,ET0415,Oromia,ET04,37.962832,5.465862
54343,Makala,{E12EDDDB-443A-42EA-A370-3E5037FB8E34},Suro Berguda,ET041594,West Guji,ET0415,Oromia,ET04,38.006400,5.464043
54357,Ye Didole Gebiya bota,{CB0E4469-CF13-446D-8F16-A4A9CB71E3AF},Suro Berguda,ET041594,West Guji,ET0415,Oromia,ET04,38.098122,5.650685
54112,BUNA GEBEYA,{CACF9E72-A61B-4170-A096-593A4684C828},Birbirsa Kojowa,ET041596,West Guji,ET0415,Oromia,ET04,38.566642,5.724283
54116,BUNA GEBEYA GUTE MAZORIYA,{162C5519-23F7-48F4-8D26-A31C300E4035},Birbirsa Kojowa,ET041596,West Guji,ET0415,Oromia,ET04,38.535793,5.807420
38233,Monday,{F9046393-B47F-4F17-85D3-9DB89F36D88E},Chora (Buno Bedele),ET041603,Buno Bedele,ET0416,Oromia,ET04,36.162973,8.465953
38262,Ye ABBA GOROO gebeya Maikel,{2B414508-7671-4FE6-90B0-CF4CA95D6880},Chora (Buno Bedele),ET041603,Buno Bedele,ET0416,Oromia,ET04,36.026930,8.490602
38271,Umbe,{FDB903BE-1C2C-4D5A-B496-4899D93BB158},Chora (Buno Bedele),ET041603,Buno Bedele,ET0416,Oromia,ET04,36.103237,8.466042
38283,Bero Serite,{8FA3E1F1-C965-466A-95F3-E65AF2691B75},Chora (Buno Bedele),ET041603,Buno Bedele,ET0416,Oromia,ET04,36.112947,8.516471
38286,Gefo Digaja,{AD8713DB-0D13-4FA1-9DFF-E30A249D18DA},Chora (Buno Bedele),ET041603,Buno Bedele,ET0416,Oromia,ET04,36.063787,8.503888
38294,Embaro Bonga,{2785479B-BD9E-4221-B871-1ABC39343F81},Chora (Buno Bedele),ET041603,Buno Bedele,ET0416,Oromia,ET04,36.207385,8.454032
38198,TULAMA MARKET PLACE,{33946E24-507D-4952-AF09-74D38DC540D8},Dabo Hana,ET041605,Buno Bedele,ET0416,Oromia,ET04,36.293152,8.781767
38581,Burka Anani,{FC5D9798-5DD7-477E-9EDC-24FE4C046EE5},Dabo Hana,ET041605,Buno Bedele,ET0416,Oromia,ET04,36.293265,8.876692
38420,AREBA GEBIYA,{38B5C241-67FE-431F-B239-C36E992CF6CC},Borecha,ET041607,Buno Bedele,ET0416,Oromia,ET04,36.686697,8.458928
38078,YE BULI NURA SUQ/SMALL SHOP,{0E06BD9A-789E-442B-81C4-64719EDA3DBB},Dedesa,ET041608,Buno Bedele,ET0416,Oromia,ET04,36.503332,8.114292
38099,SINESO,{7F296BE0-39F1-4DFA-A8E1-EF071DF1F7A0},Dedesa,ET041608,Buno Bedele,ET0416,Oromia,ET04,36.544792,8.137649
38149,CHALO MARKET CENTER,{0DA06C13-0569-4A5A-AF73-96DD08C406B4},Dedesa,ET041608,Buno Bedele,ET0416,Oromia,ET04,36.607564,8.084913
38160,DOYO,{37F7B5FC-BAED-47D4-870B-963179021B16},Dedesa,ET041608,Buno Bedele,ET0416,Oromia,ET04,36.744435,8.139818
38461,Teba Chebeli,{967483BD-E482-4DE8-9BE3-9745E7E4DC45},Bedele Zuria,ET041622,Buno Bedele,ET0416,Oromia,ET04,36.270038,8.400880
38463,Milko Yura,{037FA39F-7592-4917-B87A-903508B7429C},Bedele Zuria,ET041622,Buno Bedele,ET0416,Oromia,ET04,36.336783,8.312905
38479,Kolo Siri Market Center,{DB896421-6692-4311-BCC2-50F8866D1160},Bedele Zuria,ET041622,Buno Bedele,ET0416,Oromia,ET04,36.490870,8.563595
38511,Banshure,{6A0DAA0D-C81F-47C6-9E9D-6DA80B34430C},Bedele Zuria,ET041622,Buno Bedele,ET0416,Oromia,ET04,36.371453,8.534408
38519,Haro Tore,{93BA140D-9158-4AE1-A9E9-285FEEEE477E},Bedele Zuria,ET041622,Buno Bedele,ET0416,Oromia,ET04,36.300572,8.518435
38551,Selasa,{D22E665B-621B-4DC2-ACFE-2D9FAD4FC890},Chwaka,ET041623,Buno Bedele,ET0416,Oromia,ET04,36.117238,8.982040
38553,eluharer,{F7BB5509-4DCE-4290-B322-802F1A908ABA},Chwaka,ET041623,Buno Bedele,ET0416,Oromia,ET04,36.153913,8.914808
38572,Kanani Jenata,{8982563F-C35B-4D49-9432-743886773C52},Chwaka,ET041623,Buno Bedele,ET0416,Oromia,ET04,36.177140,8.839653
48795,Ye Kebti Gebeya,{4DCF67A2-AC84-4C42-A847-E9FE56BA2BDB},Arsi Negele,ET041703,West Arsi,ET0417,Oromia,ET04,38.664671,7.362259
48932,aluma gebeya,{8ED27AC3-B5EA-4490-A256-120B61DBA33B},Dodola,ET041707,West Arsi,ET0417,Oromia,ET04,39.325993,6.895447
48946,ye kechema,{0BA3BB9C-934E-4577-92B8-65E55EC6ED33},Dodola,ET041707,West Arsi,ET0417,Oromia,ET04,39.124758,6.969968
48962,biqiqa yegabaya bota,{12766891-53F9-4004-910D-5AF4F1F7AF29},Dodola,ET041707,West Arsi,ET0417,Oromia,ET04,39.242889,6.776363
48963,ose gebeya,{387F9196-CF97-4BFC-9A90-4639CDCA1922},Dodola,ET041707,West Arsi,ET0417,Oromia,ET04,39.375638,6.734237
18052,market,{7438F10B-8EDD-4F7C-814A-FCFD9632D287},Kokosa,ET041708,West Arsi,ET0417,Oromia,ET04,38.647493,6.813398
48673,jafero gebeya,{56637FA0-6808-4CC3-B41C-E51F99F8C06B},Kokosa,ET041708,West Arsi,ET0417,Oromia,ET04,38.750917,6.813708
48677,abeke gebya,{1007EF7E-82A1-456D-A860-A731599696F2},Kokosa,ET041708,West Arsi,ET0417,Oromia,ET04,38.789871,6.927208
48625,ye refisa gebeya bota,{FE97E705-CB85-411D-A6CF-9649FFD6E66E},Nenesebo,ET041709,West Arsi,ET0417,Oromia,ET04,39.146168,6.613794
48628,ye melka denbi gebeya,{3EA29BC7-CE6C-40AB-9E78-DB3A2688CC4B},Nenesebo,ET041709,West Arsi,ET0417,Oromia,ET04,39.118855,6.474292
48959,ashena gebeya,{1662AA47-259E-4DA2-B5A4-36C9E3516F92},Nenesebo,ET041709,West Arsi,ET0417,Oromia,ET04,39.184810,6.740820
55137,Adabaye,{6E4913EA-BB5C-4E3A-9209-696964023721},Shashemene Zuria,ET041712,West Arsi,ET0417,Oromia,ET04,38.584462,7.285945
55145,alamitu banto,{DA12CC85-73D3-4E3F-B12D-EB510A0B3995},Shashemene Zuria,ET041712,West Arsi,ET0417,Oromia,ET04,38.546198,7.171727
55148,mustaf gamada,{FF84AF61-D095-4676-8E66-B4B486F428FD},Shashemene Zuria,ET041712,West Arsi,ET0417,Oromia,ET04,38.548247,7.172400
55149,dinkinash ashebo,{487483A7-FE24-4550-95D2-A1C370DAD69E},Shashemene Zuria,ET041712,West Arsi,ET0417,Oromia,ET04,38.563023,7.179723
55150,dasa galato,{55BE4808-0DFD-4DEE-B89D-CBAF8CB3B492},Shashemene Zuria,ET041712,West Arsi,ET0417,Oromia,ET04,38.559413,7.177363
55152,abiti suqi,{80CD889D-CB6B-4F90-A188-83868A2BC8D8},Shashemene Zuria,ET041712,West Arsi,ET0417,Oromia,ET04,38.560083,7.177762
55158,nageso bati,{9C3928BB-50BF-46AE-A341-E801C65A1542},Shashemene Zuria,ET041712,West Arsi,ET0417,Oromia,ET04,38.532472,7.189842
55183,Ye ato Said Gemachu yeihil Megazen,{9C923525-B72B-45B4-83CF-6ABA8A5273DF},Shashemene Zuria,ET041712,West Arsi,ET0417,Oromia,ET04,38.613086,7.225831
48906,maksegno,{0F875A0C-731B-4D87-9BD8-406626EF3292},Heban Arsi,ET041783,West Arsi,ET0417,Oromia,ET04,38.840768,7.368275
48910,Alembada,{CCF2BB6A-7A78-463B-99B5-65DCC3EB6DF7},Heban Arsi,ET041783,West Arsi,ET0417,Oromia,ET04,38.750515,7.484321
48668,TULLA,{E7209944-D7F6-452F-9272-E7C4B3191D32},Wondo,ET041797,West Arsi,ET0417,Oromia,ET04,38.677023,7.100687
45793,GABA SANBETA DURA,{D60E81DE-B89E-43DC-8DA2-2D644DDA8297},Hawa Galan,ET041801,Kelem Wellega,ET0418,Oromia,ET04,34.879078,8.641937
45809,IHUD GABIYA,{52B1CE1E-93D3-462C-BFC2-F4ECB47EC5DA},Hawa Galan,ET041801,Kelem Wellega,ET0418,Oromia,ET04,34.933458,8.620730
46174,AKUKU GABAYA,{624BD6C4-3299-4474-B2DD-CF8F5C09A652},Yama Logi Welel,ET041802,Kelem Wellega,ET0418,Oromia,ET04,34.899107,8.821012
45509,DIRK CABEL,{2B4D5631-57CD-4454-8F0F-5C603DEABF42},Gawo Kebe,ET041804,Kelem Wellega,ET0418,Oromia,ET04,34.893217,8.944187
45554,BEJO KOBECHA,{AF82EEC8-E458-4FFB-8A64-E59C27C1FC5D},Gawo Kebe,ET041804,Kelem Wellega,ET0418,Oromia,ET04,34.914107,9.052408
45562,GAWWA,{FEC49898-79C5-4E83-9493-301C31C96E4D},Gawo Kebe,ET041804,Kelem Wellega,ET0418,Oromia,ET04,34.880025,9.199085
45573,GANKA ICO,{FA1D0D2D-F0D6-4696-B7A1-9168AE6FE32D},Gawo Kebe,ET041804,Kelem Wellega,ET0418,Oromia,ET04,34.983485,9.102337
46049,Minko,{11735AD9-A000-4C94-B3BF-40C2720EA36A},Sayo,ET041805,Kelem Wellega,ET0418,Oromia,ET04,34.849725,8.577727
46092,ALAKU SOXI  KAMISA MARKET CENTER,{9B485D29-7EEC-4C2E-ABBF-36EE3C9E67D0},Sayo,ET041805,Kelem Wellega,ET0418,Oromia,ET04,34.739445,8.646823
45258,Ye Shebel Fana Kebele Gebeya Bota.,{FA23FC5C-F9FE-4733-90F2-419BE6F06F70},Anfilo,ET041807,Kelem Wellega,ET0418,Oromia,ET04,34.585091,8.487848
45282,Yetti Eyihud Gabaya,{A214BD6C-0662-4B67-A121-CAE290457155},Anfilo,ET041807,Kelem Wellega,ET0418,Oromia,ET04,34.565555,8.524627
45288,Ye Huhudi Gabaya,{D7BC0A0E-0D1E-4659-92BD-F0086C726D6F},Anfilo,ET041807,Kelem Wellega,ET0418,Oromia,ET04,34.625550,8.464955
45294,Ye Kuro Gabaya,{5A87840F-AACE-406E-8E0E-6B2B36CCF205},Anfilo,ET041807,Kelem Wellega,ET0418,Oromia,ET04,34.647517,8.498462
45307,Duri Gabeya bota,{5FFFB175-563D-45D6-8013-0CD440F39D6C},Anfilo,ET041807,Kelem Wellega,ET0418,Oromia,ET04,34.548362,8.503911
45308,Yaga Gabeya bota,{E0A2E0C3-7BE9-4347-8F9D-BA73440364F2},Anfilo,ET041807,Kelem Wellega,ET0418,Oromia,ET04,34.531465,8.531243
45311,Gomi Gabeya bota,{2178FFE5-FDDE-472F-BBAD-493C4868BEC7},Anfilo,ET041807,Kelem Wellega,ET0418,Oromia,ET04,34.529276,8.515853
45331,Ye Gebeya Bota.,{6DC2684B-7577-4F8C-B491-0F0CE3525618},Anfilo,ET041807,Kelem Wellega,ET0418,Oromia,ET04,34.647442,8.765993
45343,Ye Fandacha Arbi gabaya  bota,{AD682B2B-3520-447D-BAFE-9F16FC1BEE86},Anfilo,ET041807,Kelem Wellega,ET0418,Oromia,ET04,34.710748,8.757408
45389,Lelo,{44887BC7-418C-4E29-9C52-277FE315A22D},Dale Sadi,ET041808,Kelem Wellega,ET0418,Oromia,ET04,35.178300,8.972790
45411,Arere Danbal,{79A4C41E-6342-4448-ADCC-0F5A8979E531},Dale Sadi,ET041808,Kelem Wellega,ET0418,Oromia,ET04,35.245687,8.988600
45416,Babo tulu abba bori Gebaya bota,{DBA7B886-D440-4A83-9970-B08FE37A999E},Dale Sadi,ET041808,Kelem Wellega,ET0418,Oromia,ET04,35.205677,9.095420
45635,HORO KUNDI GEBEYA BOTA,{D85C161E-3A7D-4C85-8603-CF9FF69213CA},Gidami,ET041809,Kelem Wellega,ET0418,Oromia,ET04,34.665753,8.958397
45652,BIKILTU ABOTE,{46324A30-AFBF-4BEB-A475-6D4E736811E0},Gidami,ET041809,Kelem Wellega,ET0418,Oromia,ET04,34.561679,9.077053
45670,UNE HORO DHAYE,{44624645-18DF-4DC1-B3B0-09A0D9068B9A},Gidami,ET041809,Kelem Wellega,ET0418,Oromia,ET04,34.683697,8.978806
45728,BUR EHUD GEBEYA CENTER,{607DDF54-7EC5-482B-8A84-0A0A46777A98},Gidami,ET041809,Kelem Wellega,ET0418,Oromia,ET04,34.538431,9.015539
45871,YE ATO DEBELA REGA'A,{C6F0C388-2571-44F1-A77B-14A2FC1522FD},Jimma Horo,ET041810,Kelem Wellega,ET0418,Oromia,ET04,34.722370,9.044452
45931,SARBA,{83F86E00-5E52-4D08-952B-55EA2424B33C},Lalo Kile,ET041811,Kelem Wellega,ET0418,Oromia,ET04,35.310218,9.001013
45962,BONSA KUYU KEBELE,{F96C1244-5455-4A54-8D3F-BF4BEA3216B4},Lalo Kile,ET041811,Kelem Wellega,ET0418,Oromia,ET04,35.302097,8.854242
46617,Kaara1,{2405D6DC-3989-4B83-BBD0-41B8D06C4547},Horo,ET041901,Horo Gudru Wellega,ET0419,Oromia,ET04,37.068860,9.457992
46382,Watiyo Gebeya Bota,{AC7EA699-F8C2-4DAA-AECB-42334247AAF9},Guduru,ET041903,Horo Gudru Wellega,ET0419,Oromia,ET04,37.530298,9.398903
46227,Kubsa,{285DE4D0-F28C-452B-A1D9-9F2ED0E70D70},Ababo,ET041904,Horo Gudru Wellega,ET0419,Oromia,ET04,37.515267,9.754833
46255,Kubsa,{FA0CF320-D602-459A-9178-2983168825D3},Ababo,ET041904,Horo Gudru Wellega,ET0419,Oromia,ET04,37.515267,9.754833
46283,Kubsa,{83F1E3EC-C715-4840-AC5D-52E7B52BBB40},Ababo,ET041904,Horo Gudru Wellega,ET0419,Oromia,ET04,37.515267,9.754833
46311,Kubsa,{38A77E5C-D938-47F3-91A9-98B9801CB796},Ababo,ET041904,Horo Gudru Wellega,ET0419,Oromia,ET04,37.515267,9.754833
46780,KUISA GEBEYA BOTA,{FAA9D6F5-ECC5-4E83-BA93-69D2758CED81},Abay Chomen,ET041905,Horo Gudru Wellega,ET0419,Oromia,ET04,37.413920,9.787493
46788,LAGA GABA,{B7E6DF05-11DE-4678-9875-CEB84F6C214A},Abay Chomen,ET041905,Horo Gudru Wellega,ET0419,Oromia,ET04,37.276534,9.750202
46789,HOMA KULKULA,{80B4A6F6-2371-43DE-95D5-8DBFA755E5F2},Abay Chomen,ET041905,Horo Gudru Wellega,ET0419,Oromia,ET04,37.277003,9.767913
46810,GABAYA KUYISA,{94F4ED5B-6F29-4596-80AE-32A386D0085E},Abay Chomen,ET041905,Horo Gudru Wellega,ET0419,Oromia,ET04,37.415100,9.785348
46587,Geba robi Gebeya bota,{B708540B-0260-417A-9DC6-9537A678718E},Jimma Genete,ET041906,Horo Gudru Wellega,ET0419,Oromia,ET04,37.116341,9.484934
46483,Market Center,{347F006B-EE33-49D9-859E-DFF0261616CE},Jimma Rare,ET041907,Horo Gudru Wellega,ET0419,Oromia,ET04,37.287873,9.243649
46496,Bedaworke merket center,{F0D91224-468A-4D35-B6E3-8C3902C4982A},Jimma Rare,ET041907,Horo Gudru Wellega,ET0419,Oromia,ET04,37.239208,9.230668
46519,Market Center,{66CF23DE-258E-47CF-8323-46E27C771E4B},Jimma Rare,ET041907,Horo Gudru Wellega,ET0419,Oromia,ET04,37.287873,9.243649
46532,Bedaworke merket center,{E78CDFE6-A6B8-4913-BF97-995F950F2C00},Jimma Rare,ET041907,Horo Gudru Wellega,ET0419,Oromia,ET04,37.239208,9.230668
51380,Facase Gabeya,{AA210D25-4B17-4845-9180-494CA49F55E3},Jimma Rare,ET041907,Horo Gudru Wellega,ET0419,Oromia,ET04,37.364282,9.158716
46352,Ye Senbata Market,{BF7AEF43-12BE-4577-8F0C-A08A0BF8A010},Amuru,ET041909,Horo Gudru Wellega,ET0419,Oromia,ET04,37.060583,10.161352
46660,Wobance market Center,{89BCFC9A-AA1B-42E5-8C99-B691E4A9BE61},Abe Dongoro,ET041910,Horo Gudru Wellega,ET0419,Oromia,ET04,36.847037,9.534523
46677,Ihud gabiya,{D08F612C-F2CA-45AF-872B-D9F0B7730B35},Abe Dongoro,ET041910,Horo Gudru Wellega,ET0419,Oromia,ET04,36.816738,9.678763
46714,Sagno gabiya,{820C7B98-FA05-435A-BF7B-EC7BDAA53E1E},Abe Dongoro,ET041910,Horo Gudru Wellega,ET0419,Oromia,ET04,36.757143,9.561443
46730,Mander 20,{E737DF46-DC06-45F3-B566-99F7B117E4FD},Abe Dongoro,ET041910,Horo Gudru Wellega,ET0419,Oromia,ET04,36.723083,9.534058
46386,Fachase Gebiya bota,{50B33E52-81FC-4A5E-8F11-E3DAD3A552CD},Choman Guduru,ET041911,Horo Gudru Wellega,ET0419,Oromia,ET04,37.312987,9.402518
46406,Chambe,{6CA9E2F1-6698-4A4D-A98A-8F76F5E2EA73},Horo Buluk,ET041912,Horo Gudru Wellega,ET0419,Oromia,ET04,37.153773,9.668467
49545,ROBI,{D2886A9D-F7B6-4E90-A26C-07A735AFB2E6},Sebeta Hawas,ET042006,Finfine Special,ET0420,Oromia,ET04,38.747498,8.625472
52317,Kidame Yegabia bota,{6BF682F5-151F-47B6-8923-A37A8909E74A},Sebeta Hawas,ET042006,Finfine Special,ET0420,Oromia,ET04,38.692962,8.689447
52322,Dika Dangago kamisi gabaya bota,{BCB01209-11E0-4689-AAC9-4E94B4B6F103},Sebeta Hawas,ET042006,Finfine Special,ET0420,Oromia,ET04,38.697884,8.784874
52697,Roge Abu gebiya bota,{01ABC7EF-0EF6-4EFD-91B8-43E5B1E5F13F},Bereh,ET042011,Finfine Special,ET0420,Oromia,ET04,38.985713,8.965050
52703,HOJA DURE KURA JIDA,{DC7B38B9-7824-451E-B438-BB8ED1B66889},Bereh,ET042011,Finfine Special,ET0420,Oromia,ET04,38.933039,8.989575
52578,ROBGABAYA GEBEYA BOTA,{F97AFEA5-5888-41DF-898C-676B9599FB0D},Sululta,ET042013,Finfine Special,ET0420,Oromia,ET04,38.693380,9.334427
52630,MUGER GEBIYA BOTA,{98CE501F-4DB0-4883-A256-BB26519EF4D8},Sululta,ET042013,Finfine Special,ET0420,Oromia,ET04,38.585392,9.488423
52463,Merikos gebiya bota,{25A752F6-101E-4576-B62E-176C5C0330AB},Welmera,ET042014,Finfine Special,ET0420,Oromia,ET04,38.546243,9.035512
52464,lafa gaba kamisa,{849197F1-C60C-4BD5-A81A-85D53E56DCA9},Welmera,ET042014,Finfine Special,ET0420,Oromia,ET04,38.442460,8.938550
52490,Te Telacho Gabiya bota,{FB87905B-2A65-485C-9A2B-2214F87BB0AB},Welmera,ET042014,Finfine Special,ET0420,Oromia,ET04,38.464848,9.172490
47241,ye Safoge  gebya bota,{7D42EDA7-BE5D-4DDB-ACEB-572BD1125E95},Gololcha Bale,ET042101,East Bale,ET0421,Oromia,ET04,40.384802,7.348435
47294,Dobi Gebeya bota,{B035E28E-C379-4BA9-9DE9-80AD9E29F28E},Gololcha Bale,ET042101,East Bale,ET0421,Oromia,ET04,40.531368,7.432012
47321,Buria gebeya bota,{4BA8B911-9B30-4F29-BCBD-D4BDD1CFA24D},Gololcha Bale,ET042101,East Bale,ET0421,Oromia,ET04,40.753302,7.563578
47435,Harkiso,{396AE71D-B0F4-43E1-B4EB-5C07EA5EF5C7},Lege Hida,ET042102,East Bale,ET0421,Oromia,ET04,41.182282,7.990772
47116,karamegene gebea,{F2FB8349-5B2F-4901-9091-D244EB9224A9},Ginir,ET042103,East Bale,ET0421,Oromia,ET04,40.415113,7.225680
47150,akash,{E0F410D8-5714-48D5-9278-827DC114DF04},Ginir,ET042103,East Bale,ET0421,Oromia,ET04,40.615047,7.197277
47217,yeketeti gebeya,{42769DDD-1854-48CA-9D26-B9D0B9576B23},Ginir,ET042103,East Bale,ET0421,Oromia,ET04,40.826827,7.137750
37578,taywan,{96F597E6-1621-4B63-AFCF-33CF1A887AF9},Degehamedo,ET050301,Jarar,ET0503,Somali,ET05,43.074401,8.004514
37553,abdulahi shop,{5ACD4344-FC71-4711-9EEF-5EA8AD63C0F9},Ararso,ET050395,Jarar,ET0503,Somali,ET05,43.440631,8.833957
37390,WITKAL KEKELE YE FIYEL GEBEYA,{A5B2A163-08A1-4753-9452-437EBBAD9A95},Barey,ET050807,Afder,ET0508,Somali,ET05,42.792902,5.013051
37904,Boriyale Kebele Yekebit   Gebaya Bota,{4FBDEC32-7A8E-4E14-884C-1946896415BE},Dolo Ado,ET050902,Liban,ET0509,Somali,ET05,41.837005,3.978609
37915,Ye Helewoyne Market Senter,{85530A6E-3AB7-472F-B3AA-EB7B279F689E},Dolo Ado,ET050902,Liban,ET0509,Somali,ET05,41.859488,4.367475
47024,ye fursa gabaya,{96A23A2F-79E2-4084-86CB-DE51DF89A009},Goro Baqaqsa,ET050903,Liban,ET0509,Somali,ET05,41.132056,6.333461
37927,ye melka dida gebeya maekele,{B5442120-F1DB-492E-A744-66FD47ADEF40},Bokolmayo,ET050999,Liban,ET0509,Somali,ET05,41.724067,4.524880
19110,MANBUK GEBAYA,{99230FA2-7A14-498E-84F7-4DE75EAFCF6D},Dangur,ET060201,Metekel,ET0602,Benishangul Gumz,ET06,36.237029,11.297575
19157,YE JAVA KEBELE KIDAME GEBIYA BOTA,{DAB8F344-1B07-404F-A5A6-BEFB481A3222},Dangur,ET060201,Metekel,ET0602,Benishangul Gumz,ET06,36.191402,11.629074
19180,AREDBER YMEGAY EHUEDYT GEBAYA,{8D3F6DA3-44EA-4D5C-934F-237DFE802EFB},Guba,ET060202,Metekel,ET0602,Benishangul Gumz,ET06,35.071278,11.372510
19456,Gesengesa,{012DFD1A-6EBC-4095-B7A6-2ED1B0840718},Wembera,ET060203,Metekel,ET0602,Benishangul Gumz,ET06,35.793049,10.584624
19466,FERE,{BC58B4A7-F7F8-44D1-9A9A-CF19E523E5C4},Wembera,ET060203,Metekel,ET0602,Benishangul Gumz,ET06,35.582983,11.038996
19485,Senkora Yekebet gebaya Bota,{171ACEDE-BC74-4F4F-8122-45FE60D33394},Wembera,ET060203,Metekel,ET0602,Benishangul Gumz,ET06,35.712620,10.577557
19493,Tibigibi. Yegebeia Maekel,{4093985F-DF09-4343-A11D-99E8245641FD},Wembera,ET060203,Metekel,ET0602,Benishangul Gumz,ET06,35.657327,10.552767
19495,Gocher YeGebeya bot,{42E0E309-1A4D-4102-BE3D-537050458008},Wembera,ET060203,Metekel,ET0602,Benishangul Gumz,ET06,35.654703,10.495150
19510,Melkan kebeke Gebeya bota,{8E9D085B-9E33-4ED2-A505-AE1C808912CF},Wembera,ET060203,Metekel,ET0602,Benishangul Gumz,ET06,35.796221,10.775937
19286,EHUED GEBAY,{2C68970C-3B73-48B8-91E6-BA16ADA75E38},Mandura,ET060204,Metekel,ET0602,Benishangul Gumz,ET06,36.327945,11.049312
19551,Maxana Bafuri kebele markete center,{4D908859-64D9-4BA1-B5A5-D2B7FDE1366E},Bulen,ET060207,Metekel,ET0602,Benishangul Gumz,ET06,36.005395,10.519771
19706,ROB GEBIYA,{74E0B191-64AD-4E74-96D5-9822036D40C2},Menge,ET060301,Assosa,ET0603,Benishangul Gumz,ET06,34.795488,10.295615
19249,GOT 2,{E419923B-6535-4875-86F5-487422A08AF0},Kurmuk,ET060302,Assosa,ET0603,Benishangul Gumz,ET06,34.385055,10.353375
19261,ABADE YEGBEYA BOTA,{013FDFD6-578F-4A4C-9043-17B3E44DAE0A},Kurmuk,ET060302,Assosa,ET0603,Benishangul Gumz,ET06,34.550812,10.518767
19269,DILASHA ARBE GEBEYA,{E1E94B0D-2934-4A71-9AF1-D28828E852BC},Kurmuk,ET060302,Assosa,ET0603,Benishangul Gumz,ET06,34.549195,10.625438
19040,YE 46 AMUS GEBAYA,{382BBE25-F2C0-4599-A5CD-DC760DFEFD34},Bambasi,ET060305,Assosa,ET0603,Benishangul Gumz,ET06,34.689914,9.842787
19055,SEGNO GEBIYA,{47D2E3DA-6C57-48AF-AE25-D6987ACF8CCD},Bambasi,ET060305,Assosa,ET0603,Benishangul Gumz,ET06,34.659426,9.950179
19061,SISA 1,{C731FE74-E705-45F4-8147-3DA948EBA58F},Bambasi,ET060305,Assosa,ET0603,Benishangul Gumz,ET06,34.778125,9.955436
19064,BUEDA SELGA GEBYA,{8CFDFCB2-F2D0-466B-85C0-4C372BDF0F0F},Bambasi,ET060305,Assosa,ET0603,Benishangul Gumz,ET06,34.769705,9.996186
19068,ESHMA,{12B40E7E-7A2F-43ED-B655-77CC1C0F3F97},Bambasi,ET060305,Assosa,ET0603,Benishangul Gumz,ET06,34.721912,9.845760
19076,WEMBA SIDETEGNOCH GEBEYA,{A9A1C013-1B2D-4D50-AFD0-F8D2F86B0830},Bambasi,ET060305,Assosa,ET0603,Benishangul Gumz,ET06,34.777673,9.775757
19079,MAKSEGNO GEBEYA,{C8BED4FC-6715-46F7-ADE2-52F679D4A31B},Bambasi,ET060305,Assosa,ET0603,Benishangul Gumz,ET06,34.774772,9.678007
19093,BOSHEMA KARGAGE YA GEBEYA BOTA,{DCC33818-BF1E-4970-AB86-21EC3D5665A8},Bambasi,ET060305,Assosa,ET0603,Benishangul Gumz,ET06,34.559270,9.711711
19095,BOSHMA MAEKL 2,{DD77C198-C574-490F-8E25-D385964D7F9C},Bambasi,ET060305,Assosa,ET0603,Benishangul Gumz,ET06,34.567601,9.662836
19306,TUIE YE GEBEYA B0TA,{C40911E6-E2D6-4F21-BEA4-FD9942704909},Bilidigilu,ET060306,Assosa,ET0603,Benishangul Gumz,ET06,35.134471,10.124444
19309,YE ABANGO HAMUS GEBIYA,{B26EC8EF-B069-4920-BEAC-E86F824A3674},Bilidigilu,ET060306,Assosa,ET0603,Benishangul Gumz,ET06,35.090361,10.172124
19315,ZGEBLA  KEBLA   YE GBAY BUETA,{8125E894-D6D8-40B9-BF9C-A10889317C3C},Bilidigilu,ET060306,Assosa,ET0603,Benishangul Gumz,ET06,35.051909,9.992339
19185,ZONE B BLOCK 1 MARKET CENTER,{8EB10E1A-6BEE-48BC-A9A0-49B77439DDF0},Homosha,ET060307,Assosa,ET0603,Benishangul Gumz,ET06,34.614375,10.235327
19191,DUNGA HAMUS GEBEYA,{D19E7182-00F2-49FD-9606-54762122950E},Homosha,ET060307,Assosa,ET0603,Benishangul Gumz,ET06,34.596602,10.227760
19198,SEGNO GEBEYA,{8F06062B-803C-43FB-8669-7CAE57A293FA},Homosha,ET060307,Assosa,ET0603,Benishangul Gumz,ET06,34.592358,10.383923
19205,JIMA HAMUS GEBIYA,{A068D67B-215E-43DB-A401-D035E6C4886A},Homosha,ET060307,Assosa,ET0603,Benishangul Gumz,ET06,34.613736,10.365960
19670,ZONE B BLOCK 1 MARKET CENTER,{FC17282C-B3C9-401A-9A51-7E9DCFA8727B},Homosha,ET060307,Assosa,ET0603,Benishangul Gumz,ET06,34.614375,10.235327
19676,DUNGA HAMUS GEBEYA,{4E9F3447-A528-4EFF-95A8-C98ACB2D1608},Homosha,ET060307,Assosa,ET0603,Benishangul Gumz,ET06,34.596602,10.227760
19683,SEGNO GEBEYA,{7AD26965-1DF6-453F-BDB6-074456D9AB8E},Homosha,ET060307,Assosa,ET0603,Benishangul Gumz,ET06,34.592358,10.383923
19690,JIMA HAMUS GEBIYA,{CF9464C0-9F90-48A9-8B21-C8AACD4FDE28},Homosha,ET060307,Assosa,ET0603,Benishangul Gumz,ET06,34.613736,10.365960
19405,YE SHOWA GETER KEBELE GEBEYA BOTA,{34CE55FC-F594-473B-B9F0-6003970CAFEF},Sedal,ET060402,Kamashi,ET0604,Benishangul Gumz,ET06,35.410109,9.829507
19408,MAGOCHAY MARKET CENTER,{0E2EA3C2-03C6-47C8-BFD9-6E4E7A16EED3},Sedal,ET060402,Kamashi,ET0604,Benishangul Gumz,ET06,35.432881,9.870992
19411,SRBA GABEYA BOTA,{C4268087-8FEF-4043-9545-3C1AF5CAA658},Sedal,ET060402,Kamashi,ET0604,Benishangul Gumz,ET06,35.363775,9.926263
19415,GOKAYA MARKET CENTER,{E297B0C2-5DA1-471F-97CC-CE622C2EFA80},Sedal,ET060402,Kamashi,ET0604,Benishangul Gumz,ET06,35.363574,9.926222
19418,ADINQISH MARKET CENTER,{B275DFA6-C424-4086-BD1B-45871A280BA9},Sedal,ET060402,Kamashi,ET0604,Benishangul Gumz,ET06,35.032914,11.117770
19245,MIRMIXXA MARKET CENTER,{9F8F1873-B78D-491F-BD4C-49A78807FCC5},Kamashi,ET060403,Kamashi,ET0604,Benishangul Gumz,ET06,35.801175,9.589355
43087,BAREDU BELO GEBEYA BOTA,{5A373FE5-6002-4C37-9175-21F2C4ED838B},Mizyiga,ET060405,Kamashi,ET0604,Benishangul Gumz,ET06,36.260466,9.337751
44311,SHOP AHAMED SAYID HUSEN,{E78BDA25-BA96-4EB4-B08A-E159FD5B4B95},Mizyiga,ET060405,Kamashi,ET0604,Benishangul Gumz,ET06,36.107627,9.082598
17316,Hamus gebeya,{028D511A-031E-4C4B-8D8E-2CDA2C97CFE5},Gedebano Gutazer Welene,ET070104,Guraghe,ET0701,SNNP,ET07,38.181509,8.370654
17317,Akebel Market center,{B5016786-55F2-47AD-AD76-AF31D44E3F38},Gedebano Gutazer Welene,ET070104,Guraghe,ET0701,SNNP,ET07,38.195781,8.245292
17322,SATURDAY MEREKET CENTER,{9DA809D7-F3F0-4130-B89A-297826B950DF},Gedebano Gutazer Welene,ET070104,Guraghe,ET0701,SNNP,ET07,38.194407,8.317110
17324,Wabon market center,{A4B73F16-62DD-4574-A650-A0B1F1BB3894},Gedebano Gutazer Welene,ET070104,Guraghe,ET0701,SNNP,ET07,38.165730,8.302117
17199,HAMUSGEBEYA,{089EF842-78B4-4300-B67E-26F7E0A47DCA},Sodo,ET070105,Guraghe,ET0701,SNNP,ET07,38.632263,8.363099
17204,makesegno gebeya,{7E67C073-7447-41CC-8410-29F6091C59F3},Sodo,ET070105,Guraghe,ET0701,SNNP,ET07,38.534825,8.427579
17215,HAMUSGEBEYA,{5B1F0C20-64A1-4395-99E4-53E891BE5686},Sodo,ET070105,Guraghe,ET0701,SNNP,ET07,38.632263,8.363099
17230,REFENSO GEBEYA,{C8D24F3B-A7F9-415E-B133-7D8C29D4A54D},Sodo,ET070105,Guraghe,ET0701,SNNP,ET07,38.612154,8.215820
17280,HAMUS GEBAYA,{584BBD4B-E6B1-45B4-8041-9C414BDF227E},Meskan,ET070106,Guraghe,ET0701,SNNP,ET07,38.310925,8.140652
17283,ODO GEBEYA,{166E4228-3B4E-4B7C-B0EF-7F37AD31CD0D},Meskan,ET070106,Guraghe,ET0701,SNNP,ET07,38.312519,8.079091
17284,erob gebeya,{9B044EE2-0186-48F6-8174-32DB6CB85751},Meskan,ET070106,Guraghe,ET0701,SNNP,ET07,38.291075,8.128719
17375,DAKUNA MARIKET,{FF9C6F4A-37D4-42CE-B7B5-85F148A4BC55},Cheha,ET070110,Guraghe,ET0701,SNNP,ET07,37.991942,8.083090
17383,DAKUNA MARIKET,{2454D93D-9788-413B-A08B-D597C5678B4F},Cheha,ET070110,Guraghe,ET0701,SNNP,ET07,37.991942,8.083090
17350,egeze gebeya,{28413C09-8B2F-4A78-8EB7-F9FFF64B770F},Enemor Ener,ET070111,Guraghe,ET0701,SNNP,ET07,37.837460,7.947434
17353,shola gebeya,{7BED8CF7-B557-4250-98FE-DC4DED6C0BA9},Enemor Ener,ET070111,Guraghe,ET0701,SNNP,ET07,37.852261,7.997766
17355,ye amogera klaster hibret suk,{CBF03395-BFD7-45FF-AA57-37D7DD3DB426},Enemor Ener,ET070111,Guraghe,ET0701,SNNP,ET07,37.841282,8.006443
17257,CHEZAYEKBTGEBYA,{BA354F9B-E594-4A43-8312-2F322E458CB6},Muhur Na Aklil,ET070112,Guraghe,ET0701,SNNP,ET07,38.113420,8.203314
17305,AREMUA GURO GEBEYA,{8F2502A0-D3DF-47D2-B1EC-D4087B2432D1},Geta,ET070113,Guraghe,ET0701,SNNP,ET07,38.002176,7.953467
17306,AREMUA GURO GEBEYA,{B207099D-879A-48CC-9DE8-0E037BCBE4C4},Geta,ET070113,Guraghe,ET0701,SNNP,ET07,38.002176,7.953467
17496,YESIKO KEBELE YEGEBEYA MAIKEL,{B14E6732-B0A2-4A0C-917A-E3DCE72B843A},Misha,ET070201,Hadiya,ET0702,SNNP,ET07,37.777698,7.729937
17497,DILBARA MARKET CENTER,{E8C03B4A-4D16-4AFF-80EE-4685892EEAF6},Misha,ET070201,Hadiya,ET0702,SNNP,ET07,37.779373,7.710805
17501,WACHE GEBEYA,{07521A33-2B81-493C-876F-2C4E42F1CD49},Misha,ET070201,Hadiya,ET0702,SNNP,ET07,37.846040,7.669845
17502,ABUSHURA MATKET CENTER,{03ACD797-61CB-44C9-AA80-3552BB4CF005},Misha,ET070201,Hadiya,ET0702,SNNP,ET07,37.837338,7.660057
17504,KUNEFA GEBAYA CENTER,{5A98DF6A-491F-404A-AE62-F32AD8FC6E62},Misha,ET070201,Hadiya,ET0702,SNNP,ET07,37.859655,7.730470
17596,SANBETE,{39751548-D4F6-4D39-B434-05B05721C7FF},Gombora,ET070202,Hadiya,ET0702,SNNP,ET07,37.771297,7.578297
17650,darisho gebeya meikal,{E1BD81D5-372D-490B-9A8A-C59EB6798E3A},Gombora,ET070202,Hadiya,ET0702,SNNP,ET07,37.625072,7.542258
17653,Missa Gabaya maikal,{43980E68-F857-4740-995F-782E81930EBA},Gombora,ET070202,Hadiya,ET0702,SNNP,ET07,37.643322,7.534013
17661,Orob gabaya,{2CB410BD-0343-489F-8D6B-A917262E276F},Gombora,ET070202,Hadiya,ET0702,SNNP,ET07,37.583675,7.549542
17664,Oride Erob Gabaya,{221BE342-0DED-40F7-B837-E074AB9B8EB3},Gombora,ET070202,Hadiya,ET0702,SNNP,ET07,37.631408,7.587910
17675,Gote[olawa] gabaya maekal,{CC52F9E2-C187-4D09-B9F8-452EC4016851},Gombora,ET070202,Hadiya,ET0702,SNNP,ET07,37.677668,7.617772
17681,Masi bira gabaya maekal,{4AE1005D-972A-4C58-B53B-8FF179B43768},Gombora,ET070202,Hadiya,ET0702,SNNP,ET07,37.672373,7.587595
17687,Romera giraramo market center,{075C9A36-F937-4B26-A2AD-674C266F2405},Gombora,ET070202,Hadiya,ET0702,SNNP,ET07,37.702652,7.585858
17688,Shalala(Gote) market center,{206EBC3B-4273-484F-B410-7E97B30E07C2},Gombora,ET070202,Hadiya,ET0702,SNNP,ET07,37.744392,7.556087
17689,Yegorta kebele gabaya maekal,{66F224D0-E800-4E85-AE13-87611D128B15},Gombora,ET070202,Hadiya,ET0702,SNNP,ET07,37.735183,7.535575
17692,Sanbate ajabo gabaya maekal,{4B01AFD4-0CC8-454C-9436-BD96DB00C2D1},Gombora,ET070202,Hadiya,ET0702,SNNP,ET07,37.717497,7.581318
17559,binyam mengistu store,{252D262B-A01D-4670-9E31-DCF36BDEC293},Lemmo,ET070203,Hadiya,ET0702,SNNP,ET07,37.893615,7.548143
17570,GABO,{CB6497B5-438E-4DC7-AED0-07AA04D43581},Lemmo,ET070203,Hadiya,ET0702,SNNP,ET07,37.859360,7.613158
17581,YE SHURMO KETMA,{A3E78DC6-47C5-43A3-ADE3-D0CADC74ED69},Lemmo,ET070203,Hadiya,ET0702,SNNP,ET07,37.889358,7.648427
17582,GEDE,{657C4D11-82DF-4129-85EA-924808DFF124},Lemmo,ET070203,Hadiya,ET0702,SNNP,ET07,37.867628,7.643524
17610,THEBEOSSO,{18CF6BFA-1F43-435F-8AB0-B86341B5CEF7},Lemmo,ET070203,Hadiya,ET0702,SNNP,ET07,37.786848,7.426117
17618,BIRACHEMO,{2DAA08E8-EF46-4249-8B71-8FBF85A7A95D},Lemmo,ET070203,Hadiya,ET0702,SNNP,ET07,37.856684,7.495273
17462,KELLA,{A9ECEE07-D20F-4BB9-9100-AD1FBA0A39FE},Shashogo,ET070204,Hadiya,ET0702,SNNP,ET07,38.037378,7.553933
17464,EROPH MERA,{0D361D64-CDA1-444C-9EDF-5FC448CE895C},Shashogo,ET070204,Hadiya,ET0702,SNNP,ET07,37.984517,7.477992
17467,JEMAYA,{01EB5B39-097C-423D-B7D2-A7468FF88DB3},Shashogo,ET070204,Hadiya,ET0702,SNNP,ET07,38.018262,7.444513
17475,HIRKO,{E9E10A95-410A-4DBE-B4E6-36076ADB4D0F},Shashogo,ET070204,Hadiya,ET0702,SNNP,ET07,37.955407,7.424838
17484,MAZORIA GABEYA,{F51AE586-B402-457E-8260-E160E44DFEB6},Misrak Badawacho,ET070205,Hadiya,ET0702,SNNP,ET07,37.956078,7.185768
17441,SHARA MARKET CENTER,{D535CCEB-D438-49C7-9FA2-03625D3B1DC8},Soro,ET070206,Hadiya,ET0702,SNNP,ET07,37.582414,7.427769
17699,nigidi gabaya,{3DCAB4E7-27E7-46D1-B652-658F13A1D067},Duna,ET070207,Hadiya,ET0702,SNNP,ET07,37.698402,7.304896
17700,hamus gabaya,{C40FB2B2-825B-4806-814A-5E5EBB00ACBD},Duna,ET070207,Hadiya,ET0702,SNNP,ET07,37.699526,7.317582
17703,Senmera gebeya sifra,{5E8C8822-CA81-40C7-9FB8-2A436E95484A},Duna,ET070207,Hadiya,ET0702,SNNP,ET07,37.615246,7.328444
17712,Bula gebeya,{EFA0E290-9750-4382-AD66-E10E0EF6290D},Duna,ET070207,Hadiya,ET0702,SNNP,ET07,37.727014,7.332088
17719,Aribe Mera,{6E05CBFE-DFF1-4868-9DB3-F0575C926983},Duna,ET070207,Hadiya,ET0702,SNNP,ET07,37.706277,7.362903
17723,kedame gebeya,{82208418-77B4-43D4-80DC-DFEDD08D1D53},Duna,ET070207,Hadiya,ET0702,SNNP,ET07,37.758426,7.324046
17730,dunmera gebeya,{A49F7D71-A95C-4B0C-B878-B6BD5D484265},Duna,ET070207,Hadiya,ET0702,SNNP,ET07,37.675235,7.399697
17735,Sanegeye Gabaya,{29F67154-613B-420B-96E1-2DB8806D4237},Duna,ET070207,Hadiya,ET0702,SNNP,ET07,37.631568,7.324085
17747,Kebecho Kidame Gebeya,{7E0B334E-3401-4E71-8F51-A8BA67ED9B97},Analemmo,ET070208,Hadiya,ET0702,SNNP,ET07,37.995935,7.603067
17515,Sibaya hamus gabaya,{D42EA8CF-E53A-472A-8E01-4609EE8F5216},Mirab Badowach,ET070209,Hadiya,ET0702,SNNP,ET07,37.891249,7.184559
17518,Ye Ofoda kebele woga gabaya maekal,{5499C3D3-4A94-4E54-A721-B292435B0615},Mirab Badowach,ET070209,Hadiya,ET0702,SNNP,ET07,37.869353,7.175460
17519,Ye2gna koto kebele gabaya bota,{3402B213-D7A7-481F-B620-C81B2041967A},Mirab Badowach,ET070209,Hadiya,ET0702,SNNP,ET07,37.820900,7.168308
17520,Ye Yabukuna kebele gabaya maekal,{84495F7D-63BB-4555-9A7A-BE3A90634817},Mirab Badowach,ET070209,Hadiya,ET0702,SNNP,ET07,37.827188,7.112293
17521,Mihrab Ajaba kebele sagno gabaya bota,{8B427CD4-2305-4921-BEAD-DC525DDE7894},Mirab Badowach,ET070209,Hadiya,ET0702,SNNP,ET07,37.900788,7.184895
17524,Deda Gabaya,{FEA2C615-4E24-4ED5-8C83-060D5B66C511},Mirab Badowach,ET070209,Hadiya,ET0702,SNNP,ET07,37.846995,7.112457
17528,Ye Weraboya Magisagno Gabiya,{34488CE2-2A7F-4FE2-86D5-68F3A6C7D7A6},Mirab Badowach,ET070209,Hadiya,ET0702,SNNP,ET07,37.890188,7.192950
17529,Ye Hawora Magisagno Gabiya,{FA4EAEE0-356C-4DB0-BF93-365FEC4C583A},Mirab Badowach,ET070209,Hadiya,ET0702,SNNP,ET07,37.759063,7.127340
17532,1gnakashara kebele gabaya bota,{AE268CEA-5795-4866-AF01-4AB270CB3F3B},Mirab Badowach,ET070209,Hadiya,ET0702,SNNP,ET07,37.794023,7.111935
17536,1gna Kotto Kebele gabaya maekal,{A3ED49B0-3A18-464E-8880-015E8CAAA825},Mirab Badowach,ET070209,Hadiya,ET0702,SNNP,ET07,37.822213,7.168678
17634,ajogido,{A096A449-9377-40E1-A225-28BEC926B494},Gibe,ET070210,Hadiya,ET0702,SNNP,ET07,37.713907,7.788888
17635,lareba,{C52FFAFB-A53B-460A-8F73-57232E4B6AB4},Gibe,ET070210,Hadiya,ET0702,SNNP,ET07,37.697361,7.810180
17503,DUNAGEMEDO KEBELE GEBEYA MAIKEL,{C341BEA1-90B6-4444-98F7-F5E7DEE38D1E},Ameka,ET070215,Hadiya,ET0702,SNNP,ET07,37.821350,7.755805
17450,ORCHA KEBELE,{245BF839-77F3-4262-9D7A-C429A9D15DA0},Mirab Soro,ET070217,Hadiya,ET0702,SNNP,ET07,37.461107,7.344879
12551,SOYAME,{A387648D-5B55-459C-935D-D089ECF84D8C},Tembaro,ET070301,Kembata Tembaro,ET0703,SNNP,ET07,37.597735,7.239923
12557,KONA,{CD296546-C062-4C1C-ABC2-30AAD7ECAAC1},Tembaro,ET070301,Kembata Tembaro,ET0703,SNNP,ET07,37.468633,7.272992
12558,ABA MEREKT CENTER,{E62105E8-3CEA-4A84-9926-1C1F79153A9E},Tembaro,ET070301,Kembata Tembaro,ET0703,SNNP,ET07,37.460099,7.317110
12559,KOCHE,{A63D73F2-D9F2-46DD-A4BF-035396C4E243},Tembaro,ET070301,Kembata Tembaro,ET0703,SNNP,ET07,37.453642,7.272957
12568,HARBIGEBIYA,{A3D9A6B1-59C6-4ADF-915A-31C4EB4F6952},Tembaro,ET070301,Kembata Tembaro,ET0703,SNNP,ET07,37.489080,7.309031
12570,DEBUB AMIBUKUNA GABIYA,{2E45C029-F920-4A9B-982D-8500111417BF},Tembaro,ET070301,Kembata Tembaro,ET0703,SNNP,ET07,37.578055,7.228545
12578,LE KORITO MARKET CENTER,{A6ABF7F6-F66A-4381-96C6-39E3A2C1406B},Tembaro,ET070301,Kembata Tembaro,ET0703,SNNP,ET07,37.498080,7.313487
12580,BAISA YEGABAYA SIFIRA,{5DF65F57-5F96-444D-BCE5-C763AAFE9EDD},Tembaro,ET070301,Kembata Tembaro,ET0703,SNNP,ET07,37.464829,7.247047
12582,BELELA KOCHI MARIKET,{01E48CB0-48CC-4393-A1AE-5EFFD5214096},Tembaro,ET070301,Kembata Tembaro,ET0703,SNNP,ET07,37.586064,7.213634
12583,HOFETDEKUT,{0009C175-2025-462C-BBE8-82908CC067C2},Tembaro,ET070301,Kembata Tembaro,ET0703,SNNP,ET07,37.567365,7.264818
12584,GIWA,{DF2BF93A-6B6F-43DE-BD93-8D2758278E84},Tembaro,ET070301,Kembata Tembaro,ET0703,SNNP,ET07,37.575107,7.278345
12410,Mesenakebelegabaya bota,{7ACC9D6C-FF28-42B5-A6A7-7ECBB6CCDEF5},Angacha,ET070302,Kembata Tembaro,ET0703,SNNP,ET07,37.834633,7.342792
12431,Gariba Fandide Gabiya Makomiya,{C66EA10C-43B5-4CE2-9AB8-9275AEE3360C},Angacha,ET070302,Kembata Tembaro,ET0703,SNNP,ET07,37.817971,7.310988
12436,babohaka gabaya bota,{C1C3659C-4319-441D-967F-2989D88718F2},Angacha,ET070302,Kembata Tembaro,ET0703,SNNP,ET07,37.863572,7.442298
12441,Adanicho gabya,{FB56CBD8-6778-4E92-AAE5-8D54B25F5256},Angacha,ET070302,Kembata Tembaro,ET0703,SNNP,ET07,37.915470,7.415078
12445,Shamba gabaya bota,{4AA4FC10-7CFB-486C-806F-01102D5F8260},Angacha,ET070302,Kembata Tembaro,ET0703,SNNP,ET07,37.875180,7.338127
12548,ABONSA GABEYA MEKOMBTE BOTA,{4815C6C8-D39F-4877-BE4E-A7AE15398FA7},Kediada Gambela,ET070303,Kembata Tembaro,ET0703,SNNP,ET07,37.916081,7.220718
12508,ashera genes,{44DA3DB6-DB42-456A-B54F-FA6FBABE8905},Kacha Bira,ET070304,Kembata Tembaro,ET0703,SNNP,ET07,37.801669,7.227898
12511,Kela gebeya,{6EB889F6-A30D-4269-96E5-F030DAFAACE8},Kacha Bira,ET070304,Kembata Tembaro,ET0703,SNNP,ET07,37.747953,7.182228
12512,Fundeme gebeya,{67686579-5619-4C75-822C-FC838349CFAF},Kacha Bira,ET070304,Kembata Tembaro,ET0703,SNNP,ET07,37.815566,7.203817
12514,fantu tabelo coffee processing,{434CD282-6E69-4056-B42D-AB4997F650C1},Kacha Bira,ET070304,Kembata Tembaro,ET0703,SNNP,ET07,37.773430,7.174399
12520,Kedame Gebeya,{C3ADA688-6CD1-4483-AB10-F3FD8BED7C46},Kacha Bira,ET070304,Kembata Tembaro,ET0703,SNNP,ET07,37.813439,7.277019
12523,Hegembete gebeya,{CFBD49A1-8058-4DF0-8293-A5EB937AB7E8},Kacha Bira,ET070304,Kembata Tembaro,ET0703,SNNP,ET07,37.810652,7.259294
12530,desalegn dilamo coffee processing plant,{FAFA1F0C-F685-4605-AC46-548B7B1FBA25},Kacha Bira,ET070304,Kembata Tembaro,ET0703,SNNP,ET07,37.720467,7.230489
12489,Fela'icho gabaya bota,{96108CBA-BFC1-4EB8-9155-5EDCD8AFB455},Hadero Tunto,ET070305,Kembata Tembaro,ET0703,SNNP,ET07,37.689727,7.239993
12493,Ameleka Segno Gabya,{18C15D58-826A-4067-A032-1FAB2D4AA2DB},Hadero Tunto,ET070305,Kembata Tembaro,ET0703,SNNP,ET07,37.651329,7.228505
12494,Anisharana gabya,{D233A134-993A-419B-B0D1-18E26E033363},Hadero Tunto,ET070305,Kembata Tembaro,ET0703,SNNP,ET07,37.667015,7.253702
12497,Sodicho Sagno gabaya bota,{E3DAF742-332B-4E5D-AB94-F6B57F93B7FA},Hadero Tunto,ET070305,Kembata Tembaro,ET0703,SNNP,ET07,37.612420,7.244067
12501,Lalo kela gabaya bota,{D86453E3-8FB7-4A0B-8554-8D61492E43FF},Hadero Tunto,ET070305,Kembata Tembaro,ET0703,SNNP,ET07,37.701150,7.228797
12469,HAMUS,{2F17F642-9BD5-4DFB-93B8-F3A95D33398B},Damboya,ET070307,Kembata Tembaro,ET0703,SNNP,ET07,37.928698,7.321168
12470,MAMORO,{E19E32D6-2BA9-4234-B5D4-EE4F3A17A4A8},Damboya,ET070307,Kembata Tembaro,ET0703,SNNP,ET07,37.900362,7.352337
17014,ADES KETEMA,{B464F4BA-3D99-47A2-A6F2-11DDE25FC636},Wenago,ET070501,Gedeo,ET0705,SNNP,ET07,38.219942,6.278153
17020,DOKE,{E5B5A1F3-8A22-4637-BFCF-973F0040C331},Wenago,ET070501,Gedeo,ET0705,SNNP,ET07,38.232737,6.258933
17024,DUMERSOO GEBYA MAEKEL,{18AB87DF-35FA-456E-8395-998D7A6DE0FB},Yirgachefe,ET070502,Gedeo,ET0705,SNNP,ET07,38.211275,6.216567
17043,CHITO TAJISI  MARKET PLACE,{93AD1E7E-6DFE-4E45-9224-FED7BA713F6B},Yirgachefe,ET070502,Gedeo,ET0705,SNNP,ET07,38.186413,6.237103
17054,CHALIBA GABAYA BOTA,{5EBD1EF9-FC5F-40F7-87EB-715FFDB55480},Yirgachefe,ET070502,Gedeo,ET0705,SNNP,ET07,38.208633,6.250622
16916,Baya Gebeya,{09648107-A34E-4045-8EC6-A4222DCD1ECE},Kochere,ET070503,Gedeo,ET0705,SNNP,ET07,38.119876,6.054099
16919,GEFITE NAZIRATE GEBEYA,{41B57302-6DD6-4077-896E-F94E41D182F9},Kochere,ET070503,Gedeo,ET0705,SNNP,ET07,38.184406,6.030677
16923,HAMUS GEBIA,{7274A44B-3BE5-4136-AB14-C3C7454B49B3},Kochere,ET070503,Gedeo,ET0705,SNNP,ET07,38.183662,6.010750
16926,DARARITU GEBEYA,{4EBC48B0-2F46-4446-89D2-9D2DA17A8A9E},Kochere,ET070503,Gedeo,ET0705,SNNP,ET07,38.163483,6.035712
16940,SHIFO GEBEYA,{BCDAC102-D154-437A-9D81-FA882B76FDB2},Kochere,ET070503,Gedeo,ET0705,SNNP,ET07,38.197895,5.966322
16943,CENECASE MAREKATE MAKELE,{1DAD0B3A-2515-404D-9AB5-03E4A9FCA8D9},Kochere,ET070503,Gedeo,ET0705,SNNP,ET07,38.116187,6.064803
16962,HAMA DINGETE GEBEYA,{6619CD3D-217E-45D8-95DE-E3DC46D8C250},Kochere,ET070503,Gedeo,ET0705,SNNP,ET07,38.175223,6.048952
16830,gelidacho gebeya bota,{83B6FA8E-EBDE-43B8-9600-4A64C2B06E2E},Bule,ET070504,Gedeo,ET0705,SNNP,ET07,38.379031,6.349028
16831,elalcha gebeya bota,{7034ED34-0CD7-47B1-892F-24D2924BAE91},Bule,ET070504,Gedeo,ET0705,SNNP,ET07,38.419735,6.274277
16839,ASGORE GEBEYA,{39052B28-C4ED-40FD-A1F2-074AB01BE20E},Bule,ET070504,Gedeo,ET0705,SNNP,ET07,38.356543,6.269652
16840,Kolisho Gebeya,{1B0F2518-7E03-410E-BE52-9BB9D572065D},Bule,ET070504,Gedeo,ET0705,SNNP,ET07,38.370490,6.277398
16841,Dero Gebeya,{6E1FA44E-932A-4891-A26E-D6BB03E60AE3},Bule,ET070504,Gedeo,ET0705,SNNP,ET07,38.359912,6.318223
16867,bucise market center,{12C93319-4C2C-4BE8-A6DA-4E851AA89430},Dila Zuria,ET070505,Gedeo,ET0705,SNNP,ET07,38.336573,6.308724
16868,shashemane market center,{03187D02-C934-43B0-8DFB-63F404A75063},Dila Zuria,ET070505,Gedeo,ET0705,SNNP,ET07,38.342317,6.267487
16872,mane gebeya,{6453190C-CEF7-4640-8088-9C5DB9C56B33},Dila Zuria,ET070505,Gedeo,ET0705,SNNP,ET07,38.328062,6.357913
16875,eshet buna gebeya,{807BC277-798F-4CE3-977C-F21D4951D67D},Dila Zuria,ET070505,Gedeo,ET0705,SNNP,ET07,38.303805,6.365362
16877,gobata gebeya,{3E9401F2-1DF3-4F1F-B312-554517F96A01},Dila Zuria,ET070505,Gedeo,ET0705,SNNP,ET07,38.304740,6.363273
16880,chichu wana gebeya,{3FA83115-AAAF-4860-8487-95146F5A763D},Dila Zuria,ET070505,Gedeo,ET0705,SNNP,ET07,38.309170,6.372146
16892,hoticha kochi gebeya,{86A91C5F-FBAC-45CD-9158-FD73ED09B02B},Dila Zuria,ET070505,Gedeo,ET0705,SNNP,ET07,38.346529,6.289877
16893,wochema kochi gebeya,{09C866A4-B87D-42DA-9C8B-3D0ACCA9047F},Dila Zuria,ET070505,Gedeo,ET0705,SNNP,ET07,38.345256,6.291245
16833,mando wolage gebeya bota,{D83EE6FB-2407-45BF-BA5B-6C5FC4EC44BF},Rape,ET070509,Gedeo,ET0705,SNNP,ET07,38.405264,6.186452
16835,haro yegebeya bota,{EFE7345D-04FB-47AF-A671-841652714BBA},Rape,ET070509,Gedeo,ET0705,SNNP,ET07,38.354074,6.204563
16838,layo ersa gebeya bota,{A6DCBEFD-1228-4670-9F99-DD7E358AF801},Rape,ET070509,Gedeo,ET0705,SNNP,ET07,38.342948,6.097817
16953,GOLOLICHA MENDERE GEBEYA,{6FF3AA31-7EB4-48AA-8792-132296FAF372},Churso,ET070510,Gedeo,ET0705,SNNP,ET07,38.216663,6.059220
12922,Ye Afama Garo Pulasa Gebeya,{CF525E5C-FC29-47A6-B793-E3E28D8B4C9B},Boloso Sore,ET070601,Wolayita,ET0706,SNNP,ET07,37.631401,7.029081
12927,Ye Afama Adila Gebeya,{BABDD036-5224-4E0A-82FC-51A9EB193C9F},Boloso Sore,ET070601,Wolayita,ET0706,SNNP,ET07,37.652357,7.081472
12954,DamotMokonisa Gebeya,{4D60D9A8-4589-4B9F-A2FC-EB4D1E2AB471},Damot Gale,ET070602,Wolayita,ET0706,SNNP,ET07,37.939382,7.004965
12957,harto kontola  gebeya meda,{DE4534D0-FCA3-4C76-8545-EC16D40B5297},Damot Gale,ET070602,Wolayita,ET0706,SNNP,ET07,37.963580,7.056392
12966,Ye Konasa Pulasa Gebeya,{5C1B17FB-55BF-4323-ADAF-CB52B0965A15},Damot Gale,ET070602,Wolayita,ET0706,SNNP,ET07,37.758930,6.961052
12975,bilbo,{750BA509-A75D-4624-93BB-21C62E955AC6},Damot Woide,ET070603,Wolayita,ET0706,SNNP,ET07,37.915078,6.900687
12995,koyo sake market center,{2BC03FB7-9C12-44DD-8353-4374BA5182C2},Damot Woide,ET070603,Wolayita,ET0706,SNNP,ET07,37.933500,6.920727
12997,"dawe sake kebele gebeya ma""kel",{0AE59502-9DAE-485C-82EC-6D0A3DD02A27},Damot Woide,ET070603,Wolayita,ET0706,SNNP,ET07,37.909115,6.942642
13187,PISHO KOCHI,{6016F9B5-2234-46D5-9F14-428A6FE5E131},Humbo,ET070604,Wolayita,ET0706,SNNP,ET07,37.746160,6.733022
13189,ye gututo gebeya bota,{51B1A780-FD63-46E0-ACE4-99C6ED1CF96A},Humbo,ET070604,Wolayita,ET0706,SNNP,ET07,37.769437,6.765532
13208,shoya gebeya bota,{BF96C0DD-E0F5-45A8-8D92-AD0AF2457886},Humbo,ET070604,Wolayita,ET0706,SNNP,ET07,37.827527,6.714718
13238,wondo kochi,{7CE1DB0C-A968-4403-9BC2-85356F792995},Humbo,ET070604,Wolayita,ET0706,SNNP,ET07,37.694134,6.727541
13293,PISHO KOCHI,{3CC19A6A-8A08-4733-9760-25F559856383},Humbo,ET070604,Wolayita,ET0706,SNNP,ET07,37.746160,6.733022
13295,ye gututo gebeya bota,{4981549C-8507-4890-8DEF-B96C6EC2966E},Humbo,ET070604,Wolayita,ET0706,SNNP,ET07,37.769437,6.765532
13314,shoya gebeya bota,{FF198024-1725-4CEA-BA71-8828827B30D7},Humbo,ET070604,Wolayita,ET0706,SNNP,ET07,37.827527,6.714718
13344,wondo kochi,{CD568B32-74EB-46F5-8522-0A60BE330027},Humbo,ET070604,Wolayita,ET0706,SNNP,ET07,37.694134,6.727541
13244,kuto gebeya,{80BA0075-F3A0-44B1-A7C9-A33769C1590F},Sodo Zuria,ET070605,Wolayita,ET0706,SNNP,ET07,37.689721,6.893564
13252,mante gerera gebeya bota,{F0C2CC87-04AA-4917-B0B6-B0F549BA17E9},Sodo Zuria,ET070605,Wolayita,ET0706,SNNP,ET07,37.646667,6.784101
13255,arb yebeya,{BB8EBA5F-2FE9-4AE0-BADE-4475AD7CAA6C},Sodo Zuria,ET070605,Wolayita,ET0706,SNNP,ET07,37.713428,6.801949
13269,arb gebeya,{D119C54D-1546-4A47-9316-05D74CF3D774},Sodo Zuria,ET070605,Wolayita,ET0706,SNNP,ET07,37.832175,6.851189
13057,Ye Doge Laroso Gebeya,{8CAFEA75-8A78-4D77-90C6-ECEB5A26FAB4},Kindo Koyesha,ET070606,Wolayita,ET0706,SNNP,ET07,37.605409,6.951646
12877,Ajora ketema market center,{ACC615B7-AA9F-4203-8ACD-FF3FB583FDDC},Boloso Bombe,ET070608,Wolayita,ET0706,SNNP,ET07,37.602045,7.167642
12884,Wanijame,{4EB22E1E-C327-440F-B3F6-B822C47DC4D3},Boloso Bombe,ET070608,Wolayita,ET0706,SNNP,ET07,37.522313,7.090308
12890,Matala Walana,{ED47C465-15E5-4B26-BADE-4ED1F4C29BC1},Boloso Bombe,ET070608,Wolayita,ET0706,SNNP,ET07,37.619800,7.097424
12895,Adilla daliga mariket center,{B95EC902-E1CD-4B87-B542-663B57801D4B},Boloso Bombe,ET070608,Wolayita,ET0706,SNNP,ET07,37.639938,7.118767
12897,Gedo Matala Arbe En EudeGebeya Bota,{898A694E-6815-45C8-B114-F18CDAC4E0F5},Boloso Bombe,ET070608,Wolayita,ET0706,SNNP,ET07,37.604607,7.077487
12898,Gido Matala Gebeya Bota,{BDF59DAF-B295-4F2D-A7B2-73A179A1550A},Boloso Bombe,ET070608,Wolayita,ET0706,SNNP,ET07,37.615602,7.083994
12900,Libase mariket center,{B1D39E3A-1803-4DB7-99BA-150171F903F6},Boloso Bombe,ET070608,Wolayita,ET0706,SNNP,ET07,37.580376,7.053081
13033,arbo,{446B5ADF-A8AB-4511-9444-CC153C5B691F},Damot Sore,ET070609,Wolayita,ET0706,SNNP,ET07,37.645197,6.977289
13040,arbo,{284B21E8-DA21-45F4-A637-B7B137C4002A},Damot Sore,ET070609,Wolayita,ET0706,SNNP,ET07,37.613514,6.990948
13095,shela meqera qera market center,{18B5A70A-6611-464D-B956-710300481252},Kindo Daddaye,ET070610,Wolayita,ET0706,SNNP,ET07,37.312752,6.735952
13106,arb gebeya,{5D0F4402-BC29-4E1A-B474-9F6497605B81},Kindo Daddaye,ET070610,Wolayita,ET0706,SNNP,ET07,37.361992,6.817987
13118,patata patalia market center,{18C658D6-554A-4197-BD2A-F56CFC26B383},Kindo Daddaye,ET070610,Wolayita,ET0706,SNNP,ET07,37.405660,6.826735
13010,Lamrda Ye Gebya Bota,{164CD32A-CEF1-498C-830B-3C7442E8E00E},Damot Pullasa,ET070611,Wolayita,ET0706,SNNP,ET07,37.913402,7.072232
13012,lera gebya,{F7707D67-8686-4497-A216-C4EACBE80E92},Damot Pullasa,ET070611,Wolayita,ET0706,SNNP,ET07,37.871368,7.084055
13018,Buna market center,{332F143B-8531-4C63-851A-AB1330B56B90},Damot Pullasa,ET070611,Wolayita,ET0706,SNNP,ET07,37.798505,7.003640
13142,ARBE GEBEYA,{10DEC6F6-690F-4FD2-92FA-7619637AE4DF},Duguna Fango,ET070612,Wolayita,ET0706,SNNP,ET07,38.066741,6.934147
13145,YE FANGO BOLOSO GEBEYA MAIKEL,{4FD1B3C6-EDE0-40F6-A2E4-11FC4D2CDBBD},Duguna Fango,ET070612,Wolayita,ET0706,SNNP,ET07,38.081344,6.947213
13157,YE FANGO BIJO GEBEYA  YEMIQOMBET BOTA,{62000404-4E7D-4400-8DDF-BE73990933EF},Duguna Fango,ET070612,Wolayita,ET0706,SNNP,ET07,38.084503,6.887798
13162,YE TIMBAHO MONOPOL  GEBEYA BOTA,{D3FD4EEE-E42C-4C86-8922-00CC304B2B6A},Duguna Fango,ET070612,Wolayita,ET0706,SNNP,ET07,38.087203,6.818743
12970,yecifsa gebeya,{366DC4D6-4BA3-4F49-9C7E-0B61E7551410},Hobicha Abaya,ET070619,Wolayita,ET0706,SNNP,ET07,37.902823,6.832697
13215,digiso gebeya bota,{98C2E7C0-E153-4923-971E-FE9187EFCBF5},Hobicha Abaya,ET070619,Wolayita,ET0706,SNNP,ET07,37.888844,6.755706
13321,digiso gebeya bota,{68764A63-2867-46EB-916F-F9FFED429ABE},Hobicha Abaya,ET070619,Wolayita,ET0706,SNNP,ET07,37.888844,6.755706
13079,mandida arbe gebeya maikel,{8172028B-3154-4C1F-BDDB-0C9D527423D1},Kawo Koisha,ET070620,Wolayita,ET0706,SNNP,ET07,37.394093,6.722132
13086,hamus gebeya,{F9408B9C-FF61-4669-AF73-0F87753B36D0},Kawo Koisha,ET070620,Wolayita,ET0706,SNNP,ET07,37.387918,6.739063
15011,GIYODAKUBA HAMUS GEBEYA,{DFE1C802-DEDE-41CD-A4C2-9E04A8164639},Salamago,ET070701,South Omo,ET0707,SNNP,ET07,36.228605,6.310257
15349,SENEGAL HAMUS GEBEYA,{E666D350-5784-474C-8D75-6227D3245430},South Ari,ET070702,South Omo,ET0707,SNNP,ET07,36.661982,5.828714
15364,YE YETENABERESHE BOYEKA GEBAYEA,{91A729E3-E9F0-490A-AB3D-5FDC15B8C89F},South Ari,ET070702,South Omo,ET0707,SNNP,ET07,36.550038,5.852367
15377,MALETER  KEBELE ASETEDADERE  TSEFETE BETE,{D0DA92B6-FA5E-4129-B1C6-7E00E196780F},South Ari,ET070702,South Omo,ET0707,SNNP,ET07,36.565812,6.057275
15397,SHISHIR KEBELE ASTEDADER TIFET BET,{820ECA2D-4A46-4B9B-B1B8-697060250E12},South Ari,ET070702,South Omo,ET0707,SNNP,ET07,36.556742,5.969563
15400,YE SHISHIR KEBELE ASTEDADER TSIHFET BET,{683E5B11-D824-42BA-B7CD-1001E9148C76},South Ari,ET070702,South Omo,ET0707,SNNP,ET07,36.556524,5.969594
15402,GOMR  KEBELE  ASTEDADR  OFFICE,{27CDB7D0-0187-408F-879B-4D58CBC9BAE3},South Ari,ET070702,South Omo,ET0707,SNNP,ET07,36.562232,5.987668
15406,DORIDORA KEBELE ASITEDADERI,{44C14FB7-0D9A-46E0-B788-422E729F6457},South Ari,ET070702,South Omo,ET0707,SNNP,ET07,36.618037,5.972886
15409,SIDA KEBELE ASITEDARI TSIFET BET,{90937292-38E5-40B9-88C0-6C286884557E},South Ari,ET070702,South Omo,ET0707,SNNP,ET07,36.580293,5.978244
15413,ARFES KEBELE ASTEDADER TSI/BET,{38C24EB4-B9D4-4283-BFF4-98701CAA4F53},South Ari,ET070702,South Omo,ET0707,SNNP,ET07,36.602582,6.013576
15415,GENAMER  KEBELE  ASTEDADER  OFFICE,{690C2145-8AA8-4B71-A765-1736222E591D},South Ari,ET070702,South Omo,ET0707,SNNP,ET07,36.522482,5.989465
15416,YE KOMIR KEBELE ASTEDADER TSIFET BET,{3F74048B-714A-4F27-9AD1-8A446AC8518B},South Ari,ET070702,South Omo,ET0707,SNNP,ET07,36.533510,6.016039
15419,MENDER KEBEE ASTEDADER TSIFET BET,{838CA742-8F5D-413E-8A39-D873E238F7BB},South Ari,ET070702,South Omo,ET0707,SNNP,ET07,36.488788,5.975943
15420,GUMETER KEBELE ASTEDADER TIFET BET,{4080C4C2-605C-4751-974D-FCF9FE3A665D},South Ari,ET070702,South Omo,ET0707,SNNP,ET07,36.525708,5.957088
15423,TEMBEL KEBELE ASTEDADER TSIFET BET,{0945A8DF-E72F-416F-86EB-0760913479A7},South Ari,ET070702,South Omo,ET0707,SNNP,ET07,36.539040,6.062984
15425,AYNALEM KEBELE ASTEDADER TIFET BET,{3FD27F25-1E7C-4381-8613-9FE611D5BC91},South Ari,ET070702,South Omo,ET0707,SNNP,ET07,36.535361,6.046858
15426,CHELE GOD  KEBELE  ASTEDADER  OFFCE,{EB983D3A-2D60-4C3C-BAC0-24D1C38F1F85},South Ari,ET070702,South Omo,ET0707,SNNP,ET07,36.470453,5.923597
15427,GOYIDAMER KEBELE ASITEDADER,{D0AF2036-92FE-4ECF-B642-8E92D633ED72},South Ari,ET070702,South Omo,ET0707,SNNP,ET07,36.502413,5.938535
15430,MAMA KEBELE ASTEDADER TIFET BET,{32163D84-5DE8-4A25-9BE3-3DD0D1992D65},South Ari,ET070702,South Omo,ET0707,SNNP,ET07,36.503260,5.919588
15433,GETAMER KEBELE AS/TSI/BET,{319926B0-45B1-42DE-8215-94830004A164},South Ari,ET070702,South Omo,ET0707,SNNP,ET07,36.531006,5.907328
15436,MUTY  KEBELE  ASTEDADER  OFFICE,{60AECE99-55AF-4996-8B26-61E8400826D3},South Ari,ET070702,South Omo,ET0707,SNNP,ET07,36.539787,5.938997
15438,MAYETOL KEBELE ASTEDADER TSFET BET,{E5B08834-E1F7-41C8-AD1A-2FC1DC9E668E},South Ari,ET070702,South Omo,ET0707,SNNP,ET07,36.525021,5.898123
15441,SHANGAMA WUSET KEBELE ASTEDADER TSIFET BET,{71BC3C3A-72FA-4B93-9DA1-DC1D50C49714},South Ari,ET070702,South Omo,ET0707,SNNP,ET07,36.668254,5.934320
15442,SHANGAMA BILI ASTEDADER TIFET BET,{6637BEA1-4C0F-46D7-9B44-90EF1AD91145},South Ari,ET070702,South Omo,ET0707,SNNP,ET07,36.698863,5.977344
15444,SHEGAMA ARKI KEBELE ASTEDADER OFFICE,{710439B7-062B-43E5-A4F8-DBCB0B5A373B},South Ari,ET070702,South Omo,ET0707,SNNP,ET07,36.711644,6.021543
15447,GEDIRI ASITEDADER TSIFET BET,{B690E04D-33BC-4FBC-BEAA-FE1372BBC066},South Ari,ET070702,South Omo,ET0707,SNNP,ET07,36.614933,5.892436
15449,DELL KEBELE ASTEDADER TIFET BET,{B3879623-4D24-4B11-B012-ED45E95E4246},South Ari,ET070702,South Omo,ET0707,SNNP,ET07,36.631963,5.872175
15455,PILA KEBELE ASTEDADER TSI/BET,{4CF760D5-45F3-42D7-9E75-98FA38C3AE62},South Ari,ET070702,South Omo,ET0707,SNNP,ET07,36.579072,5.887874
15457,ZOMBA KEBELE ASTEDADER TSIFET BET,{854449DB-927C-4AFF-A00A-74912435366E},South Ari,ET070702,South Omo,ET0707,SNNP,ET07,36.590875,5.923518
15460,AYDA KEBELE ASETEDADER TSEFETE BETE,{CD10CE40-187F-4667-8C3E-13C184882DA9},South Ari,ET070702,South Omo,ET0707,SNNP,ET07,36.572139,5.915159
15474,AYKAMER KEBELE ASITEDADER TSIFET BET,{83A0E97C-18F5-49B5-9C1F-DA0731B4702D},South Ari,ET070702,South Omo,ET0707,SNNP,ET07,36.550455,5.856035
14907,SEFERA EHUDI GEBEYA,{EDD56F06-8063-452B-BA11-80A81C896DE5},North Ari,ET070703,South Omo,ET0707,SNNP,ET07,36.579488,6.202480
14914,GICHA YE HAMUSE GEBEYA,{DC68D268-C630-4247-B985-4DDA32A54E8A},North Ari,ET070703,South Omo,ET0707,SNNP,ET07,36.610678,6.166460
14916,GICHA YEIHUD GEBEYA,{8E61FEA6-9FC8-4A6D-8EA5-89803A17E8AF},North Ari,ET070703,South Omo,ET0707,SNNP,ET07,36.600630,6.166468
14919,GOMIRA YE ARIBE GEBEYA,{BD80321E-E398-4EBC-95F2-1B0DB8715946},North Ari,ET070703,South Omo,ET0707,SNNP,ET07,36.619722,6.219059
14921,GOMERA YE ARIBI GEBEYA BOTA,{154D013E-6BE2-4BF6-BDD6-3BC01338B31C},North Ari,ET070703,South Omo,ET0707,SNNP,ET07,36.619797,6.219147
14922,YEGAMA MENDER SEGNO GEBEYA,{5A7EF814-911F-4FC6-ACF3-027B5D19AA58},North Ari,ET070703,South Omo,ET0707,SNNP,ET07,36.627639,6.169085
14923,YE KURA MENDER YEARIB GEBEYA,{71856985-4169-477D-ACBD-826B6708F79B},North Ari,ET070703,South Omo,ET0707,SNNP,ET07,36.611475,6.188964
14925,YEHAMERSHA SEGNO ENA ARIB GEBEYA,{37480F81-6443-41A1-8122-E10726D1D36A},North Ari,ET070703,South Omo,ET0707,SNNP,ET07,36.597628,6.143338
14928,GARISHINE GIJA ARIB GEBEYA,{51307E6C-3698-4532-93F8-B16780E1CC53},North Ari,ET070703,South Omo,ET0707,SNNP,ET07,36.676700,6.102248
14934,MELO RASHA SEGNO GEBEYA,{A258AF53-A796-4363-93DC-E48388ED08DA},North Ari,ET070703,South Omo,ET0707,SNNP,ET07,36.592762,6.210433
14939,BERIGEDA DUDI SEYINO GEBEYA,{7F3C943C-DBF5-42E0-8339-146AA195DF2E},North Ari,ET070703,South Omo,ET0707,SNNP,ET07,36.654162,6.131295
14943,ZIFIT AKICHA HAMUS GEBEYA,{20D08738-2540-4CC2-8922-E190A9E32A96},North Ari,ET070703,South Omo,ET0707,SNNP,ET07,36.706595,6.151837
14948,ZIFIT UTSA KEBELE  EHUDE GEBEYA,{8C92511F-828E-4E7F-8E1E-823BB222E471},North Ari,ET070703,South Omo,ET0707,SNNP,ET07,36.707575,6.150253
14950,AYMATOL ARIBE GEBEYA,{4E5928DF-56F1-47B2-A707-E66E6099AF8B},North Ari,ET070703,South Omo,ET0707,SNNP,ET07,36.680900,6.141218
14953,LELO KEBELE ARBI GULIT GEBEYA,{8F0A241E-8012-46E1-84B7-646C740B47B5},North Ari,ET070703,South Omo,ET0707,SNNP,ET07,36.708066,6.226080
14955,DOLA MASTA OROB GEBEYSA,{01C97138-A8F0-4F39-8DAF-A0A2410B93F2},North Ari,ET070703,South Omo,ET0707,SNNP,ET07,36.704807,6.183963
14956,SHANGAMA TSAK ARIBI GEBEYA,{3BEBA42B-FF5B-43FA-99FD-5FF73AF4E758},North Ari,ET070703,South Omo,ET0707,SNNP,ET07,36.684926,6.194796
14958,LELO YE ARIB GEBEYA,{16767BCA-2987-47AF-A823-97B7586BA829},North Ari,ET070703,South Omo,ET0707,SNNP,ET07,36.707993,6.225378
14963,YE SHAREA DOFETI HAMOSE GEBEYA,{C97387D1-1632-4827-8C1C-44A05B897E7F},North Ari,ET070703,South Omo,ET0707,SNNP,ET07,36.675222,6.207432
14967,WALLA SEYINO GEBEYA,{54BB495C-5DF8-412A-8B63-326DB5D86A75},North Ari,ET070703,South Omo,ET0707,SNNP,ET07,36.662586,6.234937
14970,MARKATO ARBI GULIT GEBEYA,{7449378A-B782-41C7-868B-63534952BCF9},North Ari,ET070703,South Omo,ET0707,SNNP,ET07,36.662123,6.252258
14986,ZOFINA DAWA EHUDINA HAMUSI GEBEYA BOTA,{F3F6118C-B880-450C-8ECD-ED5B3C03A2EA},North Ari,ET070703,South Omo,ET0707,SNNP,ET07,36.639430,6.209176
14988,ARIFARO REBUE GEBEYA,{E8E8FD39-7A39-4C73-8836-D54DE53798D7},North Ari,ET070703,South Omo,ET0707,SNNP,ET07,36.664492,6.253944
14993,OTILA WALARSI ARBI GULIT GEBEYA,{A11975F7-3BF8-4C24-8FAB-70CFAC7C6958},North Ari,ET070703,South Omo,ET0707,SNNP,ET07,36.686328,6.230017
14995,ARFARO REBU GEBEYA,{13A98C08-0AE6-46AF-A1EF-609CA326E6DE},North Ari,ET070703,South Omo,ET0707,SNNP,ET07,36.664783,6.253297
15536,YE GOLDEYEA EROBE GEBEYEA,{201354C8-786A-4C73-B04D-6AD34EACA685},Bena Tsemay,ET070705,South Omo,ET0707,SNNP,ET07,36.624878,5.675255
15552,ALDUBA MAKISEGNO GEBEYA,{224FA036-70EE-4B9E-8286-DF19A2487490},Bena Tsemay,ET070705,South Omo,ET0707,SNNP,ET07,36.614819,5.424980
15078,GOLO KEBELE GEBIYA,{32362401-0C20-4EBF-B463-20FAB6749890},Malie,ET070707,South Omo,ET0707,SNNP,ET07,36.972545,5.797031
15081,YE DOYSO KEBELE GEBEYA,{D356EE58-85CE-4CF4-A0B1-5BD26FA4D1C4},Malie,ET070707,South Omo,ET0707,SNNP,ET07,36.976013,5.836839
15085,AJO KEBELE KIDAME GEBEYA,{5D1514DA-E676-4115-B5F6-C08092B750A8},Malie,ET070707,South Omo,ET0707,SNNP,ET07,36.955184,5.761563
15097,GONGODE KEBELE  GEBEYA,{3F3C728F-0029-47D3-9BD2-7FA63E6C7B57},Malie,ET070707,South Omo,ET0707,SNNP,ET07,36.861919,5.724645
15102,GONGODE CHALBE GEBEYA MAIKEL,{B1CC22BA-C408-496B-9813-8E9529C17397},Malie,ET070707,South Omo,ET0707,SNNP,ET07,36.913658,5.657292
15156,LEMO KLENIDO GEBEYA,{4E0B0C4F-2C0F-4AFD-AC32-AFDC0CC17C3A},Malie,ET070707,South Omo,ET0707,SNNP,ET07,36.790472,5.853720
15161,TSOZO GURDO GEBEYA,{7A711F9F-16C9-46AD-B5F4-3791FCB51DD5},Malie,ET070707,South Omo,ET0707,SNNP,ET07,36.864663,5.933121
15166,BOSHKORO KIDAME GEBEYA,{50F9B061-7387-42FA-9385-345EFC5E9800},Malie,ET070707,South Omo,ET0707,SNNP,ET07,36.756134,5.805169
15178,GUDO EROB GEBEYA SIFIRA,{EAAD130A-EB7B-4A15-BEAD-492313B0C04C},Malie,ET070707,South Omo,ET0707,SNNP,ET07,36.708874,5.890562
15464,Ali KEBELE ASTEDADER TSIFET BET,{2C079D3F-7AEF-402D-9D18-983032E12E8F},Malie,ET070707,South Omo,ET0707,SNNP,ET07,36.707565,5.771698
15337,BAKO ROBUI GULIT GEBEYA,{561A38B7-7287-40F1-B99C-92BA830B1049},Boko Dawula,ET070710,South Omo,ET0707,SNNP,ET07,36.631537,5.833740
15373,KURE  KEBELE ASTEDADER OFFICE,{9AF1F58A-210A-4A45-93CF-9C9CD781B6A4},Boko Dawula,ET070710,South Omo,ET0707,SNNP,ET07,36.517947,5.810895
15374,KAYISA KEBELE ASITEDADER TSIFET BET,{0E25F73E-7893-4EC7-B2FA-8DD8AA24C558},Boko Dawula,ET070710,South Omo,ET0707,SNNP,ET07,36.628358,5.721326
15376,BAYTISMAL KEBELE ASTEDADER TIFET BET,{3A973286-3D75-4085-88F5-B33A263A225C},Boko Dawula,ET070710,South Omo,ET0707,SNNP,ET07,36.548452,5.749287
15450,GOYD KEBELE ASETEDADER TSEFETE BETE,{1C1D3FD2-AFFC-48FE-BAC3-BFB4BD13B6F4},Boko Dawula,ET070710,South Omo,ET0707,SNNP,ET07,36.592026,5.847579
15461,BAKO KEBELE ASTEDADER TSIFET BET,{E8CD7355-FA98-4841-B3AC-3E5D43BB6F63},Boko Dawula,ET070710,South Omo,ET0707,SNNP,ET07,36.631973,5.828473
15466,SENEGAL KEBELE ASITEDADER,{0348BDD4-BE81-4991-BE1D-09FCDF7159C7},Boko Dawula,ET070710,South Omo,ET0707,SNNP,ET07,36.662878,5.831105
15468,YE SUNMAMEAR KEBLEA ASTEDADERE TSEFATE BET,{E3B0433C-C145-4AEA-849F-DC4352F778C2},Boko Dawula,ET070710,South Omo,ET0707,SNNP,ET07,36.622447,5.794057
15469,YE SUNMAMEAR GEBRENA TSEFATE BET,{21FBFF9A-FCE1-48FB-8EC8-83B4C2836CFB},Boko Dawula,ET070710,South Omo,ET0707,SNNP,ET07,36.635548,5.803563
15472,GEZA KEBELE ASTEDADER TSIFET BET,{C7CE47EF-5878-4DFA-AE93-8CE39E36ED38},Boko Dawula,ET070710,South Omo,ET0707,SNNP,ET07,36.546237,5.843807
15473,SHEPHI KEBELE ASSTEDADER TIFET BEGT,{DE1DDA1C-5954-4278-8969-01856BB5D682},Boko Dawula,ET070710,South Omo,ET0707,SNNP,ET07,36.563732,5.874027
15380,DIRAMER KEBELE ASTEDADER TS/BET,{C35FC945-AE74-4A53-B5CE-863F70EE25DF},Wub Ari,ET070711,South Omo,ET0707,SNNP,ET07,36.579773,6.056699
15381,ZEMER ASTEDADER TIFET BET,{00C56B70-CD91-494A-8BD4-7ABC29645C3C},Wub Ari,ET070711,South Omo,ET0707,SNNP,ET07,36.572654,6.042388
15385,LOFET KEBELE ASTEDADER TIFET BET,{7CC57F91-6C1D-475F-BC9A-F912BB51A60F},Wub Ari,ET070711,South Omo,ET0707,SNNP,ET07,36.656454,6.087378
15387,OLDAMER KEBELE ASTEDADERTIFE BET,{0F2FAD20-F85E-49AD-AD27-9ACAC8D37940},Wub Ari,ET070711,South Omo,ET0707,SNNP,ET07,36.625495,6.071312
15389,SHAMAMER KEBELE ASTEDADER TSIFET BET,{061F1F9C-48CC-409A-B95F-4536AE1AD0C6},Wub Ari,ET070711,South Omo,ET0707,SNNP,ET07,36.572209,6.072916
15390,SHAMIMER KEBELE ASITEDADER,{0AA2CBE3-F884-47A7-A167-D1C8F9229936},Wub Ari,ET070711,South Omo,ET0707,SNNP,ET07,36.572539,6.072979
15392,AYDAMER KEBELE  ASTEDADER   OFFICE,{5045EAE1-595C-41C7-9E92-4461A0CB37DB},Wub Ari,ET070711,South Omo,ET0707,SNNP,ET07,36.600870,6.084331
15394,FAE KBELE A/R TSIFET BET,{4579669E-16EA-4335-8C9E-EA2BBB761652},Wub Ari,ET070711,South Omo,ET0707,SNNP,ET07,36.631891,6.048914
15410,PHELIPA KEBELE ASITEDADER,{ECFE1849-7FB0-47C5-A4C4-E622C743D7F6},Wub Ari,ET070711,South Omo,ET0707,SNNP,ET07,36.628318,5.997660
16526,CHIASHE Gebeya,{1AE6AF1D-A586-4406-AE95-6E87E35E2ABF},Boreda,ET071004,Gamo,ET0710,SNNP,ET07,37.615900,6.433980
16534,Kecha Qalayo,{BAF842B9-24E4-4FCC-AD9B-6FE8504810D5},Boreda,ET071004,Gamo,ET0710,SNNP,ET07,37.590938,6.504368
16537,AWUSATO ABAYA HAMUSE MARKET CENTER,{29CD6FE8-E698-4D5C-B3BE-1A6F563C9CA1},Boreda,ET071004,Gamo,ET0710,SNNP,ET07,37.594110,6.515773
16543,Zefahno Masqagno Gebya,{BB55987B-4CC9-45A3-8374-CA31C9176094},Boreda,ET071004,Gamo,ET0710,SNNP,ET07,37.597943,6.535503
16556,Mena Shefo Gebeya,{DF53DACC-7F38-4F1C-9371-531E2C13BDD7},Boreda,ET071004,Gamo,ET0710,SNNP,ET07,37.635460,6.550970
16559,Chalbe Gebeya,{D1FD8EA4-D3DE-420B-BA0B-00C7BE12BEBE},Boreda,ET071004,Gamo,ET0710,SNNP,ET07,37.648360,6.551358
16566,Ye Sayigna Gebeya,{BFB50271-08FA-4749-AF01-CCF7D84D121E},Boreda,ET071004,Gamo,ET0710,SNNP,ET07,37.687742,6.593058
16577,Ye Masa buntaza Market Center,{FC12EC9B-D7ED-4D87-A2F8-2DACD724AE06},Boreda,ET071004,Gamo,ET0710,SNNP,ET07,37.680967,6.547032
16009,Wanke wajifo Market Center.,{C414BEE6-C140-4D75-8159-5383363D323B},Mirab Abaya,ET071005,Gamo,ET0710,SNNP,ET07,37.742320,6.457458
16027,dega done market place,{41D6F7F1-0083-4899-AD78-F349C55627BA},Mirab Abaya,ET071005,Gamo,ET0710,SNNP,ET07,37.660080,6.260228
16315,YE SEYNO GULT,{38EA3ABC-00EC-45CD-8C68-C051690DD3AC},Dita,ET071008,Gamo,ET0710,SNNP,ET07,37.531662,6.331517
16316,TSELA MAKISEIGNO GULIT GEBEYA,{AE9D5E21-F0EC-4AEF-A2ED-F40CA01D81E7},Dita,ET071008,Gamo,ET0710,SNNP,ET07,37.524133,6.363315
16318,LISHA KABAELE GOULETA,{7F93F7EC-DFEB-4F40-992B-E8B9B590470E},Dita,ET071008,Gamo,ET0710,SNNP,ET07,37.519315,6.310470
16320,KODO ARBE GEBEYA,{E9E2F21D-35CB-4DA8-B133-E14B374E2038},Dita,ET071008,Gamo,ET0710,SNNP,ET07,37.513558,6.348583
16325,LAMA MARKEY CENTER,{CDEB5D4A-A3B4-4C22-AD24-6627363B8846},Dita,ET071008,Gamo,ET0710,SNNP,ET07,37.445471,6.176619
16326,YERZO MILO ROBUI GULIT GEBEYA,{AC938619-DB88-4CC1-B6D2-C3D64592058A},Dita,ET071008,Gamo,ET0710,SNNP,ET07,37.448283,6.153837
16328,GANAKARE YEKIDAME GEBEYA,{AF30875B-7465-4C2E-B88D-6BC1B38B690D},Dita,ET071008,Gamo,ET0710,SNNP,ET07,37.441515,6.242580
16329,YE GORKA ABASA,{96CC40CE-DBB3-46B6-AF59-FA29E1F5BFF0},Dita,ET071008,Gamo,ET0710,SNNP,ET07,37.438718,6.201012
16333,GOZA MARKET CENTER,{DF845786-40BB-4A24-A72B-7FEF42899EF4},Dita,ET071008,Gamo,ET0710,SNNP,ET07,37.426133,6.311213
16335,YE EROBINA KIDAME GEBEYA,{F8B06765-C174-4A0C-BABE-95066B4D0680},Dita,ET071008,Gamo,ET0710,SNNP,ET07,37.385393,6.262213
16337,DAYCHA DONGO GEBEYA BOTA,{41C7D0F3-3EF9-4594-B338-34789FDA1078},Dita,ET071008,Gamo,ET0710,SNNP,ET07,37.413378,6.270253
16353,Zinbe,{456D4DB8-A8DC-4C55-AD9C-F0B966F60B5D},Daramalo,ET071009,Gamo,ET0710,SNNP,ET07,37.285048,6.199133
16371,Kalle gebeya,{B344CFB2-F827-475F-B895-12F1F429D7A4},Daramalo,ET071009,Gamo,ET0710,SNNP,ET07,37.326860,6.285358
16184,Ye Giyaso Market,{5C94AD47-D359-4AEF-8583-399C271E84AF},Kemba,ET071011,Gamo,ET0710,SNNP,ET07,37.170662,6.169512
16619,Be Koyra Mukulo ye Koyra gebye sifira,{8BF1425D-14A7-4EAA-89E0-725D152246BE},Gerese,ET071013,Gamo,ET0710,SNNP,ET07,37.273679,5.825669
16641,Ye Garbansa Galo gebeya sifira,{36B95DEA-6CB3-4F3E-B582-25653AE908E8},Gerese,ET071013,Gamo,ET0710,SNNP,ET07,37.374355,6.033685
16650,Kamiale Bariye Oro Gebeya Maekel,{1C32F49D-2DD3-445C-B2A4-2F08A748EC60},Gerese,ET071013,Gamo,ET0710,SNNP,ET07,37.324423,5.980298
16658,Dambile Otora Gebeya,{6F67B8EE-61DA-4F9A-8D64-6149AFD0738D},Gerese,ET071013,Gamo,ET0710,SNNP,ET07,37.296068,5.860150
16661,Gobo Bake Market Center,{C74B2C28-CBF1-4D38-BB1F-F0C915C35BB6},Gerese,ET071013,Gamo,ET0710,SNNP,ET07,37.371425,5.966367
16662,Zala Hamus Gebeya,{3FA01903-ADDA-46D3-A3E9-F339AFCDCA5A},Gerese,ET071013,Gamo,ET0710,SNNP,ET07,37.237358,5.952308
16665,Zala Dola Kebele Gebya Bota.,{BEFFB07D-162E-453E-A82B-3522A499ED7E},Gerese,ET071013,Gamo,ET0710,SNNP,ET07,37.294835,6.006305
16666,Dheshkele Kebele Gebeya Meakel,{255EC5F6-2D75-4D67-BFA3-EEBCE8091BDC},Gerese,ET071013,Gamo,ET0710,SNNP,ET07,37.285613,5.955300
16668,Ye Dergo Hizbi Gebeya sifira,{E15AFBD7-361B-4A8F-93ED-C9A09296508A},Gerese,ET071013,Gamo,ET0710,SNNP,ET07,37.253606,6.000465
16624,Kuta  Gebeya Bota,{5EA0316A-BF33-4EFA-A9E4-4B94F9B62D11},Bonke,ET071014,Gamo,ET0710,SNNP,ET07,37.339145,6.153010
16626,Kacha Gebeya Bota,{1C6888CF-ABD5-459E-B27D-1AF41C5CCAFA},Bonke,ET071014,Gamo,ET0710,SNNP,ET07,37.364174,6.155642
16630,Kole Zale Gebeya sifira,{9401A9CB-9F85-431C-A4E8-309D2B3D82B3},Bonke,ET071014,Gamo,ET0710,SNNP,ET07,37.335618,6.053490
16633,Tsadho Gebeya Maikel,{9820B11E-C5DF-4046-8AD5-2FDDB30AF2BE},Bonke,ET071014,Gamo,ET0710,SNNP,ET07,37.328947,6.062508
16766,Ogole,{D650A876-0838-4000-80F5-510154815BD5},Arba Minch Zuria,ET071015,Gamo,ET0710,SNNP,ET07,37.324001,5.820492
16773,Meyche Modo gulit,{9078BA4E-182F-4EB7-BCFD-ED1B9A09E2EF},Arba Minch Zuria,ET071015,Gamo,ET0710,SNNP,ET07,37.364573,5.794758
16783,Ogole gebeya maekel,{E55E9651-69CD-405C-8E0E-421AB723F593},Arba Minch Zuria,ET071015,Gamo,ET0710,SNNP,ET07,37.323762,5.820357
16785,Bano gebeya maekel,{2F124A5C-35F5-455B-A1D8-E9962DB3F383},Arba Minch Zuria,ET071015,Gamo,ET0710,SNNP,ET07,37.372512,5.807392
16822,KolaShara,{49BB0F8D-B8B3-45AA-BD56-F968C85EE31C},Arba Minch Zuria,ET071015,Gamo,ET0710,SNNP,ET07,37.564920,6.097690
16675,Hamuse,{D7B6A18F-9046-4612-8765-6FB56EF9F8F7},Gacho Baba,ET071016,Gamo,ET0710,SNNP,ET07,37.412348,6.169433
16676,Sito,{526309B9-4D9D-418D-9058-8C4E554E6429},Gacho Baba,ET071016,Gamo,ET0710,SNNP,ET07,37.384204,6.170907
16681,Gaga,{56FCA9C4-61AE-4B4A-A5A8-88A9345BA3AC},Gacho Baba,ET071016,Gamo,ET0710,SNNP,ET07,37.422489,6.160264
15882,HARE SUBO ARBI GEBEYA,{3C6E0E09-CDD5-467D-BDB0-1A9B1C7BE9D9},Kucha Alpha,ET071017,Gamo,ET0710,SNNP,ET07,37.249251,6.547671
15895,BUDALE YEKIDAME GEBEYA,{09DC5452-6E65-4B54-9805-A7A7E520ECF8},Kucha Alpha,ET071017,Gamo,ET0710,SNNP,ET07,37.285228,6.663007
15896,CHABA SOMBA ARBE GEBYA,{D58D28CD-3103-4E19-BB53-E94F5F6D725E},Kucha Alpha,ET071017,Gamo,ET0710,SNNP,ET07,37.272570,6.649403
15898,CHABA BELESE HAMUS GEBEYA,{97AFFC9D-DCDD-4849-8B0B-9CB7C6BDAEBE},Kucha Alpha,ET071017,Gamo,ET0710,SNNP,ET07,37.310798,6.653417
15899,YE MAKESEGHNO GEBEYEA,{402671BD-B326-4A40-8923-C0638CF806EA},Kucha Alpha,ET071017,Gamo,ET0710,SNNP,ET07,37.307982,6.611121
15905,CHABA WOBE YEHAMUSE GEBEYA,{EC2979F7-9C02-44DD-8A72-5CB80E357FF1},Kucha Alpha,ET071017,Gamo,ET0710,SNNP,ET07,37.310767,6.653053
15874,TORKA GEBEYA,{8854B55A-B7D4-4205-8A70-D989130B36D2},Kucha,ET071019,Gamo,ET0710,SNNP,ET07,37.374852,6.474928
15875,DALBA KIDAME GEBEYA,{C154D794-3ACC-4DE6-B4B3-E047663AB87D},Kucha,ET071019,Gamo,ET0710,SNNP,ET07,37.352722,6.466445
15878,DELE WOYZA ARBI  GEBEYA,{9914A471-A913-40F7-99EF-5B970E57F41E},Kucha,ET071019,Gamo,ET0710,SNNP,ET07,37.401497,6.476118
15888,"YEHALAHA  YEMAKISEGNO GE
 BEYA",{1882BB9E-86F0-4E8E-996A-3FC5EC4CBEF9},Kucha,ET071019,Gamo,ET0710,SNNP,ET07,37.393720,6.373425
15906,MATMALE KEBELE MAKISAGNO GEBEYA,{CE2495E7-7631-4494-8DD7-1A86B37C99A4},Kucha,ET071019,Gamo,ET0710,SNNP,ET07,37.389488,6.666798
15907,GALA MAKISEGNO GULIT GEBEYA,{47F114F0-5F46-4098-B846-6F19DBF78C18},Kucha,ET071019,Gamo,ET0710,SNNP,ET07,37.415787,6.654342
15909,ZULO WACHA HAMUS GEBEYA,{EE7E91D9-8C5A-4259-AE07-B568F01039C4},Kucha,ET071019,Gamo,ET0710,SNNP,ET07,37.426207,6.650691
15910,ARBE MARKET,{9D0E9F06-86E3-4E45-AD1A-5A8080666864},Kucha,ET071019,Gamo,ET0710,SNNP,ET07,37.454413,6.631147
15911,ZULO GAMO SENO GEBEYA,{2A2D0C74-3433-405E-A3F1-F65EB150203B},Kucha,ET071019,Gamo,ET0710,SNNP,ET07,37.445953,6.623908
15914,YE GALEA MAKESEGHNO GEBEYEA,{10CD2FC2-C4E5-47C7-BB78-0725029D8E9E},Kucha,ET071019,Gamo,ET0710,SNNP,ET07,37.355002,6.544738
15915,YE EROBE GEBEYEA,{0CBB6668-C43E-4C16-AA2B-16B9C2D509AC},Kucha,ET071019,Gamo,ET0710,SNNP,ET07,37.335252,6.537655
15923,YE ARIBI GEBEYA BOTA,{C25FD6B7-D57A-4817-8D3D-9657D952BA36},Kucha,ET071019,Gamo,ET0710,SNNP,ET07,37.320758,6.554211
15926,YE SEGHNEO GEBYEA,{49595E2D-B7E2-434C-8BF0-5055AB955585},Kucha,ET071019,Gamo,ET0710,SNNP,ET07,37.388968,6.554625
15928,YE AREBE GEBEYEA,{D7F9FB71-E3A0-4B20-BD62-FC4E8693A1D9},Kucha,ET071019,Gamo,ET0710,SNNP,ET07,37.362115,6.520592
15931,KOCHA ARBI GEBEYA,{539C8DF5-C2D7-4CC0-8306-D893E2809D4F},Kucha,ET071019,Gamo,ET0710,SNNP,ET07,37.418283,6.549297
15932,MISHANA ROBU GULIT GEBEYA,{E7680908-4388-4738-9912-48601C8282B0},Kucha,ET071019,Gamo,ET0710,SNNP,ET07,37.424768,6.566013
15933,DHANKALA MAKISEGNO GEBEYA,{CC893076-618A-4404-A332-52B035EA49E9},Kucha,ET071019,Gamo,ET0710,SNNP,ET07,37.402087,6.523712
15936,GERERA SAGNO GEBEYA,{72B72228-3124-4AC2-BCFA-E7289C8532FC},Kucha,ET071019,Gamo,ET0710,SNNP,ET07,37.433910,6.576093
15941,SIQOLE MAKISEGNO GEBEYA,{5B4C0E6A-0A0B-46B5-BA2E-883D42CE3AA4},Kucha,ET071019,Gamo,ET0710,SNNP,ET07,37.471905,6.595849
15945,MOGOLA HAMUSE GEBEYA,{B00F3FD0-0D7C-46C8-A928-75E5845B5279},Kucha,ET071019,Gamo,ET0710,SNNP,ET07,37.466883,6.551582
15948,KIDAME GEBEYA BOTA,{E9420A2C-E641-40F8-BE8C-9DFE7E2917AC},Kucha,ET071019,Gamo,ET0710,SNNP,ET07,37.549310,6.567385
15958,CHOYITA ARBI GEBEYA,{388B8BAC-2730-46F2-BA4B-9C1ECD6A6EBD},Kucha,ET071019,Gamo,ET0710,SNNP,ET07,37.453597,6.381217
15968,SHOCHORA SENO GEBEYA,{ECAF0289-E73C-4E88-975A-A5F2B5EDCF33},Kucha,ET071019,Gamo,ET0710,SNNP,ET07,37.520533,6.456605
14773,Tshemha Kebele Gebiya Bota.,{C52CC1F1-38D5-4819-AF33-57D2FC3E913A},Alle Special,ET071205,Alle,ET0712,SNNP,ET07,37.161053,5.611828
14785,Tosho Gebeya Mayikel,{D79EA54D-0642-4F86-9A17-E76941909C72},Alle Special,ET071205,Alle,ET0712,SNNP,ET07,37.227918,5.577546
14800,Be Ilinto Mender Markato Gebeya Maikel,{9F08B749-DD0D-4627-99A3-89F7AF038B0F},Alle Special,ET071205,Alle,ET0712,SNNP,ET07,37.161375,5.561238
14819,Dega Mashile Gebeya Mayikel,{A35A7FBA-2619-4F34-8F72-415B66A8B616},Alle Special,ET071205,Alle,ET0712,SNNP,ET07,37.305712,5.561811
14887,Diginti Kebele Gebeya Maikel,{F862C866-CB33-46FC-8CA1-58EA042EC254},Alle Special,ET071205,Alle,ET0712,SNNP,ET07,37.166665,5.534763
14334,Dhokatu Ye Gebeya Mayikel,{02C8C8B1-4A35-432C-85C2-42E5A9E41C7D},Karat Zuria,ET071303,Konso,ET0713,SNNP,ET07,37.421223,5.332130
14843,gebeya,{DEA2FA3F-EFB2-4D24-9347-D6DE1DB3604E},Karat Zuria,ET071303,Konso,ET0713,SNNP,ET07,37.238163,5.430922
14444,Masoya Kebele Gebeya Maikel,{2DB9D8E7-6BDF-46A8-A5E2-172F40BF442B},Kena,ET071304,Konso,ET0713,SNNP,ET07,37.057192,5.275703
12336,1gna tefo kebele.sagno gabaya maekal,{FF3649EA-D5A5-441F-BFAB-BC37CD27C8AE},Atote Ulo,ET071403,Halaba,ET0714,SNNP,ET07,38.239335,7.342552
12314,kobo gabeya,{6A97DB1D-E28A-44AA-A29B-92AD5D7A6A32},Wera Djo,ET071404,Halaba,ET0714,SNNP,ET07,38.263292,7.398425
12319,KOBOGEBYA,{AC7ED254-D02E-4228-B725-47351E43C810},Wera Djo,ET071404,Halaba,ET0714,SNNP,ET07,38.263747,7.399345
12322,MITODEJO GEBIYA,{06220872-022D-4367-85D9-9A96B4449D37},Wera Djo,ET071404,Halaba,ET0714,SNNP,ET07,38.348846,7.633485
16378,YE EROBU GEABEYEA,{0A9B1A92-337B-46CB-96CB-6C99AD310520},Denba Gofa,ET071502,Gofa,ET0715,SNNP,ET07,37.108073,6.570419
16382,YE MAKESGHNO GEABEYEA,{611E241E-966F-40DD-AA5F-C40B7E237137},Denba Gofa,ET071502,Gofa,ET0715,SNNP,ET07,37.144661,6.604184
16386,WURCHI OROB GEBEYA,{9105F56D-FAEC-4A00-BF7D-BBA479D31957},Denba Gofa,ET071502,Gofa,ET0715,SNNP,ET07,37.025409,6.472597
16388,FALKA YE HAMUSE GEBEYA,{FC729D81-A624-4ED2-89B5-D7C2C31E22CA},Denba Gofa,ET071502,Gofa,ET0715,SNNP,ET07,37.078490,6.464613
16389,YEWOYDE ZAFA DELE YEHAMUS GEBEYA,{23ED1F84-5767-41A0-BD4C-05C2B6E24D6E},Denba Gofa,ET071502,Gofa,ET0715,SNNP,ET07,37.045840,6.590399
16390,PIDHARE QIDAME GEBEYA,{743BB9D5-FEAB-4BAC-9C04-358A62340571},Denba Gofa,ET071502,Gofa,ET0715,SNNP,ET07,37.111409,6.523311
16395,YE HAMUOSE GEBEYEA,{06977AF5-B1F7-4F35-8CBF-365E753530A1},Denba Gofa,ET071502,Gofa,ET0715,SNNP,ET07,37.115163,6.546390
16413,YE DAMBALA DOCHA HAMUS GEBEYA,{4309C210-F370-40CD-BEB7-EDEF30B573AA},Denba Gofa,ET071502,Gofa,ET0715,SNNP,ET07,37.044993,6.422610
16416,LOTE GAYILA CHALBE HAMUSE GEBEYA,{9A91ED18-2241-44C6-AD31-C45E52A3E645},Denba Gofa,ET071502,Gofa,ET0715,SNNP,ET07,36.988705,6.406045
16419,SHALE MITSA SAGNO GEBEYA,{4625BBF6-5B9F-452D-9283-22651B4234A7},Denba Gofa,ET071502,Gofa,ET0715,SNNP,ET07,36.946568,6.412588
16424,TSANGA DARARA HAMUS GEBEYA,{3EA3306A-8780-45EE-89ED-D8CB789610F4},Denba Gofa,ET071502,Gofa,ET0715,SNNP,ET07,37.000491,6.482143
16443,ZENGA DORMALE ARBE GEBEYA,{37751CCD-9A7A-49BF-90B8-F24684244F1E},Denba Gofa,ET071502,Gofa,ET0715,SNNP,ET07,36.971405,6.370733
16448,SEYNONA YE KIDAME GEBEYA,{F49C3D0F-D5E8-4224-A624-CF59FE96875B},Denba Gofa,ET071502,Gofa,ET0715,SNNP,ET07,36.955541,6.353949
16449,ZULUZE ARBI GEBEYA,{12CE08F6-90FD-4FEB-8F51-075B8665F09D},Denba Gofa,ET071502,Gofa,ET0715,SNNP,ET07,36.931700,6.337023
16466,YE SEGHNO GABEYEA,{D884D27E-6B78-4E0B-A372-DD48028B4C23},Denba Gofa,ET071502,Gofa,ET0715,SNNP,ET07,36.962296,6.286213
15672,Qera hizb gibiyit  gebeya,{E068B23D-1681-4C94-A03F-8098CFCE39A5},Zala,ET071503,Gofa,ET0715,SNNP,ET07,37.039455,6.354220
15674,Ambe Gayile Gebeya Bota,{02E7670D-1473-4C13-9504-885C444191E8},Zala,ET071503,Gofa,ET0715,SNNP,ET07,37.143996,6.354981
15676,Endagara Hamus gebeya,{093F0152-C60F-43D3-B5D2-D6A803DE29A3},Zala,ET071503,Gofa,ET0715,SNNP,ET07,37.140077,6.346897
15683,Ye Wagesho Hizb Gebeya Sifiraa,{456C1CCA-553B-4DB0-9968-7EA48043E05F},Zala,ET071503,Gofa,ET0715,SNNP,ET07,37.171090,6.388567
15702,Doboche Bena Gebya Bota.,{DDD0BFBA-D382-4C50-A131-F91B454B2977},Zala,ET071503,Gofa,ET0715,SNNP,ET07,37.080162,6.242228
15705,Bera Wiga Kebele Market Place.,{F8C2A473-E918-4FE4-BAD5-A60DCFE84F71},Zala,ET071503,Gofa,ET0715,SNNP,ET07,36.996592,6.129987
15710,Ye Bayo Kela Gebeya Sifira,{02616816-F684-490D-BBC1-B645838F230A},Zala,ET071503,Gofa,ET0715,SNNP,ET07,37.020833,6.139713
15715,Borzo Chencha Gebeya Maikel,{0D1255DD-3B63-4268-94B2-FBE4DEE5C806},Zala,ET071503,Gofa,ET0715,SNNP,ET07,37.027455,6.178870
15740,Mela bayita gebeya,{CCA9BED4-2A44-47D6-A571-3D4EEF3368E5},Zala,ET071503,Gofa,ET0715,SNNP,ET07,37.086976,6.398289
15745,Ye Baynase kebele Gebeya Sifira,{00883070-42ED-4624-BEE1-ADBCC1AA221F},Zala,ET071503,Gofa,ET0715,SNNP,ET07,37.037699,6.186986
15751,Ye Genda Kebele Gebeya Sifira,{6E3F68DC-50FF-44E3-980C-B8462AEC7BC6},Zala,ET071503,Gofa,ET0715,SNNP,ET07,37.055467,6.217397
15770,Zaba,{A57A37A0-8CA0-4FD1-9304-C68446207673},Uba Debre Tsehay,ET071504,Gofa,ET0715,SNNP,ET07,36.785854,5.945488
15982,lame tinishU gebeya,{D0E08EC0-CB49-4FC0-91B4-351BB3EDC802},O'yida,ET071506,Gofa,ET0715,SNNP,ET07,36.805337,6.190891
15588,GARIBAYA GEBEYA,{2FEFA734-2EE2-4903-84AC-B5F879140377},Basketo SP Woreda,ET071601,Basketo,ET0716,SNNP,ET07,36.635910,6.366262
15611,BUNO BASA BASKETO GEBEYA,{671A075C-084D-4EC3-A6BB-F79F62E733D9},Basketo SP Woreda,ET071601,Basketo,ET0716,SNNP,ET07,36.508293,6.326835
15622,YE BOLA BASKETO KEBELE GEBEYA SIFIRA,{A1F384DC-6EF3-4E87-AB6E-9A5A9F95F485},Basketo SP Woreda,ET071601,Basketo,ET0716,SNNP,ET07,36.611107,6.383530
15624,OCHIKALA GEBEYA,{04227931-1A86-451F-B165-B9C6D29EFA20},Basketo SP Woreda,ET071601,Basketo,ET0716,SNNP,ET07,36.579630,6.382115
15631,GARA HADIYA GEBEYA,{2557D839-4E50-4011-8586-69246F9BE55D},Basketo SP Woreda,ET071601,Basketo,ET0716,SNNP,ET07,36.572190,6.234192
15632,OYINTENA GEBEY,{45705BAD-1DD3-4BF2-8799-7D59CF098A02},Basketo SP Woreda,ET071601,Basketo,ET0716,SNNP,ET07,36.579243,6.238120
15647,ANGLA NO_2 YE GEBEYA SFRA,{A90E6C17-F721-4A52-BD91-7609ABE1FBAE},Basketo SP Woreda,ET071601,Basketo,ET0716,SNNP,ET07,36.561322,6.275623
15650,ANIGILA EROB GEBEYA,{858664D6-1BBE-4F8E-ABF8-3B394407B38A},Basketo SP Woreda,ET071601,Basketo,ET0716,SNNP,ET07,36.560644,6.291097
18571,AYSAKO MARKET CENTER,{643295F8-5CA0-4BEF-9DE7-C01D428FB760},Mierab Azenet Berbere,ET072004,Siltie,ET0720,SNNP,ET07,37.946259,7.847610
18560,SHAMENA GOMORO,{3F52CAC4-B35E-4D01-A1D3-67667E94AE64},Misrak Azenet Berbere,ET072007,Siltie,ET0720,SNNP,ET07,38.026165,7.830097
18563,BUCHA YEGEBEYA MAEKEL,{F2C2F7DE-7366-4B65-89C7-E2479A6A4C17},Misrak Azenet Berbere,ET072007,Siltie,ET0720,SNNP,ET07,38.080311,7.883754
18589,BARGABE GEBEYA,{94A888FB-6672-4707-A960-54996A39E48B},Mito,ET072012,Siltie,ET0720,SNNP,ET07,38.398481,7.757590
18595,TOMBATE MARKET CENTAR,{5F5BC94F-641D-4968-ACC5-C71481D612B1},Mito,ET072012,Siltie,ET0720,SNNP,ET07,38.289901,7.650066
14696,Ye Kore Kebele Gebeya,{47DD8092-6217-46A0-BEC2-9962410F010C},Amaro,ET072102,Amaro,ET0721,SNNP,ET07,37.906277,5.704645
14734,GUMURE MAKSENGO GEBEYA,{79A1A973-6EB4-488E-867A-FD8CFB26DD91},Amaro,ET072102,Amaro,ET0721,SNNP,ET07,37.843987,5.959816
14744,SHALE MAKISAGNO GEBEYA,{9F37FFEA-64A6-4D9E-B734-695B4760B44B},Amaro,ET072102,Amaro,ET0721,SNNP,ET07,37.814817,5.882502
14745,ZEGO KIDAME GEBEYA,{65D5D752-B316-4125-8207-7E261DD7C399},Amaro,ET072102,Amaro,ET0721,SNNP,ET07,37.789695,5.906455
14638,BENEYA ARB GEBEYA,{ACB44EB6-9A09-4595-8C77-67E799A80183},Burji Special,ET072203,Burji,ET0722,SNNP,ET07,37.613867,5.617513
14674,BONCHO ROBUI GEBEYA,{F0520DC6-803B-4D04-8690-7A74A8456896},Burji Special,ET072203,Burji,ET0722,SNNP,ET07,37.783197,5.636437
14555,Busa Baso Kebele Gebeya Maikel,{CF0D7D8F-C219-46F5-BBF8-920F6E7C9B94},Derashe Special,ET072304,Derashe,ET0723,SNNP,ET07,37.314027,5.741303
14611,segno gebeya bota,{AEEF4B74-E101-4E1E-BF05-755945E603ED},Derashe Special,ET072304,Derashe,ET0723,SNNP,ET07,37.505451,5.630555
12373,wogrona azagn,{5D4979C4-DC99-4915-B362-D8452A265EFC},Yem SP Woreda,ET072401,Yem Special,ET0724,SNNP,ET07,37.506379,7.749514
12375,Layigna Kashali market center,{14F57731-455E-4174-AAAB-13475726F1D4},Yem SP Woreda,ET072401,Yem Special,ET0724,SNNP,ET07,37.461590,7.840382
12380,shosho,{8A535215-E125-41B0-A18D-B55727DCC33F},Yem SP Woreda,ET072401,Yem Special,ET0724,SNNP,ET07,37.427302,7.774270
12384,Shosho babya,{8D49A967-973C-4E09-BB9D-119D46938D13},Yem SP Woreda,ET072401,Yem Special,ET0724,SNNP,ET07,37.427543,7.774435
12393,Soma Washo,{6D569683-AB8B-4400-9F6B-DE82CC4C6FA0},Yem SP Woreda,ET072401,Yem Special,ET0724,SNNP,ET07,37.465930,7.806943
12394,Gase,{D0C530F4-59D5-4338-A949-3A4132085E41},Yem SP Woreda,ET072401,Yem Special,ET0724,SNNP,ET07,37.456150,7.887945
12395,Gase,{A552D8E4-6691-4113-9A5C-242D98FDA822},Yem SP Woreda,ET072401,Yem Special,ET0724,SNNP,ET07,37.476025,7.872658
12406,Melaka,{21744DCA-DCBD-456F-9F30-430CD9E52B50},Yem SP Woreda,ET072401,Yem Special,ET0724,SNNP,ET07,37.548597,7.841670
38892,Ye Marara,{D2BE3EAF-B952-4C6A-99AC-FD1DBC1F0E7C},Yem SP Woreda,ET072401,Yem Special,ET0724,SNNP,ET07,37.401891,7.755147
38988,Ye Marara,{541A6FA0-7F1D-4FA8-B900-A41AF9DEF228},Yem SP Woreda,ET072401,Yem Special,ET0724,SNNP,ET07,37.401891,7.755147
38989,Ye Marara,{AE5BCB88-1B55-4E99-BE70-F17565DC4B24},Yem SP Woreda,ET072401,Yem Special,ET0724,SNNP,ET07,37.401891,7.755147
38991,Ye Marara,{C43213C5-4515-4B7C-A761-28F402099116},Yem SP Woreda,ET072401,Yem Special,ET0724,SNNP,ET07,37.401891,7.755147
38992,Ye Marara,{8D1B4B74-D9AA-413E-BB24-7416C218C4C4},Yem SP Woreda,ET072401,Yem Special,ET0724,SNNP,ET07,37.401891,7.755147
38993,Ye Marara,{20C5B89D-564A-4922-A8E8-4FD486D22392},Yem SP Woreda,ET072401,Yem Special,ET0724,SNNP,ET07,37.401891,7.755147
38995,Ye Marara,{D16A2495-4BB2-40DE-9789-61C347E2C438},Yem SP Woreda,ET072401,Yem Special,ET0724,SNNP,ET07,37.401891,7.755147
14270,yute gebeya,{5F4EE063-81F7-49BB-9CFA-F5ECB866FC79},Masha,ET110102,Sheka,ET1101,South West Ethiopia,ET11,35.412030,7.482238
14278,digre,{D398839D-9064-4078-9B67-2A9FC0129F9E},Masha,ET110102,Sheka,ET1101,South West Ethiopia,ET11,35.358208,7.471918
14285,market center,{085EC68D-F364-4882-BAD1-68F67996630B},Masha,ET110102,Sheka,ET1101,South West Ethiopia,ET11,35.266489,7.681419
14218,FEDA MARKET CENTER,{0DF19D1F-D5D5-4633-B0D3-F961675C1712},Yeki,ET110103,Sheka,ET1101,South West Ethiopia,ET11,35.488983,7.242312
14250,KURA KEBELE MARKET PLACE,{A11549CE-AB0E-40A0-B876-1FA52DA13F75},Yeki,ET110103,Sheka,ET1101,South West Ethiopia,ET11,35.611721,7.228841
41208,Keli Market Center,{0C216536-2309-4963-9FE3-7B8203993E35},Saylem,ET110201,Kefa,ET1102,South West Ethiopia,ET11,35.655845,7.826091
13967,ye wodity keble gabiya meda,{AA364E76-2E87-402D-8974-2B913D38F4BD},Gesha,ET110202,Kefa,ET1102,South West Ethiopia,ET11,35.590754,7.671490
13978,ye yesheto yeri keble gebiya meda,{39A0C92A-1CBB-499E-A955-1EC81821335A},Gesha,ET110202,Kefa,ET1102,South West Ethiopia,ET11,35.679182,7.528738
13848,OGEYA GEBEYA MEDA,{F3209D4F-2DA1-491C-A056-71AB3797AA22},Decha,ET110208,Kefa,ET1102,South West Ethiopia,ET11,36.182478,7.009992
13859,SHEDA G/KEBELE TIFE O1 GEBEYA MEDA,{E0AB2A81-803F-4D24-9578-FA0C6FFF2C88},Decha,ET110208,Kefa,ET1102,South West Ethiopia,ET11,36.182720,7.010358
13797,YE DUKIRA WOSHI,{16F85300-47CD-4B05-9EAE-C2A890180754},Shisho Ande,ET110213,Kefa,ET1102,South West Ethiopia,ET11,36.021555,7.322612
12599,YE BOBI GEBEYA BOTA,{EBF38B25-CEAB-453D-BC48-D095810947A1},Tocha,ET110401,Dawuro,ET1104,South West Ethiopia,ET11,37.096207,7.105920
12609,YE GASA BALE GEBEYA BOTA,{B14F6BC7-5F00-4633-8C01-12E8D193C2D3},Tocha,ET110401,Dawuro,ET1104,South West Ethiopia,ET11,37.082585,7.193149
12616,YE GORQA CILA GEBEYA BOTA,{ABAD7B94-F122-4D0E-9C1C-9234D117AE41},Tocha,ET110401,Dawuro,ET1104,South West Ethiopia,ET11,36.998418,7.205301
12618,GORIKA DOMA GETER KEBELE GEBEYA BOTA,{ABA7048A-0914-4C54-827B-A25F59FEAA23},Tocha,ET110401,Dawuro,ET1104,South West Ethiopia,ET11,36.991703,7.172050
12625,YE ABA DAHI GETER KEBELE GEBYA CENTER,{4E058B71-9A38-486F-A562-0AA44EDF62D8},Tocha,ET110401,Dawuro,ET1104,South West Ethiopia,ET11,36.907437,7.186003
12637,YE MANTA GEBEYA BOTA,{F0BB14F6-2D36-42B0-94F4-A5983982E00D},Tocha,ET110401,Dawuro,ET1104,South West Ethiopia,ET11,36.854672,7.116708
12640,YE GUCHULI GEBEYA BOTA,{22EEEDEE-2118-413D-8E6E-3782CDFBD4F8},Tocha,ET110401,Dawuro,ET1104,South West Ethiopia,ET11,36.864993,7.086958
12652,Balayoyo markete center,{4FE037D3-9FD0-4D00-8F22-2336C6D3037C},Mareka,ET110402,Dawuro,ET1104,South West Ethiopia,ET11,37.144502,7.021688
12870,YE LOMA BALE GEBEYA BOTA,{42923E40-F292-458B-BA58-8D4168375FB0},Loma,ET110403,Dawuro,ET1104,South West Ethiopia,ET11,37.230135,6.922770
12825,arbi gebeya,{E6445E0A-A109-4004-A7EA-20AEC9F04342},Gena,ET110404,Dawuro,ET1104,South West Ethiopia,ET11,37.311710,7.227102
12845,Hamuse Koche Bota,{7C02F939-A70C-4E2F-B5E6-79C468641824},Isara,ET110405,Dawuro,ET1104,South West Ethiopia,ET11,37.075272,6.891812
12632,COMA GUNICHA GEBEYA BOTA,{9014B71A-3C86-4A27-B443-2E9889D277AE},Kachi,ET110406,Dawuro,ET1104,South West Ethiopia,ET11,36.916164,7.042322
12644,YESHOGA GEBEYA BOTA,{F7F937CB-5318-4F3A-BC11-CCE027591D1B},Kachi,ET110406,Dawuro,ET1104,South West Ethiopia,ET11,36.924529,7.082707
12672,Gasho market center,{1829F910-7B6A-4906-9D2E-209BDDAF09A7},Mari Mansa,ET110408,Dawuro,ET1104,South West Ethiopia,ET11,37.047566,6.978676
12674,Kawuka mariket center,{9C8D1268-098E-4045-A737-53B7E6F11750},Mari Mansa,ET110408,Dawuro,ET1104,South West Ethiopia,ET11,37.071740,6.991976
17144,YE CABARA SHASHO GEBEYA BOTA,{AAF0267B-77AA-4337-8005-8D619C563956},Konta,ET110601,Konta Special,ET1106,South West Ethiopia,ET11,36.673471,7.034967
17151,GEBEYA BOTA,{8619BAA7-04E2-48F1-9ECE-717AE812031C},Konta,ET110601,Konta Special,ET1106,South West Ethiopia,ET11,36.591300,6.837642
17156,YE TOLKA GEBEYA BOTA,{8CDCD35F-69B9-4F2E-99F2-F681DB8F2C54},Konta,ET110601,Konta Special,ET1106,South West Ethiopia,ET11,36.562152,6.830820
17159,YEDALIBA ALIPHA GEBEYA BOTA,{79D433E0-9F9C-47EA-A7C9-815D7F228878},Konta,ET110601,Konta Special,ET1106,South West Ethiopia,ET11,36.591175,6.815009
17171,YE OFA GEBEYA BOTA,{7BEA35F0-5DB9-454D-9677-07853756A528},Konta,ET110601,Konta Special,ET1106,South West Ethiopia,ET11,36.612292,7.098797
19877,Kabo Market Center,{AC776314-301E-4D7B-A952-FB1A0ABA940C},Godere,ET120301,Majang,ET1203,Gambela,ET12,35.312048,7.284718
19962,Dushi market Center,{A2CD22FE-3815-4290-856D-02FE48A05A6F},Mengesh,ET120308,Majang,ET1203,Gambela,ET12,35.193119,7.280254
19966,Shone market Center,{116895CB-6246-4BD3-A798-3C8427DF010B},Mengesh,ET120308,Majang,ET1203,Gambela,ET12,35.265245,7.274673
19978,Kumi Ye Gebeya Maekele,{D0FEE18D-DE9C-4AA0-9D66-CBA2393167D5},Mengesh,ET120308,Majang,ET1203,Gambela,ET12,35.148262,7.275975
18878,miay yechat gebeya,{6CE8148B-C46B-4631-84B0-5E1C2D5D40CC},Shenkor,ET130102,Harari,ET1301,Harari,ET13,42.146797,9.322418
6098,ALEFA YEGEBA MEAKELE,{4067DA10-355D-4731-A0B1-0A5D2EAC7766},Akaki Kality,ET140101,Region 14,ET1401,Addis Ababa,ET14,38.764013,8.956031
6133,Sami,{4F4EC7FC-C234-4535-AB68-F1D9D61075C7},Akaki Kality,ET140101,Region 14,ET1401,Addis Ababa,ET14,38.765355,8.957483
6160,Saris,{010CEF42-EA52-4C6D-B34B-4DE7DABA691D},Akaki Kality,ET140101,Region 14,ET1401,Addis Ababa,ET14,38.764248,8.952318
6189,selam,{4BCE1DC3-DEBA-4348-9F02-58EC07C20957},Akaki Kality,ET140101,Region 14,ET1401,Addis Ababa,ET14,38.762705,8.951902
6219,akake/ketena 6/2/,{C0489D45-871C-4CD7-9808-5288E6D2DB11},Akaki Kality,ET140101,Region 14,ET1401,Addis Ababa,ET14,38.787293,8.868943
6262,Kera Gebeyea,{78E17D81-D709-4786-8633-B9BB87FBF352},Akaki Kality,ET140101,Region 14,ET1401,Addis Ababa,ET14,38.785275,8.879215
6388,gulit,{BB3C5375-7C04-45A1-A5E4-D2076CAD53CC},Akaki Kality,ET140101,Region 14,ET1401,Addis Ababa,ET14,38.759771,8.890746
10526,YEWEREDA 08 KETENA 3TIZITA GEBEYA MAIKEL,{44EC2F1B-D06C-49C2-AB84-26914A5EF532},Nifas Silk Lafto,ET140102,Region 14,ET1401,Addis Ababa,ET14,38.763041,8.973936
10541,YE WEREDA 08 KETENA 5,{CA5558B4-C474-4F39-B4AA-13F744043B8F},Nifas Silk Lafto,ET140102,Region 14,ET1401,Addis Ababa,ET14,38.761839,8.977256
10572,YE WEREDA 09 SEFERE 9,{C8803BC2-AC59-4703-84D3-461BD2A264FA},Nifas Silk Lafto,ET140102,Region 14,ET1401,Addis Ababa,ET14,38.763932,8.963325
10589,TANA GEBIA MAIKEL,{607DBA55-0C27-4BBA-B20C-A10DD2384A9A},Nifas Silk Lafto,ET140102,Region 14,ET1401,Addis Ababa,ET14,38.770199,8.958960
10623,kera  gulut gebeya maekel,{30F28A06-4441-46CD-816F-88F3753B7CF0},Nifas Silk Lafto,ET140102,Region 14,ET1401,Addis Ababa,ET14,38.748484,8.983332
10834,germen adebabay market center,{6E3D4BF3-AD7D-4AE4-AFD4-B7CC0B49B8BC},Nifas Silk Lafto,ET140102,Region 14,ET1401,Addis Ababa,ET14,38.733178,8.964019
10928,LAFTO KIFILE KETEMA WEREDA 12 BAGI GABAYABOT,{3D42E1F1-1547-4606-A2B2-AF35F46A0177},Nifas Silk Lafto,ET140102,Region 14,ET1401,Addis Ababa,ET14,38.744015,8.944037
10932,TAKSI MAZORIYA GABAYA BOTA,{E183C18F-1F41-4D9D-B362-6A99F9739385},Nifas Silk Lafto,ET140102,Region 14,ET1401,Addis Ababa,ET14,38.743645,8.947284
11173,MENDER HULET GULT,{21AC6D50-88C7-488D-91A1-3AAE641731DF},Nifas Silk Lafto,ET140102,Region 14,ET1401,Addis Ababa,ET14,38.739896,8.932543
11223,HANA MARIAM GULIT,{7BE3FB35-57C6-49EF-9AC3-89CED4292E53},Nifas Silk Lafto,ET140102,Region 14,ET1401,Addis Ababa,ET14,38.742205,8.928879
11243,RAS-HEAD,{5AC63D2B-6CF8-4694-B187-65E035158154},Nifas Silk Lafto,ET140102,Region 14,ET1401,Addis Ababa,ET14,38.750072,8.944336
11348,oromiya codominiyem,{09465F89-713E-4DE5-A636-BAACEC2B38E0},Nifas Silk Lafto,ET140102,Region 14,ET1401,Addis Ababa,ET14,38.729415,8.935230
11361,FARI,{319E1EB1-2825-4928-8E5B-972CE33FA7ED},Nifas Silk Lafto,ET140102,Region 14,ET1401,Addis Ababa,ET14,38.710156,8.959515
11382,ALL MART YEGEBAYA MAKEL,{3321210B-B0F5-4011-A9B8-72932510FCD2},Nifas Silk Lafto,ET140102,Region 14,ET1401,Addis Ababa,ET14,38.714784,8.961436
11387,ALL MART YEGEBAYA MAKEL,{849F3256-E529-4C06-B002-C4B06328E12C},Nifas Silk Lafto,ET140102,Region 14,ET1401,Addis Ababa,ET14,38.714772,8.961411
11392,JEMO 3GULT GEBAYE,{7469944C-9FFE-4F7C-8542-46A7A7C8B36C},Nifas Silk Lafto,ET140102,Region 14,ET1401,Addis Ababa,ET14,38.697841,8.956562
11396,AYISHIR YE GEBAYA MAKEL,{A8F6F755-5CB2-4B86-B50C-62D8195E6A4C},Nifas Silk Lafto,ET140102,Region 14,ET1401,Addis Ababa,ET14,38.713293,8.960994
11410,JEMO 2 YEBEG GEBEYA,{11F65432-F4E8-4934-9F0C-3F58EFA86A1C},Nifas Silk Lafto,ET140102,Region 14,ET1401,Addis Ababa,ET14,38.698071,8.954714
11413,67 MAZORIA,{705ACCD4-802C-4549-831C-E852FCA95219},Nifas Silk Lafto,ET140102,Region 14,ET1401,Addis Ababa,ET14,38.711308,8.960504
9547,Anfo 75 Hidase Gulite,{B7B1EFFD-F382-47E5-B037-83226F794FDA},Kolfe Keraniyo,ET140103,Region 14,ET1401,Addis Ababa,ET14,38.672826,9.010663
9557,Gulete Gebeya,{CF031E98-14E9-4939-8877-273FB832E902},Kolfe Keraniyo,ET140103,Region 14,ET1401,Addis Ababa,ET14,38.689631,9.002041
9576,ketena 7beg tera,{1CE1B9C2-D685-4302-85FA-0B6730218001},Kolfe Keraniyo,ET140103,Region 14,ET1401,Addis Ababa,ET14,38.693047,9.000978
9581,BeteleGulit,{6207AB35-050F-42CD-8512-191C9E2B805E},Kolfe Keraniyo,ET140103,Region 14,ET1401,Addis Ababa,ET14,38.689419,9.004562
9583,keft gebaya,{15F9AA92-123B-4E77-AD0E-2C1EEB824C68},Kolfe Keraniyo,ET140103,Region 14,ET1401,Addis Ababa,ET14,38.694355,9.017864
9588,mendeda yatlebesu lebsoch mesecha gabay,{47AC2981-F866-4FD6-8EEC-D52E8C97F24E},Kolfe Keraniyo,ET140103,Region 14,ET1401,Addis Ababa,ET14,38.700082,9.014898
9594,GULT GBEYA,{09245880-925A-4517-954D-6204FD4418E2},Kolfe Keraniyo,ET140103,Region 14,ET1401,Addis Ababa,ET14,38.705474,9.015143
9596,tegat adebaby mender atekelt ena shaketashket,{A412A343-6D61-4445-8E1D-CB9CC3B8F561},Kolfe Keraniyo,ET140103,Region 14,ET1401,Addis Ababa,ET14,38.701914,9.017052
9607,Adebabay Gebeya maekel,{48A536DE-B479-4A60-954E-D9C5961B97D5},Kolfe Keraniyo,ET140103,Region 14,ET1401,Addis Ababa,ET14,38.701401,9.018063
9608,Adebabay Gebeya maekel,{1F442FBE-B30F-42E5-A3B8-A4839169FA2F},Kolfe Keraniyo,ET140103,Region 14,ET1401,Addis Ababa,ET14,38.701185,9.018501
9611,Tikakinina Anstegna Gult yegebaye bota,{8671EF6C-438A-4E8F-A99E-EDB099696AB6},Kolfe Keraniyo,ET140103,Region 14,ET1401,Addis Ababa,ET14,38.708099,9.013821
9612,Besra Enkdem gebeya Maekel,{D34FC341-54F7-4E63-A18F-3AE256F3C1ED},Kolfe Keraniyo,ET140103,Region 14,ET1401,Addis Ababa,ET14,38.700281,9.019971
9620,tegil besera yegebaya bota,{C65396AF-EB38-45E1-81D9-9C0470CB6F0D},Kolfe Keraniyo,ET140103,Region 14,ET1401,Addis Ababa,ET14,38.693947,9.021136
9630,AREKEB   YGEBYA MAKEL,{8FFC1CB7-E880-4CA6-BCA0-BE001983D883},Kolfe Keraniyo,ET140103,Region 14,ET1401,Addis Ababa,ET14,38.706497,9.003922
9661,YEKTNA  5  GUELYT   GEBYA,{C07364AD-F9C9-45AE-A882-89CF897B9199},Kolfe Keraniyo,ET140103,Region 14,ET1401,Addis Ababa,ET14,38.696019,9.001689
9775,ANDUALEM TSAGUR BET,{FDF19A92-0FF6-47BB-BC1D-2AA7503765BD},Kolfe Keraniyo,ET140103,Region 14,ET1401,Addis Ababa,ET14,38.685819,8.999022
9798,BEGTERA BOTA,{4E674EBF-FB40-4978-9FD0-30EF333617CA},Kolfe Keraniyo,ET140103,Region 14,ET1401,Addis Ababa,ET14,38.674908,9.002491
9801,GULIT GEBEYA,{320E38F8-4AA2-47E7-A986-DC3862CB249F},Kolfe Keraniyo,ET140103,Region 14,ET1401,Addis Ababa,ET14,38.674883,9.003960
9820,GULIT GABAYA BOTA,{6E592C75-CF18-47B0-80B7-C3BD5508986A},Kolfe Keraniyo,ET140103,Region 14,ET1401,Addis Ababa,ET14,38.677148,9.000233
9833,HABESH SUPERMARKET,{7D01D2FC-0FC5-41AF-BDB9-9A3E7FEC85E3},Kolfe Keraniyo,ET140103,Region 14,ET1401,Addis Ababa,ET14,38.687545,8.980671
9970,YONAS VEGETABLE&FRUIT MARKET  CENTER,{8A6BE300-3BD3-45A3-8D3D-83360DD33CD6},Kolfe Keraniyo,ET140103,Region 14,ET1401,Addis Ababa,ET14,38.680755,8.975750
9972,WERKINSH YEBEYA MAHKIEL,{F2A4362A-6472-481C-B80A-2C8C24E70A97},Kolfe Keraniyo,ET140103,Region 14,ET1401,Addis Ababa,ET14,38.681357,8.975844
10003,MUASHEM GARMENT,{FA7662EE-3F68-4AED-B130-337E65232A44},Kolfe Keraniyo,ET140103,Region 14,ET1401,Addis Ababa,ET14,38.676129,8.990318
10005,KOLFE WOREDA 3 TENA TABIYA AKEBABI YELEW GEBAYA,{16003BC0-E959-4927-ABB7-FA45B5FC228B},Kolfe Keraniyo,ET140103,Region 14,ET1401,Addis Ababa,ET14,38.676803,8.988472
11422,Jomo 2 ye gebya maekel,{2E9E4F53-74C2-4126-ADCB-FE52813970AD},Kolfe Keraniyo,ET140103,Region 14,ET1401,Addis Ababa,ET14,38.693131,8.954672
7089,YE KETEN 4 A GULITE GEBEYA,{612D70EC-5AC2-4A0B-A098-EC2F5FE569D6},Bole,ET140104,Region 14,ET1401,Addis Ababa,ET14,38.793398,9.010013
7400,Temsigen Ye Gebeya Maekel,{2AD58EC2-CF82-473B-AD93-2AA1D5AE8D7B},Bole,ET140104,Region 14,ET1401,Addis Ababa,ET14,38.787845,9.012847
7485,Ye Mikael Gorgorios Atakilt tera,{8179C380-B109-45AC-92F9-48956F9704D5},Bole,ET140104,Region 14,ET1401,Addis Ababa,ET14,38.771456,8.980032
7672,Medhanialem Gebeya maekel,{96D0751E-D2CC-492E-A7B2-D43756089289},Bole,ET140104,Region 14,ET1401,Addis Ababa,ET14,38.778093,8.949327
7755,Atklt ena Frafriye Aksiyon Mahber,{614DC423-75E2-4C0F-9F6A-557252A33C79},Bole,ET140104,Region 14,ET1401,Addis Ababa,ET14,38.814206,8.994794
7953,YERER GIRUMU GULIT,{C8F2CA02-CCD2-409B-A93F-C7C4E52090DF},Bole,ET140104,Region 14,ET1401,Addis Ababa,ET14,38.822711,8.997218
7960,SALETEMEHERETE YE GEBEYA AARASHE,{63B9939B-3B9F-4064-BA85-0EAFA6B0083D},Bole,ET140104,Region 14,ET1401,Addis Ababa,ET14,38.821734,9.017605
7968,LUSE YEGEBEYA ADARASE,{5D5EE367-882E-43F8-A8CE-1A6834C32B22},Bole,ET140104,Region 14,ET1401,Addis Ababa,ET14,38.823832,9.018117
8541,ebizon gebeya maekel,{ED0EC02A-4043-4DDF-B05B-0590CD1A7D6D},Bole,ET140104,Region 14,ET1401,Addis Ababa,ET14,38.775222,9.009446
9337,shiwa shupper market,{4DEE797B-525F-470D-8B15-9FC2A5A5C146},Lideta,ET140105,Region 14,ET1401,Addis Ababa,ET14,38.719663,9.008692
10200,solmart super market,{7CCD0E64-DEAD-40EB-82DB-AF891C9A4095},Lideta,ET140105,Region 14,ET1401,Addis Ababa,ET14,38.737012,9.013046
10227,danibal,{6EC690DB-8A6B-42B3-ACD5-4ADA99C3BE55},Lideta,ET140105,Region 14,ET1401,Addis Ababa,ET14,38.734023,9.004735
10285,YEBAGOCH MESHACHA,{456916B3-49BC-4F6D-9BFC-F138B387DB53},Lideta,ET140105,Region 14,ET1401,Addis Ababa,ET14,38.719868,8.984312
8550,ye haile gebral super market,{F01BE8E1-2346-4E0E-8C61-B50C8DCC2286},Kirkos,ET140106,Region 14,ET1401,Addis Ababa,ET14,38.770779,9.009998
8555,bambis super market,{685D3E24-70B0-4126-B236-CBF71B870292},Kirkos,ET140106,Region 14,ET1401,Addis Ababa,ET14,38.772132,9.010008
8600,KA AB,{DF9BD5A4-E32B-4DE8-BD7C-F99210D4D2D0},Kirkos,ET140106,Region 14,ET1401,Addis Ababa,ET14,38.771413,9.004541
8608,abubeker treding,{7F55BB3D-3BD6-4D2F-B356-19D476F1202A},Kirkos,ET140106,Region 14,ET1401,Addis Ababa,ET14,38.772096,8.997346
8626,palace super market,{73893F6E-0F07-4A93-8EFF-370BF8164C71},Kirkos,ET140106,Region 14,ET1401,Addis Ababa,ET14,38.765497,9.021412
8628,gbi gebral ye gebeya maekel,{ED51695C-0EEA-4467-84C0-CEB91C0A9F05},Kirkos,ET140106,Region 14,ET1401,Addis Ababa,ET14,38.766599,9.020534
8634,agoza enchet mashecha,{3A2C7EAD-F495-4AF0-B050-0307112ED1E3},Kirkos,ET140106,Region 14,ET1401,Addis Ababa,ET14,38.776752,9.013100
8638,glori hntsa,{7380C534-1E02-43F9-8C87-23E07F986CB8},Kirkos,ET140106,Region 14,ET1401,Addis Ababa,ET14,38.773952,9.013082
8653,ashewa meda yegebeya maekel,{C8B04595-B743-4EF3-AEFD-7C24739D545A},Kirkos,ET140106,Region 14,ET1401,Addis Ababa,ET14,38.771412,9.017557
8669,palace commercial center,{DABFC9BB-DF63-4738-9EE5-50126F7C0987},Kirkos,ET140106,Region 14,ET1401,Addis Ababa,ET14,38.765317,9.021266
8681,mulugeta commercial center,{50FB501D-218B-4A45-89A8-83A86D3365F4},Kirkos,ET140106,Region 14,ET1401,Addis Ababa,ET14,38.773538,9.012083
8683,urael yegebya maekel,{4F0E4DC3-9E9D-43DE-BB16-D85BBF9513E6},Kirkos,ET140106,Region 14,ET1401,Addis Ababa,ET14,38.774489,9.012253
8685,alem birhan plaza yegebeya maekel,{1C8FCDB6-3CB9-4BB7-838F-C2F02D89C2E3},Kirkos,ET140106,Region 14,ET1401,Addis Ababa,ET14,38.773935,9.011048
8686,belay yegebeya maekel,{2B0740D5-94EE-4A27-8408-4C837181834F},Kirkos,ET140106,Region 14,ET1401,Addis Ababa,ET14,38.773454,9.011322
8689,kazanchis yegebeya maekel,{F4B123C9-8DE1-45A7-9B59-31B7791DD48A},Kirkos,ET140106,Region 14,ET1401,Addis Ababa,ET14,38.770150,9.014824
8690,hailealem buliding comerical center,{C8229F8C-AF9F-4E6F-A025-AD8373142B03},Kirkos,ET140106,Region 14,ET1401,Addis Ababa,ET14,38.773633,9.010821
8692,agoza yegebeya maekel,{204A27E6-F717-4D8A-9033-4550F0DC0DA2},Kirkos,ET140106,Region 14,ET1401,Addis Ababa,ET14,38.777469,9.013727
8694,agoza yegebeya  maekel,{38C5C980-7E36-47FC-BCAD-CA183D114AB9},Kirkos,ET140106,Region 14,ET1401,Addis Ababa,ET14,38.777745,9.013578
8722,hsham complex,{62132EC7-12D0-4445-A7AC-B40DAF937A16},Kirkos,ET140106,Region 14,ET1401,Addis Ababa,ET14,38.769186,9.011501
8736,mekane eyesus buliding,{F3B50DF5-B1B7-450C-9B56-84EAAB97ADB8},Kirkos,ET140106,Region 14,ET1401,Addis Ababa,ET14,38.768880,9.010130
8739,zkala complex,{51941549-BCE3-44DC-843A-43DD16AAAA4D},Kirkos,ET140106,Region 14,ET1401,Addis Ababa,ET14,38.767797,9.010733
8758,sh solomon hylu gebay adarash,{246C0C9E-9DF5-4196-A0A1-5EE92168E77C},Kirkos,ET140106,Region 14,ET1401,Addis Ababa,ET14,38.759045,9.004790
8934,KIRKOS,{8A834809-1889-41CE-869A-776ADEE884FD},Kirkos,ET140106,Region 14,ET1401,Addis Ababa,ET14,38.752922,9.005201
8935,SISAY MEDA,{F8A4F142-B9B4-4E41-9A35-4794CA06BDFD},Kirkos,ET140106,Region 14,ET1401,Addis Ababa,ET14,38.753118,8.999688
8944,DORO TERA,{5A78EF0C-5E6A-41A7-B984-0F6221867F5F},Kirkos,ET140106,Region 14,ET1401,Addis Ababa,ET14,38.756575,9.007942
9185,Alimi,{D2EC0C8A-1F48-4C9F-AC5A-0FCF967D3F5C},Kirkos,ET140106,Region 14,ET1401,Addis Ababa,ET14,38.753518,8.997897
9221,Gotera,{D268A123-8777-4443-B243-4ECC87BD59B3},Kirkos,ET140106,Region 14,ET1401,Addis Ababa,ET14,38.757280,8.984199
10648,kera ye kebete gebeya,{4DA1C95C-7C6B-4A12-9B17-7CFB24C390A6},Kirkos,ET140106,Region 14,ET1401,Addis Ababa,ET14,38.746842,8.984787
11482,"06,1&3 bulukot gebeya makel",{A1F42238-27A6-4AEF-9840-084626893752},Yeka,ET140107,Region 14,ET1401,Addis Ababa,ET14,38.772146,9.058908
11603,chu chu meda gebya maekel,{9F2EB47E-571E-470A-BF95-8A8522FDF5DA},Yeka,ET140107,Region 14,ET1401,Addis Ababa,ET14,38.795120,9.028709
11667,m and m,{F31EE17F-88B3-496C-AB62-0CB837BB796D},Yeka,ET140107,Region 14,ET1401,Addis Ababa,ET14,38.784345,9.015420
11670,lex plaza,{3B75C40B-86C5-4C82-9114-62899992944A},Yeka,ET140107,Region 14,ET1401,Addis Ababa,ET14,38.781992,9.014851
11679,comet builidn,{910B7102-4F54-488C-94AB-80AEEF5CCB20},Yeka,ET140107,Region 14,ET1401,Addis Ababa,ET14,38.783655,9.015340
11697,Selam Gebeya Maekel,{A8BFE8F4-A7B4-48C8-B4F9-60467B4D14D1},Yeka,ET140107,Region 14,ET1401,Addis Ababa,ET14,38.781176,9.018348
11954,teriminal kondemibniem fit eft,{7FB944FE-04E9-427A-B760-103724C59891},Yeka,ET140107,Region 14,ET1401,Addis Ababa,ET14,38.827151,9.025657
11955,teriminal sslitemiiret fit lefit yalow meseha,{F99CD19E-6CBE-4AD5-A0AE-288597A69E25},Yeka,ET140107,Region 14,ET1401,Addis Ababa,ET14,38.826995,9.020672
12308,kara yegebeya maekel,{9E61933F-5C14-4E12-AAD1-07D0B08D8E39},Yeka,ET140107,Region 14,ET1401,Addis Ababa,ET14,38.863421,9.042849
4859,YE S/T RAGAEL GEBEYA MAEKEL,{8CAB3F61-A4A2-474A-8F1E-5F46A09653BE},Addis Ketema,ET140108,Region 14,ET1401,Addis Ababa,ET14,38.715051,9.040543
4864,YE SHEMIZ TERA GEBEYA MAEKEL,{01FD395A-BEFB-4A77-A521-C94F41D0ED44},Addis Ketema,ET140108,Region 14,ET1401,Addis Ababa,ET14,38.714389,9.041050
5242,ABENEM NGD MAEKEL,{F8A71F75-3F22-4127-BB78-22F0A0170B8A},Addis Ketema,ET140108,Region 14,ET1401,Addis Ababa,ET14,38.732424,9.033063
5252,MILITERI TERA,{84ED688B-78F0-412F-AED9-4AAB6D0DAB38},Addis Ketema,ET140108,Region 14,ET1401,Addis Ababa,ET14,38.738478,9.031874
5271,DUBAY TERA,{4632B6F5-9D1A-4C82-A5B7-AD997DF4BE98},Addis Ketema,ET140108,Region 14,ET1401,Addis Ababa,ET14,38.738315,9.031945
5274,ADDIS ABEBA,{AACA7950-0495-4339-A131-BFDF8D7823F7},Addis Ketema,ET140108,Region 14,ET1401,Addis Ababa,ET14,38.739354,9.032249
5279,TRET YE GEBEYA MAEKEL,{2A32DB25-00BB-4BE9-B371-11FD2A5EB66E},Addis Ketema,ET140108,Region 14,ET1401,Addis Ababa,ET14,38.736960,9.034000
5299,YIRGA HAILE YE GEBEYA BOTA,{2976F7F4-D1B8-4D1D-A65C-D359962B8974},Addis Ketema,ET140108,Region 14,ET1401,Addis Ababa,ET14,38.739500,9.033655
5300,EDGET BANK YE GEBEYA MAEKEL,{BF457FB6-0050-4E98-9DC0-E515B03B50D4},Addis Ketema,ET140108,Region 14,ET1401,Addis Ababa,ET14,38.739087,9.033162
5303,KEY KELEM YE GEBEYA BOTA,{5E62AE3F-56F7-485F-AD56-FE60184DAE2B},Addis Ketema,ET140108,Region 14,ET1401,Addis Ababa,ET14,38.738113,9.033192
5306,MAHAL GEBAYA ADARASHI KUTIR ONE/1,{828D2471-B966-4D66-A2D9-CEC75895DF2D},Addis Ketema,ET140108,Region 14,ET1401,Addis Ababa,ET14,38.737498,9.031431
5310,EDGET MESELAL,{295A7FFC-084A-4E69-96C3-A4D5A203D3F2},Addis Ketema,ET140108,Region 14,ET1401,Addis Ababa,ET14,38.737620,9.032010
5313,MAHAL GEBAYA ADARASHI KUTIR 2,{AED9D035-7A30-48A9-94AE-573EDFDF75BF},Addis Ketema,ET140108,Region 14,ET1401,Addis Ababa,ET14,38.737077,9.031022
5360,HUNLIYAT MARKET CENTER,{00E54845-4A0B-4AF2-984C-6B4A79D61A25},Addis Ketema,ET140108,Region 14,ET1401,Addis Ababa,ET14,38.723897,9.032778
5385,AMANUEL TSEGA MARKET CENTER,{26295926-A01E-41B9-8A3F-9C06DB0E8D40},Addis Ketema,ET140108,Region 14,ET1401,Addis Ababa,ET14,38.724396,9.032816
5529,GURAGE GEBEYA MEKAL,{FC3BC92A-664E-4849-9061-E06D3EAEF2E9},Addis Ketema,ET140108,Region 14,ET1401,Addis Ababa,ET14,38.742180,9.030339
5533,URAGO MARKET CENTER,{0E13863F-8173-4824-91FF-E9CF459C25E4},Addis Ketema,ET140108,Region 14,ET1401,Addis Ababa,ET14,38.742121,9.030392
5534,NEBAR YEGEBIYA MAIKEL,{34C334C9-EEA3-468F-8C08-57499AD497A3},Addis Ketema,ET140108,Region 14,ET1401,Addis Ababa,ET14,38.736763,9.028256
5536,SOBELAN YE GEBIYA MEAKEL,{8EC0D637-A1C4-4DA7-90CF-4F6D7C2ABA46},Addis Ketema,ET140108,Region 14,ET1401,Addis Ababa,ET14,38.736382,9.029247
5541,YE MERKATO SHEMA TERYA GEBIYA MEAKEL,{7EAC705E-972D-461D-AD63-263271F1F8E5},Addis Ketema,ET140108,Region 14,ET1401,Addis Ababa,ET14,38.736582,9.028687
5542,JABILANI YEGBIYA MAEKEL,{30753BC9-98DB-4D8D-80A2-1ADE6C4BAA96},Addis Ketema,ET140108,Region 14,ET1401,Addis Ababa,ET14,38.736137,9.029201
5545,DIRE MARKET CENTER,{CBC8F825-EA4A-479E-95D2-45BC4916B9B7},Addis Ketema,ET140108,Region 14,ET1401,Addis Ababa,ET14,38.739065,9.030153
5552,AFRICA GEBEYA CENTER,{926BB72E-E19F-462E-995C-D5CBF05F1878},Addis Ketema,ET140108,Region 14,ET1401,Addis Ababa,ET14,38.739302,9.029849
5555,XANA GEBEYA,{5172173E-5566-456D-B205-4A57ED1A44F9},Addis Ketema,ET140108,Region 14,ET1401,Addis Ababa,ET14,38.739508,9.030842
5556,ZUWAY GEBEYA MEAKEL,{74E6BA8C-82C1-4072-A07D-42BB4DFD8C41},Addis Ketema,ET140108,Region 14,ET1401,Addis Ababa,ET14,38.740121,9.028548
5570,DIRE TERA MARKET CENTER,{49A440B1-2D56-4299-86A0-D97C5D116F23},Addis Ketema,ET140108,Region 14,ET1401,Addis Ababa,ET14,38.738930,9.030403
5592,AFIYA YE GEBEYA MEAKEL,{6877F287-288E-4F3B-8A62-9B97FAC8CE1F},Addis Ketema,ET140108,Region 14,ET1401,Addis Ababa,ET14,38.738482,9.028196
5594,TELELAN YE GEBEYA MEAKEL,{5DBBF1EF-04B6-4967-BEBF-E01B8AA087CA},Addis Ketema,ET140108,Region 14,ET1401,Addis Ababa,ET14,38.738210,9.028626
5597,YE KOCHO TERA 1GNA GEBEYA MAIKEL,{A7D20101-2DED-45EF-8878-B8729A71262D},Addis Ketema,ET140108,Region 14,ET1401,Addis Ababa,ET14,38.737055,9.026430
9270,Ketana Semnet Gult yegebeya maekel,{F30245A3-004A-460C-85C5-E561C6C445ED},Addis Ketema,ET140108,Region 14,ET1401,Addis Ababa,ET14,38.712504,9.033714
9301,Kibiyad Gebeya Bot,{9B994C9B-8B78-4E94-9643-46464901523D},Addis Ketema,ET140108,Region 14,ET1401,Addis Ababa,ET14,38.708284,9.032582
9485,ASKO MARKET CENTER,{0BB3B956-530C-4CAE-89DF-9BB5D875ACC7},Addis Ketema,ET140108,Region 14,ET1401,Addis Ababa,ET14,38.692641,9.062169
9680,BIRCHIKO BEGTERA,{21F5F942-6FE7-46D8-848D-B6ADFEDF75CB},Addis Ketema,ET140108,Region 14,ET1401,Addis Ababa,ET14,38.702638,9.057528
6632,ye atkilt tera gabeya mekal,{7E204C33-CFF5-4BB3-B42A-2CE12AA106B0},Arada,ET140109,Region 14,ET1401,Addis Ababa,ET14,38.748454,9.034420
6638,shoa super market,{F96E8CA9-E136-413C-B80B-A56ECA4F824A},Arada,ET140109,Region 14,ET1401,Addis Ababa,ET14,38.747890,9.032343
6730,tefer siyum yenigd mahakel,{C0F199AB-7F34-4043-B421-8100AC5C5D7B},Arada,ET140109,Region 14,ET1401,Addis Ababa,ET14,38.744323,9.034557
8179,wereda 5 huletegna menged gult gebeya,{FD750C22-4888-4C1F-8411-B531597127D5},Gulele,ET140110,Region 14,ET1401,Addis Ababa,ET14,38.748864,9.063292
8236,SHURO MEDA GEBEYA MAKEL,{42EBCDA7-66A2-4528-921A-11F842EA2178},Gulele,ET140110,Region 14,ET1401,Addis Ababa,ET14,38.759755,9.065243
8239,SHIRO MEDA GEBEYA ADARASH,{5AED01C6-F3CA-4D38-96EF-D0DEA2628D13},Gulele,ET140110,Region 14,ET1401,Addis Ababa,ET14,38.759047,9.065926
8280,adisu gebaye,{C1CBD74C-BB80-4E93-8F0D-3B7343AD3F10},Gulele,ET140110,Region 14,ET1401,Addis Ababa,ET14,38.734154,9.061244
8441,CHEFE GULIT MENDER3,{8F5184DF-757A-43D2-833C-942FD6EE3E23},Gulele,ET140110,Region 14,ET1401,Addis Ababa,ET14,38.717985,9.064973
8451,yewnget adebaby yebeg gebaya bota,{6B4EF5D9-AFEA-4954-9F32-0730AE5E3B90},Gulele,ET140110,Region 14,ET1401,Addis Ababa,ET14,38.713672,9.056942
8459,yewereda -10 yebera gebeya makel,{01F1E13B-A961-4242-B905-E955782F854F},Gulele,ET140110,Region 14,ET1401,Addis Ababa,ET14,38.726216,9.067413
8468,YEKEBT GEBEYA,{F5534491-8367-4747-8CE1-E84595832AD2},Gulele,ET140110,Region 14,ET1401,Addis Ababa,ET14,38.725966,9.068087
8472,nutusa ye gebeya meakel,{E1E2F493-337D-4961-90D1-A260D3453F6A},Gulele,ET140110,Region 14,ET1401,Addis Ababa,ET14,38.712912,9.058894
8487,SHEGOLE GEBEYA MAIKEL,{97068310-E9A3-4E11-8788-69F060193445},Gulele,ET140110,Region 14,ET1401,Addis Ababa,ET14,38.724024,9.067756
7605,palm,{EEE41CE1-FCA3-4AAE-9260-2987140F93FF},Lemi Kura,ET140111,Region 14,ET1401,Addis Ababa,ET14,38.832200,9.021647
7612,seafeare,{53B96302-06D6-4A90-800B-6E023035E704},Lemi Kura,ET140111,Region 14,ET1401,Addis Ababa,ET14,38.833277,9.021667
7634,shoa shopping center,{28333385-9722-47CD-BC64-11F0DF73272C},Lemi Kura,ET140111,Region 14,ET1401,Addis Ababa,ET14,38.846969,9.010078
7650,sealete mehereat,{37C52F99-9DB4-4958-B2EA-4F9FA4658152},Lemi Kura,ET140111,Region 14,ET1401,Addis Ababa,ET14,38.836606,9.021445
8053,YEMERI GULT,{763170BE-0C59-4F94-A905-970737135A16},Lemi Kura,ET140111,Region 14,ET1401,Addis Ababa,ET14,38.864498,9.019571
8055,Hayat kondominiyem gebeya bota,{FA06BE0D-69AC-447E-A0CA-46A1D9E3D638},Lemi Kura,ET140111,Region 14,ET1401,Addis Ababa,ET14,38.893002,9.019949
8102,salam gebaya maykl,{AE260D18-0881-4849-8DFC-1FD0D7F4699A},Lemi Kura,ET140111,Region 14,ET1401,Addis Ababa,ET14,38.857577,8.984069
12135,KARA BERE TERA,{3FE2BDF5-5225-4854-8973-5860BB8B86D8},Lemi Kura,ET140111,Region 14,ET1401,Addis Ababa,ET14,38.866473,9.041388
18787,tedy kabti irbata,{6269D3F7-42F9-4395-9EB0-15BC47E5978A},Aseliso,ET150201,Dire Dawa rural,ET1502,Dire Dawa,ET15,41.826556,9.595668
18788,betelhem doro irbata,{D848DAAE-2B85-45B1-B030-C1BF950AEA1E},Aseliso,ET150201,Dire Dawa rural,ET1502,Dire Dawa,ET15,41.826136,9.595709
18789,abubeker ye kebti irbate,{E9E638DE-7E83-4A88-8DB1-6263DF28BA00},Aseliso,ET150201,Dire Dawa rural,ET1502,Dire Dawa,ET15,41.828548,9.597518
18790,fasil kebti irbata,{1A7414BB-B546-4800-B3AE-E57F15686D9D},Aseliso,ET150201,Dire Dawa rural,ET1502,Dire Dawa,ET15,41.828841,9.597698
18791,muluken ye asama irbata,{87A31649-E440-415C-8535-232498595929},Aseliso,ET150201,Dire Dawa rural,ET1502,Dire Dawa,ET15,41.826418,9.595703
18981,tedy kabti irbata,{36871810-BFC1-497B-9E2A-5A09897BB113},Aseliso,ET150201,Dire Dawa rural,ET1502,Dire Dawa,ET15,41.826556,9.595668
18982,betelhem doro irbata,{E57AAB37-1411-47B1-A509-6893B016C37F},Aseliso,ET150201,Dire Dawa rural,ET1502,Dire Dawa,ET15,41.826136,9.595709
18983,abubeker ye kebti irbate,{FAF887FE-F2C0-4D6E-946F-1FC33693BD45},Aseliso,ET150201,Dire Dawa rural,ET1502,Dire Dawa,ET15,41.828548,9.597518
18984,fasil kebti irbata,{49AA4C27-82B7-47B6-99DC-8DC8D9741CB2},Aseliso,ET150201,Dire Dawa rural,ET1502,Dire Dawa,ET15,41.828841,9.597698
18985,muluken ye asama irbata,{86D7C76E-3CD8-4877-B293-C8D5388FEB63},Aseliso,ET150201,Dire Dawa rural,ET1502,Dire Dawa,ET15,41.826418,9.595703
18728,ye aleya medeber,{A4B8A506-8FF6-4470-A8F3-C75E8F5DF8AC},Wahil,ET150207,Dire Dawa rural,ET1502,Dire Dawa,ET15,41.747032,9.494702
18729,mehamue meeber,{38C45F48-9AB7-4038-9ED2-E1089DB93F67},Wahil,ET150207,Dire Dawa rural,ET1502,Dire Dawa,ET15,41.749586,9.493417
18730,ahemede medeber,{CBA3A73C-A61F-4982-BF88-90F276BBBEDC},Wahil,ET150207,Dire Dawa rural,ET1502,Dire Dawa,ET15,41.743848,9.496305
18731,jemal abdela,{5B6BA027-D2B8-4987-89B0-45E5A7BF8868},Wahil,ET150207,Dire Dawa rural,ET1502,Dire Dawa,ET15,41.748195,9.494632
18732,ebraheme medeber,{38F2B89C-C0C2-4CC3-8928-EF47D8774D15},Wahil,ET150207,Dire Dawa rural,ET1502,Dire Dawa,ET15,41.748379,9.494463
18734,mohamed medeber,{1E5573DF-9ADB-49E7-BA92-EF1BCD7097BA},Wahil,ET150207,Dire Dawa rural,ET1502,Dire Dawa,ET15,41.743972,9.496358
18736,hassen medeber,{40AEDE88-C0A6-47AD-870C-9CF5472D29C5},Wahil,ET150207,Dire Dawa rural,ET1502,Dire Dawa,ET15,41.747607,9.494630
18922,ye aleya medeber,{FFB8F2DB-0F92-44EF-8EED-A67AF87CA186},Wahil,ET150207,Dire Dawa rural,ET1502,Dire Dawa,ET15,41.747032,9.494702
18923,mehamue meeber,{5D608C4B-0A6D-40E1-993D-950CFE78978A},Wahil,ET150207,Dire Dawa rural,ET1502,Dire Dawa,ET15,41.749586,9.493417
18924,ahemede medeber,{D51176CF-764A-43F6-9BF5-F09CA905333C},Wahil,ET150207,Dire Dawa rural,ET1502,Dire Dawa,ET15,41.743848,9.496305
18925,jemal abdela,{543F0D9A-A547-4430-8834-8E169D9A9403},Wahil,ET150207,Dire Dawa rural,ET1502,Dire Dawa,ET15,41.748195,9.494632
18926,ebraheme medeber,{8B679A70-9E2C-4748-AEFB-CE9071257C29},Wahil,ET150207,Dire Dawa rural,ET1502,Dire Dawa,ET15,41.748379,9.494463
18928,mohamed medeber,{5ADEE441-F862-4052-AFC7-9B66F50FB022},Wahil,ET150207,Dire Dawa rural,ET1502,Dire Dawa,ET15,41.743972,9.496358
18930,hassen medeber,{8126D64E-4876-4AD9-A7EA-EC224C2FCDCB},Wahil,ET150207,Dire Dawa rural,ET1502,Dire Dawa,ET15,41.747607,9.494630
17813,yehowolsona akababn ba m/shondolo buna gibiyt bota,{AFDA8783-17F0-44E1-B48F-39B40205CFC1},Shebe Dino,ET160001,Sidama,ET1600,Sidama,ET16,38.440252,6.906000
17826,Telamo Kantise Market Center,{4EA7E041-C19C-4A48-8181-89B2FA801F4B},Shebe Dino,ET160001,Sidama,ET1600,Sidama,ET16,38.484945,6.835315
17830,Gereno Market Center,{58115EF0-6971-4D18-ACDD-6087ED90C5C0},Shebe Dino,ET160001,Sidama,ET1600,Sidama,ET16,38.529622,6.822523
17845,aercti santri,{C16C1CAB-6491-4120-8AFE-47CCDD91A195},Shebe Dino,ET160001,Sidama,ET1600,Sidama,ET16,38.381335,6.831808
17873,Konsere Ano Kebele Marker Cenrer,{F02688C6-37DA-4601-B2B7-1C72D06B7983},Shebe Dino,ET160001,Sidama,ET1600,Sidama,ET16,38.412380,6.915815
17875,Konsere Ano Kebele Marker Cenrer,{02F89B13-9FFE-459D-B9B4-5846C3859611},Shebe Dino,ET160001,Sidama,ET1600,Sidama,ET16,38.412380,6.915815
18006,JARA KARARA DELA GEBEYA,{C4FA25B4-A9C8-47EF-9CEA-AECF5A2D74C3},Hawassa Zuria,ET160002,Sidama,ET1600,Sidama,ET16,38.379369,6.989396
18007,MAREKATE CENETERE,{BE2AAEA7-BB74-4866-8E03-D2C1F054F10A},Hawassa Zuria,ET160002,Sidama,ET1600,Sidama,ET16,38.374460,7.003260
18008,Doyo Otilecho Gebeya,{A8D59C2B-3EFC-49DE-A32C-3280740057B1},Hawassa Zuria,ET160002,Sidama,ET1600,Sidama,ET16,38.359952,6.979530
18109,Wenenata(Beseka) Gbeya,{B9C2F3F2-56CB-44B7-BF8C-7CAB1827CEDB},Dale,ET160004,Sidama,ET1600,Sidama,ET16,38.347150,6.726675
18118,Mehale Mesencho Buna Gebeya,{CE4966A0-EBBD-4E95-B473-A11433DAF90B},Dale,ET160004,Sidama,ET1600,Sidama,ET16,38.421862,6.734133
18126,Mesenkela Ye Gebeya Bota,{E58B924C-7E1C-4518-8E66-34454929D2CA},Dale,ET160004,Sidama,ET1600,Sidama,ET16,38.379427,6.789565
18137,Berachale Yebuna Gebeya,{DF0A63B2-0C90-4ED6-8CAD-611C65816A54},Dale,ET160004,Sidama,ET1600,Sidama,ET16,38.391782,6.710270
18138,BERACHALE GEBEYA,{90D93ED7-204A-4AF3-8C25-246CCCA99580},Dale,ET160004,Sidama,ET1600,Sidama,ET16,38.395232,6.709480
18139,Bera_Tedicho(Kebado) Gebeya,{8A0F87F5-3A9F-4043-892B-A77B4AA8B353},Dale,ET160004,Sidama,ET1600,Sidama,ET16,38.409942,6.709082
18153,Wecho Gebeya Botea,{9129061F-2A9C-473D-ACE8-C2035B8C8B4B},Dale,ET160004,Sidama,ET1600,Sidama,ET16,38.404163,6.682943
18158,Megara Buna Geze Derejet,{180F60FB-A8A5-4B6B-8E86-AF85112BCEA9},Dale,ET160004,Sidama,ET1600,Sidama,ET16,38.356309,6.698360
18166,YE MEGERA ENA AKEBABEW,{78E503AE-A642-4643-9BA9-2C1FE0CF7C7A},Dale,ET160004,Sidama,ET1600,Sidama,ET16,38.354480,6.687633
18176,Buna Megeza Buta,{70A46950-8F05-4745-A14D-7FC1C5AF359D},Dale,ET160004,Sidama,ET1600,Sidama,ET16,38.464150,6.718520
18183,YE GODECO MENDERE,{49F0E320-322B-44F3-8891-E7F296C7289F},Dale,ET160004,Sidama,ET1600,Sidama,ET16,38.433849,6.679699
18186,Goyida,{6D7EA85D-7CCE-4837-9D46-E86A5AF125B6},Dale,ET160004,Sidama,ET1600,Sidama,ET16,38.436192,6.712512
18187,KONIBON,{42704C19-D190-4E61-A586-ACB1D93408B1},Dale,ET160004,Sidama,ET1600,Sidama,ET16,38.503438,6.784373
18190,GIDAMO DELA,{316045E2-AD3F-43B0-8FE7-BEC8CF6AA8F4},Dale,ET160004,Sidama,ET1600,Sidama,ET16,38.498563,6.796607
18192,&YE GUYETO MENDERE MAREKATE CANTERE,{78BAE1E2-9DDE-4C55-AA8B-68DCDA47CDE6},Dale,ET160004,Sidama,ET1600,Sidama,ET16,38.507020,6.805795
18199,Ye duba Gebeya,{F1F564D6-2F5B-4499-AAB9-5E8A8E129730},Dale,ET160004,Sidama,ET1600,Sidama,ET16,38.475447,6.807605
18202,YE KEBALANEKA MENDERE MAREKATE CENTERE,{E522BD2B-336D-4F70-B7A9-9EFFEA6C986B},Dale,ET160004,Sidama,ET1600,Sidama,ET16,38.482268,6.792173
18205,"NA""E KAWADO GEBEYA",{A969A893-883B-42A8-99AC-892B386793CC},Dale,ET160004,Sidama,ET1600,Sidama,ET16,38.446820,6.817717
18209,TORA,{83B6FEC4-8E63-4F24-842F-10CE91B10F8E},Dale,ET160004,Sidama,ET1600,Sidama,ET16,38.426388,6.804177
18212,SEYIFU DELA GEBEYA,{69E8A78E-FE57-43BB-8E2C-8D5DC9C41AFD},Dale,ET160004,Sidama,ET1600,Sidama,ET16,38.433517,6.822909
18213,Beshero Gebeya,{E39AC863-2269-4795-A956-FEEF5EE31FB9},Dale,ET160004,Sidama,ET1600,Sidama,ET16,38.456425,6.831707
18221,MOTO GEBEYA,{5D624308-D4C6-4D9C-82F9-7252348E41E5},Dale,ET160004,Sidama,ET1600,Sidama,ET16,38.433664,6.789919
18228,ORA KAWADO,{7ABF9E13-1E36-460B-A00C-237428B5FA3E},Dale,ET160004,Sidama,ET1600,Sidama,ET16,38.328688,6.784712
18235,ALALICHA GEBEYA,{04B25EBF-4A7D-4430-9CBA-E1F1A7892860},Dale,ET160004,Sidama,ET1600,Sidama,ET16,38.366174,6.818485
18508,Hankasa gebeya,{5483C5D0-7BF2-4375-9ED3-E17F27327525},Dale,ET160004,Sidama,ET1600,Sidama,ET16,38.488482,6.670673
18468,kawalanka gebeya,{2E69BE1E-A036-4E6A-83D5-EDD39129C0D0},Aleta Wendo,ET160005,Sidama,ET1600,Sidama,ET16,38.369768,6.631660
18479,dongora yegebeya mahikel,{2A9509F8-4DE2-4C45-AAF1-B0DFADF02779},Aleta Wendo,ET160005,Sidama,ET1600,Sidama,ET16,38.387287,6.663440
18481,dobe sadeka kebele ketala market,{DCDB5ED3-FD38-41AA-BC62-CC6073FE7A28},Aleta Wendo,ET160005,Sidama,ET1600,Sidama,ET16,38.426735,6.641670
18483,dobe sadeka kebele dela gebeya,{2DA5FE42-3D86-42E2-BE46-1E3B82A30FFD},Aleta Wendo,ET160005,Sidama,ET1600,Sidama,ET16,38.402437,6.650628
18489,ye gebeya maekel,{4551AEF1-2291-43B2-8A69-01606568BA83},Aleta Wendo,ET160005,Sidama,ET1600,Sidama,ET16,38.421299,6.655164
18494,daneba,{C3C5C012-0CDF-4FE1-86C9-B39F839769E7},Aleta Wendo,ET160005,Sidama,ET1600,Sidama,ET16,38.448048,6.633645
18506,belay kochi gebeya,{AE3029C9-6925-4BBB-8F31-615A7548B264},Aleta Wendo,ET160005,Sidama,ET1600,Sidama,ET16,38.373900,6.574417
18511,sodicha gebeya,{37F82F0D-B066-44FF-ABF1-164CBBED484E},Aleta Wendo,ET160005,Sidama,ET1600,Sidama,ET16,38.502137,6.622187
18512,goba,{C4EA6A97-10B5-423E-A714-87F0CBBA587B},Aleta Wendo,ET160005,Sidama,ET1600,Sidama,ET16,38.502262,6.622329
18514,bargo yegebeya bota,{3D53AC53-576D-4508-B63A-18E815DE2465},Aleta Wendo,ET160005,Sidama,ET1600,Sidama,ET16,38.514692,6.670993
18515,baloshe gebeya,{95667C8C-BE99-4342-817F-EB612E67A0E8},Aleta Wendo,ET160005,Sidama,ET1600,Sidama,ET16,38.510963,6.649847
18090,Ye Duwancho Gebeya bota,{23367238-A458-4900-A3F4-5B2C93BC2DE9},Dara,ET160006,Sidama,ET1600,Sidama,ET16,38.361952,6.429777
18330,eshete buna meshecha bota,{6175D523-A14C-4743-9FA9-392AFC164EF8},Bensa,ET160008,Sidama,ET1600,Sidama,ET16,38.854222,6.506892
18331,denebi gebeyea bota,{239B1ABA-37DA-4575-8239-DE5FF8E4D09A},Bensa,ET160008,Sidama,ET1600,Sidama,ET16,38.860217,6.498503
18335,PATROS HARO,{1CBF0C6C-3BE0-45A6-9ED4-5B87C428DEAB},Bensa,ET160008,Sidama,ET1600,Sidama,ET16,38.824177,6.496908
18344,wene  godicho gebeya maele,{C1DDC278-5DB0-42E7-BBDE-478F720C7231},Bensa,ET160008,Sidama,ET1600,Sidama,ET16,38.856472,6.572208
18353,bomebe yegebeya bota,{19A3805D-D665-40D0-B3E9-0E1ABB55642B},Bensa,ET160008,Sidama,ET1600,Sidama,ET16,38.872951,6.543171
18393,Ye Dikicha Kebele ye gebeye bota,{FE4FBC67-75F3-4DA2-AD51-4017F06E01EE},Aroresa,ET160009,Sidama,ET1600,Sidama,ET16,38.888113,6.396036
18053,abaye gebeya,{6C5A6E16-C59F-4A4B-95DB-E1F16EE9F9D6},Gorche,ET160011,Sidama,ET1600,Sidama,ET16,38.609058,6.892588
17879,Bureqitu Gebiya,{5DE048F9-153C-4651-9696-EA01EBB2AFAE},Malga,ET160012,Sidama,ET1600,Sidama,ET16,38.601740,6.968188
17793,BEREBALICHO YEKEBITOCH GEBEYA,{9B1AD1B6-7D4F-4861-A4DF-0DA4B23B248B},Wonosho,ET160013,Sidama,ET1600,Sidama,ET16,38.552057,6.771764
17998,,{F80E81BB-957F-4456-8DAA-B8807D0661A7},Aleta Chuko,ET160016,Sidama,ET1600,Sidama,ET16,38.357705,6.613680
17999,BUSUSE MARKET CENTER,{CA8F8E01-4961-486F-8D9D-33B94D4B5003},Aleta Chuko,ET160016,Sidama,ET1600,Sidama,ET16,38.346345,6.548013
18268,meseret gebeya bota,{2FED814F-8499-402B-A695-5C37A733E47A},Bona Zuria,ET160017,Sidama,ET1600,Sidama,ET16,38.727214,6.442060
18271,merkato yegebeya bota,{F7423384-7648-48CA-9F89-31868ABE2049},Bona Zuria,ET160017,Sidama,ET1600,Sidama,ET16,38.701910,6.441621
18276,Olonsso Gowa Gebeya bota,{C2BF93A8-799A-4196-8F0D-14FABD1FCFC6},Bona Zuria,ET160017,Sidama,ET1600,Sidama,ET16,38.656693,6.520123
18280,Worancha Dela Ye Gebeya Bota,{A16FC517-D6A5-4B4C-9A08-34249776A5AB},Bona Zuria,ET160017,Sidama,ET1600,Sidama,ET16,38.741040,6.511957
18298,ye Gobacho gebeya bota,{EFDFDEA6-BA5D-488F-BAFA-7A0F03CAF53D},Bona Zuria,ET160017,Sidama,ET1600,Sidama,ET16,38.683598,6.583849
18308,Woyo ye gebeya bota,{4AE50A63-EFAE-4394-B150-096E7162DDF3},Bona Zuria,ET160017,Sidama,ET1600,Sidama,ET16,38.759954,6.571260
18312,bedelo gebeya,{D7990F2D-1811-4C57-8FE1-54D5ED047502},Bona Zuria,ET160017,Sidama,ET1600,Sidama,ET16,38.710655,6.413997
18319,damile gebeya bota,{8BE138B1-1BD2-42C2-84B8-5A7C963A6D5D},Bona Zuria,ET160017,Sidama,ET1600,Sidama,ET16,38.730066,6.460102
18323,doya gebeya,{6DCE16B4-7CA6-4438-B91E-1E41B8078FC7},Bona Zuria,ET160017,Sidama,ET1600,Sidama,ET16,38.668465,6.495083
18325,kolisho dela market centre,{A4B9B734-1A6A-4906-B602-32219BA436EA},Bona Zuria,ET160017,Sidama,ET1600,Sidama,ET16,38.701312,6.491478
17756,Borna,{5844A818-3133-4404-B27E-E8C5D629D9E4},Wondo-Genet,ET160019,Sidama,ET1600,Sidama,ET16,38.559488,6.976155
17766,rumushame beleche chat gebya,{22C780AC-1CC3-4599-B2FD-6C44E0935772},Wondo-Genet,ET160019,Sidama,ET1600,Sidama,ET16,38.622058,7.044660
17767,koci gebeya,{AF2D6044-CE27-4959-A93F-B4EEEA2ABD37},Wondo-Genet,ET160019,Sidama,ET1600,Sidama,ET16,38.612932,7.083126
17864,nure duluth gewyha,{965ED034-BB35-45E1-812A-BEFA6BE8DB5C},Hawela,ET160023,Sidama,ET1600,Sidama,ET16,38.439883,6.961810
18102,Buna Tawaba,{CCE21048-ED41-4D92-9116-F5674DA5A14E},Dara Otilicho,ET160025,Sidama,ET1600,Sidama,ET16,38.426909,6.515031
18509,solomon yegebya bota,{407C9CF8-B2D8-4469-A72A-F9EAFBE87C7B},Teticha,ET160026,Sidama,ET1600,Sidama,ET16,38.500064,6.607644
18524,garbicho gebaya,{8372B76A-70B9-4536-B202-CF12B6F91733},Teticha,ET160026,Sidama,ET1600,Sidama,ET16,38.471297,6.581145
17951,dalia kochi gebeya,{B3A7296C-027D-4E72-B767-015BBB840D32},Chirone,ET160027,Sidama,ET1600,Sidama,ET16,38.683973,6.441978
18326,kechino gorcho dela gebeya,{155580FE-54CC-4988-8FC6-07C605E21DFB},Chirone,ET160027,Sidama,ET1600,Sidama,ET16,38.698496,6.474304
18367,yebuna megizha,{7A5D968B-C005-4B52-9C62-9B109D80032B},Chabe Gambeltu,ET160029,Sidama,ET1600,Sidama,ET16,38.839607,6.446236
18401,Ye Hamararo kebele ye gebeya maekel,{DB3DC270-5500-4830-96A8-0AE1F5F1B188},Chabe Gambeltu,ET160029,Sidama,ET1600,Sidama,ET16,38.906831,6.452520
18668,YE DILA ANOLE. YE.  GEBEYA. BOTA,{BE80A9BC-22BB-4627-B6E9-63884C418F07},Bilate Zuria,ET160032,Sidama,ET1600,Sidama,ET16,38.237878,6.883975
18230,YE KEREBO MENDERE GEBEYA,{FFCE5F39-7EC6-4C4B-9BA3-907C183F0736},Darara,ET160033,Sidama,ET1600,Sidama,ET16,38.346878,6.831582
18265,DAELA MARKET CENTER,{BBFF60C8-05B8-43BE-BD13-478B8577CA6B},Daella,ET160034,Sidama,ET1600,Sidama,ET16,38.960354,6.500897
17895,CHANECHO,{F77E228A-2BF9-4FEE-94C7-63CC244F5F6D},Loka Abaya,ET160037,Sidama,ET1600,Sidama,ET16,38.329300,6.746237
17910,Kewado Market Center,{D6F8BCFF-528C-4928-AFB6-78FE1BA69C7D},Loka Abaya,ET160037,Sidama,ET1600,Sidama,ET16,38.199915,6.675443
17923,Kewado Market Center,{D1919B2C-E653-4AE3-B53E-57FF9C5730D1},Loka Abaya,ET160037,Sidama,ET1600,Sidama,ET16,38.199915,6.675443
17937,Kewado Market Center,{5D6B80F1-A85F-4163-A1B5-977559A61530},Loka Abaya,ET160037,Sidama,ET1600,Sidama,ET16,38.199915,6.675443
17943,Gorebito,{F0872EC7-E09D-4765-9159-FD651AA14510},Loka Abaya,ET160037,Sidama,ET1600,Sidama,ET16,38.336956,6.676607
2632,Bereket,{6CB9D0F9-90AC-4820-B141-4F1B650D603C},,,,,,,36.475950,14.154895
