{
"type": "FeatureCollection",
"crs": { "type": "name", "properties": { "name": "urn:ogc:def:crs:OGC:1.3:CRS84" } },
"features": [
{ "type": "Feature", "properties": { "shapeName": "Afder", "shapeISO": "", "shapeID": "57463737B43250517747981", "shapeGroup": "ETH", "shapeType": "ADM2" }, "geometry": { "type": "Polygon", "coordinates": [ [ [ 42.004944408967063, 6.598877674163679 ], [ 42.000444265497748, 6.591098395681458 ], [ 41.937312576557972, 6.554431969782246 ], [ 41.888881318694047, 6.536603778355506 ], [ 41.861630656588758, 6.536598893484939 ], [ 41.854566334401518, 6.570163743827808 ], [ 41.8205597912511, 6.571730883123919 ], [ 41.799669229738988, 6.558722140188126 ], [ 41.758778158939052, 6.541793834143486 ], [ 41.739827610498878, 6.521165778775099 ], [ 41.705396501013595, 6.453672005181409 ], [ 41.691226056506274, 6.430684131673155 ], [ 41.68506588636356, 6.42540463742846 ], [ 41.657025140437689, 6.410446098586783 ], [ 41.634244509999156, 6.392657786933877 ], [ 41.620584060634911, 6.362990516377086 ], [ 41.528902210357892, 6.466201569154501 ], [ 41.438680298460291, 6.545224802193787 ], [ 41.380928953844737, 6.566783087315399 ], [ 41.3592784162757, 6.566783172515039 ], [ 41.229355421701193, 6.624258511018855 ], [ 41.175214214878508, 6.660175495888929 ], [ 41.157173835439835, 6.678133956343697 ], [ 41.131913262319394, 6.692502758609064 ], [ 41.072961803744391, 6.695572719836805 ], [ 41.072091760346545, 6.689143301738801 ], [ 41.016420198652938, 6.645807410069573 ], [ 40.990849405379997, 6.605491138469755 ], [ 40.937027855124683, 6.552416113252241 ], [ 40.900936800031737, 6.512899796081818 ], [ 40.886496289311239, 6.47338339533261 ], [ 40.861235520088265, 6.437466720601328 ], [ 40.857625241645913, 6.387181243090312 ], [ 40.861885252862614, 6.362383449301853 ], [ 40.8653153068298, 6.353554233421594 ], [ 40.862825221449583, 6.346994833417421 ], [ 40.865385189273269, 6.321537103208676 ], [ 40.880575376917889, 6.267791868421469 ], [ 40.882500342511179, 6.245628849330005 ], [ 40.878855043811996, 6.188958951992532 ], [ 40.868754660997212, 6.152582251021991 ], [ 40.867307774540691, 6.134948902863952 ], [ 40.867314495165758, 6.115065622426419 ], [ 40.870394498658925, 6.095797337039131 ], [ 40.867554366986099, 6.077938945926793 ], [ 40.87206440604227, 6.057070800787981 ], [ 40.879284346574643, 5.988826902210918 ], [ 40.875673640034158, 5.809223010163176 ], [ 40.923174403507723, 5.684714012142507 ], [ 40.983025916087939, 5.693173054885469 ], [ 41.008236533764638, 5.690763184368769 ], [ 41.041687325762048, 5.679904042458971 ], [ 41.052507534991719, 5.66194561945294 ], [ 41.074128000215431, 5.641567377090028 ], [ 41.117989068495099, 5.63561776071596 ], [ 41.128669264520298, 5.615979488811953 ], [ 41.151359623505101, 5.555834811368535 ], [ 41.165559954884912, 5.549345347192647 ], [ 41.162249811779645, 5.531466962030978 ], [ 41.178310131721929, 5.507369073004009 ], [ 41.181960151963438, 5.48554101930994 ], [ 41.212570778774293, 5.447694315738518 ], [ 41.23115115292623, 5.420656675933553 ], [ 41.240101310571042, 5.402608266951188 ], [ 41.259151701103733, 5.377780434030059 ], [ 41.285532275514235, 5.354052476006293 ], [ 41.294142409215368, 5.33124449818509 ], [ 41.302372520986907, 5.302447052855186 ], [ 41.306592557932632, 5.280908978208172 ], [ 41.305342470168682, 5.262370642947833 ], [ 41.313132486061029, 5.206545624449051 ], [ 41.311542377835138, 5.183807669804049 ], [ 41.313272362628304, 5.16685918837044 ], [ 41.328432691557737, 5.152470425675439 ], [ 41.344823006647033, 5.12327299830076 ], [ 41.360383291122787, 5.091535794247774 ], [ 41.38824383092232, 5.046999701126811 ], [ 41.405044149368941, 5.016242410770316 ], [ 41.412474310977878, 5.008893049850268 ], [ 41.436624867523129, 4.998253927819753 ], [ 41.462805463060292, 4.984165111845608 ], [ 41.478185776890449, 4.963226944854964 ], [ 41.496316121496328, 4.931609731708648 ], [ 41.51515651910217, 4.910931527543684 ], [ 41.529866808466515, 4.887293604839873 ], [ 41.53935697754445, 4.867115385234301 ], [ 41.552277240372639, 4.849666915147602 ], [ 41.560857394124646, 4.831328535403423 ], [ 41.573257584591417, 4.792851952016137 ], [ 41.58906791037959, 4.771043859123361 ], [ 41.631618734775024, 4.699530150395407 ], [ 41.642558930577444, 4.675292291184387 ], [ 41.652289121686934, 4.660743568090013 ], [ 41.679644649034508, 4.611657895171328 ], [ 41.68762979366857, 4.594449416787268 ], [ 41.696769991376165, 4.586220128331781 ], [ 41.722130504521886, 4.552133116350093 ], [ 41.74124090762934, 4.530455002373746 ], [ 41.756471209162129, 4.506907076163936 ], [ 41.768621422612874, 4.476269791797171 ], [ 41.78000166150354, 4.465380737049251 ], [ 41.792781909022139, 4.442052790762025 ], [ 41.806192191255377, 4.426064191405984 ], [ 41.825322632136839, 4.419374736431443 ], [ 41.836702878178393, 4.408475684547081 ], [ 41.843193005350784, 4.398036604126467 ], [ 41.861703411948774, 4.384027805301971 ], [ 41.86533345535527, 4.368939152597326 ], [ 41.878323710046544, 4.348050993227042 ], [ 41.893754027367521, 4.326952844478905 ], [ 41.904304225060429, 4.306294663425403 ], [ 41.927274723614367, 4.286956335755629 ], [ 41.956175393417283, 4.279356945736863 ], [ 41.982436000099668, 4.269557753376854 ], [ 42.009306633832367, 4.267067905666375 ], [ 42.028447079576381, 4.260378451744532 ], [ 42.042477386505425, 4.251699192824212 ], [ 42.058117716292472, 4.233040831385047 ], [ 42.063357776751936, 4.207953068182491 ], [ 42.065527740743661, 4.175775945088665 ], [ 42.058547510065765, 4.151828116476235 ], [ 42.058277420324011, 4.119870980742926 ], [ 42.079077951752723, 4.132709778384772 ], [ 42.116148837533366, 4.134199545135705 ], [ 42.158949887326251, 4.144998468514433 ], [ 42.20481102579754, 4.162896738126409 ], [ 42.305823428166356, 4.163386430245977 ], [ 42.345544378731674, 4.167095985788726 ], [ 42.397065590077112, 4.164786055973395 ], [ 42.436786538548645, 4.168485620403206 ], [ 42.519928560203489, 4.190313433809866 ], [ 42.546809191077465, 4.187833583739996 ], [ 42.575149895236109, 4.202422196257367 ], [ 42.597140408415996, 4.200392319616075 ], [ 42.612850811227595, 4.21124129680679 ], [ 42.639731432927384, 4.208751448690205 ], [ 42.652991774686157, 4.21982041352426 ], [ 42.692922729687368, 4.225969749764647 ], [ 42.715743290543116, 4.233698989530444 ], [ 42.731453684349148, 4.244537967983508 ], [ 42.756714299285498, 4.252037221844567 ], [ 42.777944842666017, 4.269755563054692 ], [ 42.803205457051767, 4.277254816556483 ], [ 42.816265789863735, 4.28589400591903 ], [ 42.829946151453484, 4.301842523039465 ], [ 42.861356948222593, 4.32353047892068 ], [ 42.874827302596238, 4.337049222861523 ], [ 42.890327690532601, 4.345448413119935 ], [ 42.903588031019801, 4.356527378449745 ], [ 42.917268391816172, 4.372475900205834 ], [ 42.948889202645141, 4.396603622207667 ], [ 42.958519498141882, 4.422771228922287 ], [ 42.974219900934195, 4.433620207432363 ], [ 42.99202041472013, 4.468866967868711 ], [ 43.008560866212825, 4.489475051731857 ], [ 43.012681019050014, 4.508773291807088 ], [ 43.013721075955679, 4.520972183162026 ], [ 43.027611453042226, 4.539370481823323 ], [ 43.033961654139148, 4.555998951620256 ], [ 43.068022520386386, 4.579906684789194 ], [ 43.084152944345782, 4.595635212505417 ], [ 43.110673627304237, 4.617773130311353 ], [ 43.131474144872776, 4.630611897754262 ], [ 43.152484684075105, 4.645880451536651 ], [ 43.163514979455449, 4.65961917474066 ], [ 43.201825925540994, 4.675757592092128 ], [ 43.230376639726501, 4.692785958899042 ], [ 43.250977148960985, 4.703184947935661 ], [ 43.271357643736486, 4.711134162189038 ], [ 43.287478068459485, 4.726862685351584 ], [ 43.308078577185064, 4.737261673503439 ], [ 43.325598996407457, 4.740551316094798 ], [ 43.354149710125704, 4.757589684289212 ], [ 43.35742981513669, 4.767128806853977 ], [ 43.374950233418559, 4.770428446907404 ], [ 43.385140476984937, 4.774398058690042 ], [ 43.398400818717029, 4.785477005848259 ], [ 43.428351525462084, 4.790086492459381 ], [ 43.456492214960107, 4.802235294115642 ], [ 43.489092989069491, 4.809064566577875 ], [ 43.511493513494763, 4.811904239600801 ], [ 43.526783884886058, 4.817873640324763 ], [ 43.552684528110525, 4.832692210140259 ], [ 43.569994930202434, 4.8335520725251 ], [ 43.580395195012393, 4.839971456180906 ], [ 43.600575671364993, 4.84548088992346 ], [ 43.612995966537106, 4.846790727980461 ], [ 43.623196207812825, 4.850770335233602 ], [ 43.683497638201295, 4.864868852060797 ], [ 43.713868369714142, 4.874357884250644 ], [ 43.756659381251495, 4.88515675323812 ], [ 43.78884012747546, 4.887096472725351 ], [ 43.807200587234121, 4.900165213914216 ], [ 43.844691467663118, 4.906534507521931 ], [ 43.864861941429581, 4.912043938561018 ], [ 43.894602633193571, 4.914213636074022 ], [ 44.029905796771438, 4.941050724218136 ], [ 44.078776894794402, 4.936530970033862 ], [ 44.123797940935539, 4.944670068197381 ], [ 44.151088568712879, 4.947059759706322 ], [ 44.202189691472164, 4.939870236278066 ], [ 44.307892059616677, 4.93748009029884 ], [ 44.384263777451935, 4.937789791529569 ], [ 44.547977388498936, 4.922640609411578 ], [ 44.627399163420826, 4.923660235047098 ], [ 44.679200288037826, 4.914500895247185 ], [ 44.732251481603505, 4.919800220819101 ], [ 44.827993580490876, 4.913960413722775 ], [ 44.9041352644211, 4.914110130435272 ], [ 44.963096584550435, 4.920329345089788 ], [ 45.002630839155593, 4.933604647711376 ], [ 44.949946532602183, 4.986313322562594 ], [ 44.92920614090162, 5.002981860383526 ], [ 44.915795900904904, 5.018990437330606 ], [ 44.878795185396086, 5.047007996573107 ], [ 44.849534653987227, 5.079225139116271 ], [ 44.820904168589657, 5.11877160630022 ], [ 44.805683916918909, 5.142319500611931 ], [ 44.765253186974569, 5.187875457306103 ], [ 44.746952844945675, 5.204324015520028 ], [ 44.668471322226722, 5.265698668501127 ], [ 44.652621029639057, 5.281917240980831 ], [ 44.617020294511597, 5.297515937933821 ], [ 44.58567962795675, 5.305335341965302 ], [ 44.510408094531059, 5.346731826215551 ], [ 44.415806142824493, 5.392377994786707 ], [ 44.387945594005309, 5.413236188695613 ], [ 44.362125073660835, 5.427924936924943 ], [ 44.350954872818832, 5.441253762439905 ], [ 44.314364178009946, 5.474150883031399 ], [ 44.300953934625468, 5.490149462938333 ], [ 44.28692365625799, 5.498828721971567 ], [ 44.276163481380152, 5.517047092422258 ], [ 44.249563009048401, 5.55148404103938 ], [ 44.205742046823396, 5.559733454083633 ], [ 44.17751146057735, 5.572902360821754 ], [ 44.112160054234892, 5.594200659729089 ], [ 44.094489715848617, 5.610099273763083 ], [ 44.062939019885569, 5.615478901254251 ], [ 43.993117497252662, 5.634237459366754 ], [ 43.948156553163216, 5.655615678971517 ], [ 43.912195890710755, 5.695832139067027 ], [ 43.896765616358273, 5.716940266669958 ], [ 43.871345107531312, 5.736508577230113 ], [ 43.83944450262787, 5.76785583686539 ], [ 43.826574220787002, 5.771295574059879 ], [ 43.80744382767665, 5.782864590314722 ], [ 43.779523298054706, 5.811512082451357 ], [ 43.755222760867319, 5.817521633033884 ], [ 43.723462039881596, 5.820461490148655 ], [ 43.707481622179237, 5.809422561130773 ], [ 43.694491281770702, 5.798543605641009 ], [ 43.683460976297901, 5.784804902040317 ], [ 43.673060706163845, 5.778385536135613 ], [ 43.669570577306729, 5.766406639202106 ], [ 43.655680186155614, 5.748018373946924 ], [ 43.63976976713402, 5.734729654922973 ], [ 43.626299401181051, 5.721220938107838 ], [ 43.593068578815434, 5.707072357515839 ], [ 43.579818228215245, 5.69600342171438 ], [ 43.544357367982101, 5.684524610050509 ], [ 43.521106781815291, 5.671915847073765 ], [ 43.500726273515454, 5.663966650376714 ], [ 43.47321562174649, 5.659127195390711 ], [ 43.435314697745774, 5.647878369880222 ], [ 43.277391044328546, 5.655318292154053 ], [ 43.222729783337407, 5.659638100692583 ], [ 43.189939038813101, 5.665047732999055 ], [ 43.164848405474523, 5.653218909241152 ], [ 43.152218094398549, 5.649469294530165 ], [ 43.134633645790181, 5.638908320398744 ], [ 43.052215724022737, 5.643420221184477 ], [ 43.016144923436876, 5.655319273545558 ], [ 42.987934265739611, 5.656599257520034 ], [ 42.939813173326613, 5.667738428413595 ], [ 42.91585263152399, 5.674407909738945 ], [ 42.896502206760502, 5.68288720946662 ], [ 42.861651419187673, 5.692786443497674 ], [ 42.84671107426837, 5.695326268820565 ], [ 42.831430746568572, 5.704495495900828 ], [ 42.792059856397501, 5.715874604631325 ], [ 42.758069120857087, 5.733563128367387 ], [ 42.733608573833941, 5.7432623398377 ], [ 42.726641960720904, 5.757338653017613 ], [ 42.913499769831155, 5.983643880200779 ], [ 43.004568385404816, 6.091584339410245 ], [ 42.980185758393425, 6.092059690747762 ], [ 42.910734172336035, 6.105988702906882 ], [ 42.848672792567143, 6.128646893038955 ], [ 42.825382280504115, 6.139016037511285 ], [ 42.803701921756144, 6.17733264731753 ], [ 42.780721482261001, 6.205020224027889 ], [ 42.762741196712405, 6.23877722579133 ], [ 42.742670759437495, 6.249156363898662 ], [ 42.703469833169954, 6.251326329542926 ], [ 42.644868491150433, 6.265675261287504 ], [ 42.610697691301887, 6.270344977310239 ], [ 42.565196669323619, 6.28587374877524 ], [ 42.552346386459433, 6.292253221105452 ], [ 42.509595394870118, 6.30071262696447 ], [ 42.48189477134104, 6.310771831322732 ], [ 42.452774072485404, 6.310611961930728 ], [ 42.364431980506609, 6.318591591298563 ], [ 42.297880453332724, 6.338300076904249 ], [ 42.266289797189785, 6.364707810615601 ], [ 42.254269625648035, 6.393905209466613 ], [ 42.239009299121541, 6.405294240333263 ], [ 42.196178371342704, 6.43177202074619 ], [ 42.155897510128263, 6.45986963902673 ], [ 42.122376862080714, 6.500146128781938 ], [ 42.119506846160206, 6.513324950225721 ], [ 42.101966549151577, 6.544972157798664 ], [ 42.042055248481802, 6.58306895306124 ], [ 42.004944408967063, 6.598877674163679 ] ] ] } },
{ "type": "Feature", "properties": { "shapeName": "Agnuak", "shapeISO": "", "shapeID": "57463737B400917035317", "shapeGroup": "ETH", "shapeType": "ADM2" }, "geometry": { "type": "Polygon", "coordinates": [ [ [ 34.965543952709737, 8.24846544557912 ], [ 34.883334457660176, 8.252049192670134 ], [ 34.855844186641193, 8.251765532398121 ], [ 34.827175836163754, 8.263053034464415 ], [ 34.786551201547113, 8.304753234576285 ], [ 34.795820174710812, 8.328021037080179 ], [ 34.785998389588627, 8.356352042142401 ], [ 34.768387454384523, 8.364487799056869 ], [ 34.729498553824151, 8.391128690201654 ], [ 34.668172015606977, 8.396145714839655 ], [ 34.631080381791627, 8.403106313666269 ], [ 34.575016697804266, 8.404585118249063 ], [ 34.557269643015907, 8.456235201182091 ], [ 34.523429250056395, 8.476644295010207 ], [ 34.471936802746619, 8.448678651494907 ], [ 34.43709269755432, 8.422878498017928 ], [ 34.348018062415193, 8.377755665789598 ], [ 34.329924977342429, 8.388067028136767 ], [ 34.31403356912282, 8.391035740186197 ], [ 34.315945054535348, 8.40789861449915 ], [ 34.335648459305851, 8.439709127796398 ], [ 34.344795202869484, 8.470341922170796 ], [ 34.358171235435293, 8.501025780747058 ], [ 34.358961824025982, 8.523139142409455 ], [ 34.346209672735917, 8.601188799481328 ], [ 34.313166724709752, 8.683181549556338 ], [ 34.280125967669612, 8.709916498141311 ], [ 34.256470089794362, 8.703718712011717 ], [ 34.235912492884779, 8.687228867016053 ], [ 34.224254255894223, 8.670850425030519 ], [ 34.190373826814259, 8.652717364282653 ], [ 34.142309771277645, 8.653036575669272 ], [ 34.142829915576385, 8.612019259459688 ], [ 34.121898665988255, 8.576145359312209 ], [ 34.097142845346852, 8.551090624684097 ], [ 34.082029247437418, 8.549865526321801 ], [ 34.07121992479685, 8.543215803305207 ], [ 34.062013882085097, 8.532305035502668 ], [ 34.053027392827822, 8.524954134307977 ], [ 34.042555923664906, 8.518699608795663 ], [ 34.046957325045028, 8.506305979407662 ], [ 34.070326577165282, 8.478745369190026 ], [ 34.082918323914214, 8.475780196152355 ], [ 34.076880005829857, 8.460428479104438 ], [ 34.050959695318127, 8.425215265429923 ], [ 34.064593342373399, 8.401781828466428 ], [ 34.069261668648188, 8.384136285948067 ], [ 34.050115223220729, 8.375044270278304 ], [ 34.051913575060453, 8.349986603413521 ], [ 34.04586029555653, 8.338175637766437 ], [ 34.022531743380043, 8.330439601376995 ], [ 34.015294318823926, 8.317071551512674 ], [ 34.011112506035786, 8.29636590600693 ], [ 33.996358870024892, 8.291755048031352 ], [ 33.996694771689363, 8.265205840023654 ], [ 33.998510303279907, 8.23867507621963 ], [ 34.032642093262531, 8.233198758025218 ], [ 34.048931133011912, 8.233400305884317 ], [ 34.048145880745913, 8.177329084692964 ], [ 34.018552287005178, 8.175489556834338 ], [ 34.005135397693707, 8.182699767070901 ], [ 33.987369001545225, 8.182479281823381 ], [ 33.974155612293536, 8.173463935250819 ], [ 33.941418831228653, 8.186330619795537 ], [ 33.932255685174965, 8.208341258135604 ], [ 33.930550031601477, 8.226020311272991 ], [ 33.921535023252012, 8.236231456823072 ], [ 33.902060822718724, 8.253683914227414 ], [ 33.884256063200326, 8.256406359176438 ], [ 33.864365871343523, 8.191255653308406 ], [ 33.860322587281615, 8.160231347178176 ], [ 33.850282987728868, 8.135030782508849 ], [ 33.835274601621848, 8.151063060404008 ], [ 33.815977212237122, 8.155240668078477 ], [ 33.79806433081739, 8.166808674282823 ], [ 33.778747592236307, 8.172458234759365 ], [ 33.744902024366617, 8.157272635115243 ], [ 33.706504816736768, 8.150873545674951 ], [ 33.610586431435642, 8.13044105095026 ], [ 33.566825872459958, 8.193248452903067 ], [ 33.54560821088306, 8.229815635824645 ], [ 33.554550734776207, 8.274637149893662 ], [ 33.513699920160327, 8.289817766654791 ], [ 33.474159148729811, 8.259790688710087 ], [ 33.461110747769311, 8.240448352670301 ], [ 33.461746198852154, 8.194764188497576 ], [ 33.464847712344472, 8.184489054864732 ], [ 33.48138401170123, 8.165553749015679 ], [ 33.493581939263791, 8.139187512252233 ], [ 33.489829012634871, 8.089019312578234 ], [ 33.478218314003868, 8.072648070923579 ], [ 33.47871891175766, 8.035804646383815 ], [ 33.491026429902107, 8.000593260013462 ], [ 33.5037938214682, 7.969748120496085 ], [ 33.481151944033392, 7.965084731870078 ], [ 33.462030883169135, 7.957459336048013 ], [ 33.450461665945781, 7.93814320421443 ], [ 33.44043081256747, 7.914426291844924 ], [ 33.440747239458879, 7.890847850326439 ], [ 33.455725610583855, 7.876307539227033 ], [ 33.484872465242987, 7.880601293855043 ], [ 33.479513062689733, 7.866304168116089 ], [ 33.485990383271947, 7.823642757834173 ], [ 33.477820019072837, 7.770471408079808 ], [ 33.465047519815144, 7.748059858165741 ], [ 33.47411588887099, 7.745037703040926 ], [ 33.491355194795339, 7.731632227461276 ], [ 33.500932628166559, 7.736100666513183 ], [ 33.503486580281354, 7.728440420129513 ], [ 33.515617991046589, 7.73290885080478 ], [ 33.541157675151027, 7.704821224787855 ], [ 33.550735085770157, 7.702906132870913 ], [ 33.563045379297343, 7.694914549169006 ], [ 33.580872556356198, 7.687769456607567 ], [ 33.586652516321436, 7.698162430757378 ], [ 33.599899172115272, 7.706736083371382 ], [ 33.613198041966463, 7.702920599531261 ], [ 33.623468927413676, 7.708947332444368 ], [ 33.630951852612874, 7.701669605882773 ], [ 33.6369751520403, 7.692898895238537 ], [ 33.665075037394132, 7.691775636420354 ], [ 33.673057267255516, 7.693353267773203 ], [ 33.684399674452507, 7.6831690646805 ], [ 33.68240895955006, 7.674653867222108 ], [ 33.690910540545637, 7.670403981502901 ], [ 33.695020632776874, 7.661182857704388 ], [ 33.713014646232352, 7.65765433650025 ], [ 33.720666064403389, 7.65255448292573 ], [ 33.733702831780569, 7.641014079501663 ], [ 33.737669172152451, 7.62875522955088 ], [ 33.753205225024054, 7.617657513067043 ], [ 33.769975180040909, 7.612605666360227 ], [ 33.77847674869269, 7.604955895792729 ], [ 33.793779623352677, 7.605805815061562 ], [ 33.834587151970553, 7.569256915670535 ], [ 33.841115572574395, 7.559721615055929 ], [ 33.856691208442406, 7.542907734501878 ], [ 33.87199399795032, 7.519108490961883 ], [ 33.888147007079766, 7.513158638450611 ], [ 33.904300056885901, 7.519108381942508 ], [ 33.927254342994182, 7.513158507010977 ], [ 33.948373166321574, 7.503464605422625 ], [ 33.944257467152916, 7.493609114447774 ], [ 33.94368944880452, 7.482338673008587 ], [ 33.945885648377129, 7.469174385756377 ], [ 33.957354828893052, 7.464365750294152 ], [ 33.958464698373156, 7.448460385617333 ], [ 33.985472769232096, 7.437363532923659 ], [ 33.992905734232501, 7.42519239326355 ], [ 33.998791776000132, 7.419608668060446 ], [ 34.013220678650256, 7.393716173913659 ], [ 34.029499461095838, 7.370782811248442 ], [ 34.033939098366723, 7.355247329415792 ], [ 34.031377342592414, 7.33769165548197 ], [ 34.032089101325838, 7.316778561652406 ], [ 34.035788769711935, 7.294954917899933 ], [ 34.033568864836354, 7.27646032298979 ], [ 34.027649249633278, 7.267213040888074 ], [ 34.011000428748041, 7.270912016384727 ], [ 34.012480292215614, 7.260924925611854 ], [ 34.019879739938837, 7.250567924454714 ], [ 34.034678655387061, 7.236511978745226 ], [ 34.044667908886446, 7.222456049661135 ], [ 34.055027180192198, 7.221716231356036 ], [ 34.077225589759124, 7.211359182625082 ], [ 34.092764455001024, 7.197673127252162 ], [ 34.099793927454677, 7.186946236833011 ], [ 34.099793906249104, 7.180658072648988 ], [ 34.129181733434308, 7.176460362669548 ], [ 34.145636220162594, 7.157453036297881 ], [ 34.166319103768494, 7.157671061979188 ], [ 34.19311324286717, 7.138768913139911 ], [ 34.193972391039871, 7.056142342839579 ], [ 34.216220404301005, 7.047517164281476 ], [ 34.232785617016731, 7.01669664480073 ], [ 34.25635921421263, 7.022838943077192 ], [ 34.287632379134919, 6.998065595059088 ], [ 34.323319435707099, 6.974807664231559 ], [ 34.360350464181415, 6.964841709403156 ], [ 34.383985695829189, 6.965073406020085 ], [ 34.410691191235166, 6.953525098316662 ], [ 34.485021720481278, 6.905524926866122 ], [ 34.520864909972929, 6.864526888264379 ], [ 34.53139816981119, 6.843956691142591 ], [ 34.534640391665725, 6.812983807011832 ], [ 34.536661971270973, 6.753948908670141 ], [ 34.561890718256208, 6.740892138264717 ], [ 34.613650564119816, 6.733978084548605 ], [ 34.629751866144154, 6.750364264131479 ], [ 34.650576112669782, 6.734308532990558 ], [ 34.681868921067391, 6.703577312397871 ], [ 34.708507603996054, 6.697904508132686 ], [ 34.716176045263019, 6.665484358812798 ], [ 34.731086527825077, 6.649369786223908 ], [ 34.747536292134164, 6.625883610641917 ], [ 34.772883110193099, 6.598041142909582 ], [ 34.789241344250314, 6.584888261708041 ], [ 34.806827428944551, 6.601281811200148 ], [ 34.845241756282192, 6.600126967118627 ], [ 34.856984306286556, 6.609086527334594 ], [ 34.88957837802613, 6.597540923632779 ], [ 34.885305472316354, 6.578304585898249 ], [ 34.906032748449682, 6.572566707390544 ], [ 34.920923909925186, 6.557917714013999 ], [ 34.940209485960096, 6.547734595650534 ], [ 34.955205872228134, 6.519790166870863 ], [ 34.956801224558674, 6.505031611048798 ], [ 34.98498121656776, 6.490484523389122 ], [ 35.007333685091581, 6.465548454013917 ], [ 35.014531304972436, 6.44623511693923 ], [ 35.004322856076023, 6.415893689207855 ], [ 35.003698010409579, 6.403640114336002 ], [ 34.999072317205766, 6.39639898062524 ], [ 34.987255449747046, 6.387660815780789 ], [ 34.988652138298093, 6.346963500419469 ], [ 34.985719544335034, 6.300093767211897 ], [ 35.012039436040126, 6.281550931800648 ], [ 35.039018853339009, 6.305915724849877 ], [ 35.074213672740946, 6.308698965265162 ], [ 35.08419558120481, 6.319344559523528 ], [ 35.106859764248327, 6.320192708631811 ], [ 35.11967286405482, 6.347749074318211 ], [ 35.132256836158213, 6.396776142324143 ], [ 35.14417461000297, 6.39902587113335 ], [ 35.165539238859949, 6.384051591753823 ], [ 35.179253452511631, 6.380550143519316 ], [ 35.200219667049396, 6.412183608525858 ], [ 35.18738157713571, 6.445551192253302 ], [ 35.174605287148587, 6.467797770503119 ], [ 35.186331695351022, 6.491021949057997 ], [ 35.187535660873301, 6.558741670137866 ], [ 35.196096937502375, 6.598704119933758 ], [ 35.187004429296564, 6.628187877917501 ], [ 35.188254433930979, 6.657750794114606 ], [ 35.198416653486419, 6.681472051213491 ], [ 35.178974277789159, 6.710874398756322 ], [ 35.180313714209795, 6.728616637002463 ], [ 35.147529682847818, 6.762343890948189 ], [ 35.080613819191889, 6.812043296466113 ], [ 35.043662800916394, 6.811741846351022 ], [ 34.986120851222978, 6.7994482958502 ], [ 34.934409663148287, 6.797539041363279 ], [ 34.94638700472462, 6.827780656018591 ], [ 34.96974397071007, 6.860504838198315 ], [ 34.993114719321696, 6.865271046823755 ], [ 34.998633253913702, 6.894101253596604 ], [ 34.974707498421651, 6.926400288909815 ], [ 34.946457109127735, 6.945364036764193 ], [ 34.912073911604537, 6.989383692202311 ], [ 34.902829355787539, 7.032140825571328 ], [ 34.885088324536902, 7.031985106445989 ], [ 34.877830136386912, 7.071012305721175 ], [ 34.893420713527703, 7.09272468856689 ], [ 34.891339346447211, 7.160550595989429 ], [ 34.898841511807966, 7.186002650082927 ], [ 34.943198687677082, 7.194119505717397 ], [ 34.966371288500255, 7.216283474044743 ], [ 34.970909901303209, 7.23523553909201 ], [ 34.968021452669383, 7.274713395002237 ], [ 34.973807015330408, 7.289536308536932 ], [ 34.97064963290007, 7.311665196302378 ], [ 34.972479322273983, 7.338565474416074 ], [ 34.953867630295903, 7.367644745522189 ], [ 34.913809751423109, 7.379096690513712 ], [ 34.923814247027202, 7.417591439373048 ], [ 34.925130579496653, 7.435328127780791 ], [ 34.902438273183897, 7.488291186005157 ], [ 34.862145067153079, 7.523360568592023 ], [ 34.837271069682529, 7.541524226732089 ], [ 34.869278827703035, 7.551489892392954 ], [ 34.883954002798653, 7.564921301632829 ], [ 34.88372938801507, 7.588550725076524 ], [ 34.902706580663619, 7.616793250586456 ], [ 34.921895957586621, 7.62288265395745 ], [ 35.00322874157839, 7.633982271613458 ], [ 35.01174156418859, 7.673945259023024 ], [ 35.00976277183976, 7.727105756261473 ], [ 34.996224908882887, 7.749136460844459 ], [ 34.932727725825899, 7.72933269524675 ], [ 34.937862298668364, 7.765954297118146 ], [ 34.933026711707392, 7.829109520944668 ], [ 34.945025873930156, 7.880544065657013 ], [ 34.951437521361889, 7.891436254423177 ], [ 35.001367249289999, 7.863473810677057 ], [ 35.013853636690634, 7.883608320665982 ], [ 35.009232341116309, 7.924648882126335 ], [ 35.049093804227972, 7.955580471965812 ], [ 35.109312593287385, 7.958256736228752 ], [ 35.14177951601836, 7.990168363945013 ], [ 35.1414718716632, 8.022827398110588 ], [ 35.11869131673204, 8.083720879754031 ], [ 35.089842192045005, 8.115052100749011 ], [ 35.104633591147547, 8.116247519340165 ], [ 35.144026981980829, 8.14398055214747 ], [ 35.158415374963994, 8.137837819253448 ], [ 35.138887172396323, 8.182950980580566 ], [ 35.119668800184058, 8.20173111768405 ], [ 35.074000299486059, 8.221305489067893 ], [ 35.019011954040288, 8.220764464663862 ], [ 34.965543952709737, 8.24846544557912 ] ] ] } },
{ "type": "Feature", "properties": { "shapeName": "Alaba", "shapeISO": "", "shapeID": "57463737B42353021919887", "shapeGroup": "ETH", "shapeType": "ADM2" }, "geometry": { "type": "Polygon", "coordinates": [ [ [ 38.426491277266443, 7.555042705336957 ], [ 38.419743047870455, 7.570629664856178 ], [ 38.401870951580918, 7.579871682680547 ], [ 38.40165250705207, 7.596472595407086 ], [ 38.395905637149681, 7.600869270075942 ], [ 38.366715493639632, 7.602159324333471 ], [ 38.345845403169562, 7.611449364138982 ], [ 38.335025341431162, 7.608739381548399 ], [ 38.315865217377194, 7.595959410985609 ], [ 38.306175157854902, 7.591179422172451 ], [ 38.277604993557098, 7.579359468551704 ], [ 38.263094913487194, 7.575279485835883 ], [ 38.253694870835155, 7.58038450687576 ], [ 38.247451776109308, 7.592792549195376 ], [ 38.237880166745427, 7.557699409877543 ], [ 38.216783402036562, 7.518057344622316 ], [ 38.216863307751474, 7.473171888970237 ], [ 38.195702235858377, 7.471813811290223 ], [ 38.189141955090932, 7.442758370223353 ], [ 38.162697116833883, 7.43874890705006 ], [ 38.144244353196775, 7.405710148177316 ], [ 38.117786702201535, 7.409619096026858 ], [ 38.117731621887287, 7.437341858345262 ], [ 38.106656849188894, 7.451127241048712 ], [ 38.075203700766203, 7.434919699625264 ], [ 38.065523969683859, 7.430271132070468 ], [ 38.053611463888416, 7.424549899415637 ], [ 38.048881977455544, 7.41656012768358 ], [ 38.030390262618042, 7.419013947124651 ], [ 38.058431404351083, 7.389898181868052 ], [ 38.058944680584055, 7.383415728450503 ], [ 38.051538807750518, 7.381155808953521 ], [ 38.0404688450473, 7.37913731676101 ], [ 38.031008596647425, 7.364404434219498 ], [ 38.023523773012748, 7.360398387573789 ], [ 38.017559629738294, 7.346420994496587 ], [ 38.006345232139068, 7.334925656611288 ], [ 37.985885824719126, 7.302689377596654 ], [ 38.00045567323496, 7.293415856892508 ], [ 38.052595787111557, 7.296834077732 ], [ 38.074483433632672, 7.279519562455138 ], [ 38.081103448441475, 7.269609539871721 ], [ 38.084283456898746, 7.262009533581885 ], [ 38.0865234463745, 7.247979514730872 ], [ 38.095183459289771, 7.231169484462227 ], [ 38.101033454010604, 7.208299449091226 ], [ 38.10515348044067, 7.212079445743091 ], [ 38.144793720552634, 7.233409406647804 ], [ 38.181903945833149, 7.259099364898042 ], [ 38.199414045247408, 7.262749340895062 ], [ 38.206598948521105, 7.266678363339709 ], [ 38.220854178009681, 7.276739316614028 ], [ 38.234454266717719, 7.289129300352014 ], [ 38.247364348123313, 7.297839289677752 ], [ 38.266034460831804, 7.307919261418294 ], [ 38.276498803459184, 7.320135841405113 ], [ 38.282352197752587, 7.339875854384699 ], [ 38.27800216390613, 7.362373873949664 ], [ 38.280267650447186, 7.381788121623762 ], [ 38.293314740813095, 7.392599292214179 ], [ 38.309694846638436, 7.402679266668789 ], [ 38.319737688314738, 7.415353047996081 ], [ 38.32602370621629, 7.435077268057065 ], [ 38.329043872998859, 7.457565269877446 ], [ 38.328070909403444, 7.462863149772754 ], [ 38.342055149258812, 7.479759275211105 ], [ 38.392555447141774, 7.503099206119408 ], [ 38.414685561185351, 7.505349161502629 ], [ 38.427576962313701, 7.515897783278743 ], [ 38.430371285134569, 7.535073571309213 ], [ 38.426491277266443, 7.555042705336957 ] ] ] } },
{ "type": "Feature", "properties": { "shapeName": "Arsi", "shapeISO": "", "shapeID": "57463737B25487196396811", "shapeGroup": "ETH", "shapeType": "ADM2" }, "geometry": { "type": "Polygon", "coordinates": [ [ [ 40.717177937294593, 7.890866861609709 ], [ 40.703647609481635, 7.894906555961423 ], [ 40.680167009573459, 7.894226724693604 ], [ 40.615625308215947, 7.882038111239809 ], [ 40.590114646277129, 7.879353467864032 ], [ 40.563403976456613, 7.883018255548104 ], [ 40.478712017150052, 7.928344578977787 ], [ 40.462271649547283, 7.941123511926142 ], [ 40.440681214708462, 7.96772122282162 ], [ 40.446181499215385, 7.998388453268463 ], [ 40.445511511806806, 8.005037861741028 ], [ 40.437481353816125, 8.015136992812481 ], [ 40.408530643544282, 8.022056500303176 ], [ 40.39707043647406, 8.042474723728555 ], [ 40.400810666260966, 8.070452201911852 ], [ 40.39441058469324, 8.089270549254882 ], [ 40.385602406192106, 8.099457678690722 ], [ 40.37997032722528, 8.114058400459637 ], [ 40.380250426596447, 8.13400660801153 ], [ 40.390420796235148, 8.157614451419603 ], [ 40.404051261376416, 8.1816722303045 ], [ 40.40594141488107, 8.203230298361177 ], [ 40.401881448716949, 8.232817663644704 ], [ 40.394571365393396, 8.255995624132069 ], [ 40.383811186500758, 8.277113780551643 ], [ 40.367780911845465, 8.306261249259599 ], [ 40.338190333743185, 8.344617955946212 ], [ 40.327670182174494, 8.370785665148462 ], [ 40.322980318191718, 8.424470886739535 ], [ 40.328990885870162, 8.511153106359954 ], [ 40.326060926210374, 8.533641104166009 ], [ 40.3196708523813, 8.553609356424522 ], [ 40.319280946086089, 8.575177426619412 ], [ 40.316371017716406, 8.604314830575866 ], [ 40.300425643103701, 8.612709162874943 ], [ 40.286660252294816, 8.605754848928973 ], [ 40.272109801357296, 8.590876247929739 ], [ 40.248099080766785, 8.571198121079794 ], [ 40.21117802549594, 8.550400162754029 ], [ 40.191367516019348, 8.55112018683046 ], [ 40.18333734560909, 8.560089424196816 ], [ 40.186597507876037, 8.57567802057595 ], [ 40.189447728367007, 8.605275364440921 ], [ 40.177737490803409, 8.619754121629938 ], [ 40.156786979750748, 8.625983669613461 ], [ 40.094115364877737, 8.629543651971785 ], [ 40.063004549763434, 8.629373816228268 ], [ 40.045964136048951, 8.635603337596656 ], [ 40.03654395180039, 8.648242254101472 ], [ 40.027603825084292, 8.669600393292951 ], [ 40.026043876493468, 8.689108661310156 ], [ 40.035304193272069, 8.704927201392824 ], [ 40.069285254904109, 8.739753933639838 ], [ 40.078355617972058, 8.766811469100643 ], [ 40.083745921299261, 8.799158559682292 ], [ 40.095866449581443, 8.841814691785473 ], [ 40.097066561247779, 8.858333211993807 ], [ 40.095364539302381, 8.863218784502921 ], [ 40.081836133688952, 8.852403817039123 ], [ 40.067820730577985, 8.845024542853025 ], [ 40.06725567379582, 8.835685383645686 ], [ 40.041274732348292, 8.783180194024276 ], [ 40.024394195073384, 8.763012072084324 ], [ 40.0029135619165, 8.748593459968673 ], [ 39.974292765802439, 8.738314516668517 ], [ 39.926531466451252, 8.728525623139086 ], [ 39.894000567669195, 8.719166612874536 ], [ 39.873889946926965, 8.698988505139672 ], [ 39.848019162761936, 8.677210570317088 ], [ 39.824928496731388, 8.663921861311147 ], [ 39.798157751699712, 8.655682722654021 ], [ 39.758026688425637, 8.65274317426613 ], [ 39.724785739879131, 8.636234798486438 ], [ 39.714375365592261, 8.615566691800344 ], [ 39.698512841925847, 8.59302077303796 ], [ 39.65755356940889, 8.550152779966611 ], [ 39.634932907406103, 8.535454197798535 ], [ 39.609102206004486, 8.530874717897332 ], [ 39.571951160702746, 8.516636158525229 ], [ 39.546100381608731, 8.494588238816348 ], [ 39.531089853613452, 8.465410905941923 ], [ 39.514929310119015, 8.440363209132459 ], [ 39.494618700441734, 8.423594787864152 ], [ 39.474788158018825, 8.418305353369446 ], [ 39.446551721890806, 8.4144470939217 ], [ 39.426768878518054, 8.415255837333321 ], [ 39.418046638942364, 8.412996073565761 ], [ 39.401206133571719, 8.400127294032133 ], [ 39.38343558295071, 8.381729011261989 ], [ 39.365915128501335, 8.382409028201906 ], [ 39.352304781922946, 8.386538719301166 ], [ 39.341004464557564, 8.381699205854437 ], [ 39.332234244520187, 8.383309097673029 ], [ 39.310783621870925, 8.372030195415451 ], [ 39.29487308702565, 8.346042573965175 ], [ 39.270442075512726, 8.262580105748297 ], [ 39.251759498994311, 8.242533965818899 ], [ 39.234931004313836, 8.231043064327537 ], [ 39.217870513773192, 8.222743869032238 ], [ 39.208156273927329, 8.226153610098267 ], [ 39.196640063707079, 8.247551756820107 ], [ 39.195020088687571, 8.263640332047995 ], [ 39.187399965430963, 8.281338794622718 ], [ 39.174239707481831, 8.301547061215551 ], [ 39.157859320358703, 8.313256087562344 ], [ 39.141203860597926, 8.308316599748235 ], [ 39.121188281160272, 8.297337662127681 ], [ 39.100657720005287, 8.293398099254901 ], [ 39.080117224099077, 8.304177230081153 ], [ 39.056786619836735, 8.307427044472863 ], [ 39.030515861010855, 8.292608471280714 ], [ 39.012995324406987, 8.276709956885336 ], [ 39.000324898700839, 8.254841949502588 ], [ 38.992964602951226, 8.23228399015578 ], [ 38.988144382870338, 8.209965988944527 ], [ 38.982654062120936, 8.168099730447123 ], [ 38.971143662122422, 8.147381612557387 ], [ 38.957553247376474, 8.132862961144772 ], [ 38.947662898698873, 8.113514719832935 ], [ 38.942632652049824, 8.086367145055874 ], [ 38.941042534330329, 8.067958787987582 ], [ 38.934372290314528, 8.051390284631523 ], [ 38.906061397203075, 8.017053454330926 ], [ 38.895021026989113, 7.998845113999275 ], [ 38.873205398185171, 7.986201322968615 ], [ 38.820168749247465, 7.927581737149292 ], [ 38.807478347033047, 7.910513302781587 ], [ 38.736616254392828, 7.858528197890442 ], [ 38.71785571619867, 7.849189097852418 ], [ 38.708325420506036, 7.838650076489229 ], [ 38.709375384014237, 7.8218415620557 ], [ 38.697975022752914, 7.806932924009143 ], [ 38.687764712552621, 7.797083841502557 ], [ 38.695974859719158, 7.780235300191531 ], [ 38.716675352687503, 7.765856493628457 ], [ 38.74108596175256, 7.755607303594965 ], [ 38.762686461006751, 7.736838888898988 ], [ 38.777996768418944, 7.710981117286336 ], [ 38.78570687188116, 7.686543257092303 ], [ 38.827078007736262, 7.695762273656497 ], [ 38.845138521516908, 7.705331355929487 ], [ 38.85707740356461, 7.706948604452058 ], [ 38.863203476658526, 7.69010363510178 ], [ 38.865021270138342, 7.679197865375165 ], [ 38.876837146295976, 7.663747988253913 ], [ 38.88683524331816, 7.662839135749188 ], [ 38.897742275926866, 7.666474346813218 ], [ 38.896833317995942, 7.656477401782013 ], [ 38.886835160525997, 7.641936423340059 ], [ 38.878654800473647, 7.617398489058481 ], [ 38.884108262985606, 7.60558389231849 ], [ 38.889561750735616, 7.600130989228157 ], [ 38.872292226643012, 7.580137158557879 ], [ 38.875927881791213, 7.575593076041161 ], [ 38.886834890454146, 7.572866592824012 ], [ 38.86683842853455, 7.505614466649278 ], [ 38.861384919969794, 7.505614487729142 ], [ 38.847751027616717, 7.47471487819845 ], [ 38.855022342444677, 7.466535528753696 ], [ 38.86320260589499, 7.466535497671667 ], [ 38.869564984079808, 7.453812083464126 ], [ 38.883198739453512, 7.449267963276425 ], [ 38.883198673793672, 7.432000505777284 ], [ 38.889561044827822, 7.417459464477441 ], [ 38.890469904265863, 7.40200963083564 ], [ 38.894105511022687, 7.384742159663146 ], [ 38.902285785161304, 7.387468568703193 ], [ 38.898650060905524, 7.373836379423225 ], [ 38.89955894430063, 7.36474824053052 ], [ 38.893196507056686, 7.36202182382427 ], [ 38.890469725409488, 7.35475132585762 ], [ 38.89683214561866, 7.352933674780894 ], [ 38.90501241551376, 7.354751271034544 ], [ 38.914101576266795, 7.34929835551253 ], [ 38.915919388075871, 7.342936653851298 ], [ 38.908648029218121, 7.33930142669536 ], [ 38.911374763508263, 7.333848534923519 ], [ 38.9188118845383, 7.326284200922147 ], [ 38.971410350914688, 7.318735183723796 ], [ 39.001891191943749, 7.328014240336271 ], [ 39.041862295064142, 7.343222741136541 ], [ 39.067283012857423, 7.355741532742247 ], [ 39.128516035676775, 7.364295482139939 ], [ 39.151463189186614, 7.348015894478228 ], [ 39.170705667476845, 7.341852372490309 ], [ 39.192766202777527, 7.331143238469621 ], [ 39.197446222608555, 7.30443559187387 ], [ 39.206546397112469, 7.286447155323205 ], [ 39.23857722593722, 7.285807092767874 ], [ 39.268947999672541, 7.279437542625978 ], [ 39.293288580925932, 7.266418606079546 ], [ 39.317379144497664, 7.249490020274302 ], [ 39.335439539427021, 7.228001862630034 ], [ 39.368400262412763, 7.193324821182515 ], [ 39.394900805793455, 7.15435819501573 ], [ 39.403211052462446, 7.163007391365058 ], [ 39.440402086503696, 7.180965647981217 ], [ 39.439162142332982, 7.203963607075639 ], [ 39.453372608443779, 7.228941329504344 ], [ 39.469723171255644, 7.264248123108967 ], [ 39.482963585780148, 7.281636520782628 ], [ 39.491673920708685, 7.3103239349407 ], [ 39.499794301030747, 7.353260076829043 ], [ 39.513154781598061, 7.386627051616927 ], [ 39.522735096447846, 7.402785574589394 ], [ 39.527835260733873, 7.41147477979986 ], [ 39.54061565725538, 7.42679336759648 ], [ 39.571066474261151, 7.432572727921429 ], [ 39.596057187404888, 7.44850121332799 ], [ 39.615152750023825, 7.466029572513913 ], [ 39.639477175138047, 7.477208198281741 ], [ 39.661218995079544, 7.477478363034411 ], [ 39.705110079054457, 7.464079384354827 ], [ 39.749861153139534, 7.4435410360406 ], [ 39.773801769645502, 7.441541113169937 ], [ 39.794792334719112, 7.447130528812452 ], [ 39.806652699696834, 7.461749175114353 ], [ 39.849713816364499, 7.463278869859159 ], [ 39.879714629892035, 7.472247946594505 ], [ 39.910135427090211, 7.475467533698984 ], [ 39.959226732096603, 7.48337662315821 ], [ 40.001767803843968, 7.477536966480518 ], [ 40.020758231926017, 7.463848116149327 ], [ 40.052259033146932, 7.460618269521087 ], [ 40.076299589868661, 7.445969484076447 ], [ 40.112360483489631, 7.438340011940399 ], [ 40.147121382091932, 7.440129709460001 ], [ 40.189842560132604, 7.458387901225173 ], [ 40.209271129856539, 7.474942338796398 ], [ 40.26833481008299, 7.515362474188417 ], [ 40.32071634176156, 7.559218330534535 ], [ 40.348097151086108, 7.585145887173745 ], [ 40.37382789598302, 7.6053439681051 ], [ 40.441289756409333, 7.636180917248796 ], [ 40.474040635855424, 7.645289962285443 ], [ 40.520541835030144, 7.648529466275164 ], [ 40.534382212679702, 7.652989005619146 ], [ 40.565233310845066, 7.724962418277604 ], [ 40.582573901187452, 7.757129455232414 ], [ 40.604864559122504, 7.777327551434693 ], [ 40.634765419656269, 7.799285447020448 ], [ 40.660896143277554, 7.812324158743897 ], [ 40.67563653203829, 7.814013941172446 ], [ 40.693227019646407, 7.824162952160973 ], [ 40.710817713527462, 7.877868052465468 ], [ 40.717177937294593, 7.890866861609709 ] ] ] } },
{ "type": "Feature", "properties": { "shapeName": "Asosa", "shapeISO": "", "shapeID": "57463737B99696038054094", "shapeGroup": "ETH", "shapeType": "ADM2" }, "geometry": { "type": "Polygon", "coordinates": [ [ [ 34.983105029150202, 10.899413878517951 ], [ 34.958418388069767, 10.878207349214616 ], [ 34.927974574854922, 10.856923801626042 ], [ 34.890379415914538, 10.8227526211999 ], [ 34.86795316111872, 10.809299956089323 ], [ 34.867620949956439, 10.776396255844451 ], [ 34.858282448775284, 10.757290172997479 ], [ 34.801172728094528, 10.722358129738991 ], [ 34.785977638957654, 10.710764828870273 ], [ 34.778301658292911, 10.71066084572395 ], [ 34.791314374148108, 10.741204686939778 ], [ 34.791103750332631, 10.756385655486827 ], [ 34.766153192844385, 10.756046008464686 ], [ 34.750586473453517, 10.771016159437487 ], [ 34.729126077431573, 10.795392783673012 ], [ 34.688385800284379, 10.825190833539519 ], [ 34.610528333524158, 10.898096296126111 ], [ 34.598954070087935, 10.901725204375074 ], [ 34.58379234499013, 10.888224436213212 ], [ 34.555054988958354, 10.884014139044021 ], [ 34.545683082689678, 10.868698944450786 ], [ 34.53247340437575, 10.853328064559925 ], [ 34.505717790331801, 10.845348829627399 ], [ 34.46576012071889, 10.821995957077158 ], [ 34.452321048291132, 10.792859721612778 ], [ 34.431389788141985, 10.762964760441028 ], [ 34.407468271594453, 10.713638024240058 ], [ 34.383500698207264, 10.678499569781042 ], [ 34.345867920442863, 10.630517871248403 ], [ 34.298326847578352, 10.586584548799614 ], [ 34.293841485227205, 10.561173772320915 ], [ 34.280245643533881, 10.532802472632818 ], [ 34.280505639949325, 10.515735593697453 ], [ 34.307451380368875, 10.508548730734828 ], [ 34.327101341827813, 10.476592277621732 ], [ 34.312198566491567, 10.44792030460296 ], [ 34.293840739999446, 10.407214251953354 ], [ 34.305642499622316, 10.373847822652907 ], [ 34.324063737099102, 10.294448308653459 ], [ 34.352147954027352, 10.221864702758689 ], [ 34.343177387112995, 10.202432968354175 ], [ 34.346958436061954, 10.169581233811893 ], [ 34.333942344277361, 10.142839144441407 ], [ 34.33435429426477, 10.11439145386392 ], [ 34.298372173118956, 10.087323385890477 ], [ 34.26031688665735, 10.071604525979058 ], [ 34.23385959802075, 10.048463726473116 ], [ 34.226706357654919, 10.014221238675431 ], [ 34.219084684167917, 9.961778498228496 ], [ 34.217589338723428, 9.90348319601382 ], [ 34.204133448892804, 9.86461971901104 ], [ 34.169746253608082, 9.782408548839275 ], [ 34.146839125244917, 9.719116988512761 ], [ 34.145174111753562, 9.702025499590537 ], [ 34.13267002333771, 9.641163235894243 ], [ 34.117874106273575, 9.606819255717728 ], [ 34.101468422754188, 9.551593872047697 ], [ 34.109217884276802, 9.409478018626363 ], [ 34.117759298903316, 9.345120248350947 ], [ 34.122788506417145, 9.257956148520742 ], [ 34.135411340977349, 9.172789416547195 ], [ 34.145447272028605, 8.963296269865472 ], [ 34.431392001868886, 8.968493269753226 ], [ 34.504450749406914, 9.005187334301807 ], [ 34.484409072742181, 9.048195163746467 ], [ 34.459071868866396, 9.074230541712202 ], [ 34.427576132065646, 9.072843014527246 ], [ 34.394010415874348, 9.117373679338447 ], [ 34.341616385200119, 9.169818329923061 ], [ 34.402482964927188, 9.187672195908775 ], [ 34.440301735837991, 9.216610559119442 ], [ 34.453131607330526, 9.258512305268866 ], [ 34.452470285860045, 9.309729237324623 ], [ 34.467013112716046, 9.366832773050493 ], [ 34.452548938328192, 9.450125345210415 ], [ 34.513718671085641, 9.449015328258373 ], [ 34.499475980475587, 9.515240029661445 ], [ 34.523975254966004, 9.542119081942477 ], [ 34.532887340027976, 9.591566700814601 ], [ 34.549211818127063, 9.630661784672027 ], [ 34.586140195722564, 9.631358441848104 ], [ 34.6327617003424, 9.589023678685692 ], [ 34.686666532642981, 9.564690675746249 ], [ 34.735886780505588, 9.546307540203706 ], [ 34.78373706742854, 9.554336090581204 ], [ 34.792808120073239, 9.604315476656582 ], [ 34.811605270311674, 9.631116964616883 ], [ 34.810711753489841, 9.703233139888155 ], [ 34.796893582531872, 9.737228529270968 ], [ 34.808064290950277, 9.762040905550318 ], [ 34.832417497509212, 9.804098789055555 ], [ 34.855216491636803, 9.81766564362769 ], [ 34.870479926066245, 9.821648655223969 ], [ 34.87782929918999, 9.846415205000842 ], [ 34.89290646439671, 9.865581602875405 ], [ 34.898437247533252, 9.882733409184617 ], [ 34.867548166264406, 9.903235436753063 ], [ 34.888535017441185, 9.909187926484456 ], [ 34.905174141980467, 9.956848480054779 ], [ 34.928410021837145, 9.936250980722612 ], [ 34.943750873651723, 9.934538956126769 ], [ 34.98893829279546, 9.997732989168725 ], [ 35.015774180734269, 9.996157003069861 ], [ 35.020411007638536, 9.929763819814282 ], [ 35.04927081753786, 9.918714016420626 ], [ 35.081778651551687, 9.922892947815049 ], [ 35.081575165854119, 9.939978580242693 ], [ 35.089099773891924, 9.951458739684183 ], [ 35.16034359589095, 9.949371936733343 ], [ 35.221559662833123, 9.926397411263128 ], [ 35.223649049864548, 9.911229226160168 ], [ 35.231505007666883, 9.894226695827321 ], [ 35.279234412602293, 9.908052157906695 ], [ 35.29821701942533, 9.923455048927512 ], [ 35.311752662506024, 9.912209406345587 ], [ 35.325456408114498, 9.885771301917677 ], [ 35.340568335899505, 9.904928141295589 ], [ 35.349977295146196, 9.920224374267232 ], [ 35.34949230257714, 9.963901217647749 ], [ 35.331590161233819, 10.022579657823044 ], [ 35.300911841910718, 10.024138321706364 ], [ 35.275786732379594, 10.04284801047215 ], [ 35.248764827553046, 10.059634235507939 ], [ 35.242818630290643, 10.076657725980759 ], [ 35.2365841506126, 10.118364367073132 ], [ 35.220918926947029, 10.14666898021602 ], [ 35.211022848024179, 10.173139792995979 ], [ 35.200989208471476, 10.21100152613945 ], [ 35.18914801708722, 10.239346491888817 ], [ 35.192687144494364, 10.264073428776825 ], [ 35.21544533549757, 10.285227933317559 ], [ 35.195884303517481, 10.317279771158017 ], [ 35.181426525807886, 10.402557437697189 ], [ 35.145054736290973, 10.396425406652401 ], [ 35.118087050107903, 10.405593442756061 ], [ 35.10636747570981, 10.422539357609118 ], [ 35.090644081165102, 10.45272596302585 ], [ 35.063431255412766, 10.480870032346429 ], [ 35.034609827562967, 10.484308962875318 ], [ 35.040074325595043, 10.507159625504368 ], [ 35.05134293156506, 10.526285783581406 ], [ 35.037840800036413, 10.531812733998702 ], [ 35.011006770558822, 10.529577171712591 ], [ 35.016468926459552, 10.552427849654482 ], [ 35.031451719897333, 10.581094264992256 ], [ 35.052193601628872, 10.609833307453826 ], [ 35.068783704336518, 10.663202004646761 ], [ 35.077501709612072, 10.731661499833088 ], [ 35.082451469614178, 10.794378328601304 ], [ 35.081760479395392, 10.847530747527635 ], [ 35.02366731216452, 10.882856789713585 ], [ 34.983105029150202, 10.899413878517951 ] ] ] } },
{ "type": "Feature", "properties": { "shapeName": "Awi/Agew", "shapeISO": "", "shapeID": "57463737B64256577014982", "shapeGroup": "ETH", "shapeType": "ADM2" }, "geometry": { "type": "Polygon", "coordinates": [ [ [ 36.654532618943122, 11.642601086771121 ], [ 36.654488317498306, 11.651035507946846 ], [ 36.662020826828225, 11.665202513119024 ], [ 36.66194130478884, 11.672065253759781 ], [ 36.659419724419493, 11.681162924574567 ], [ 36.662528849885227, 11.688016206260718 ], [ 36.663149796626406, 11.695828750716464 ], [ 36.66303913011275, 11.717780188651517 ], [ 36.66163211615941, 11.726847398635275 ], [ 36.646457745968974, 11.717759242374761 ], [ 36.640408509404779, 11.716109933273049 ], [ 36.63314237930274, 11.717147405767646 ], [ 36.612390560523721, 11.742261267725201 ], [ 36.598444012551603, 11.753010885401709 ], [ 36.584005575941191, 11.778130990379934 ], [ 36.581496931811891, 11.785016338053008 ], [ 36.591720857006344, 11.789209745291656 ], [ 36.594722097955319, 11.794778500143323 ], [ 36.599340581604196, 11.810399771132182 ], [ 36.599234170041775, 11.823363344204065 ], [ 36.585599902438901, 11.879280258109585 ], [ 36.600685604290774, 11.882008695732951 ], [ 36.609809575551047, 11.881782334741466 ], [ 36.606454818700719, 11.906849940460726 ], [ 36.61007978326343, 11.911719710957398 ], [ 36.616351449849169, 11.908918378287352 ], [ 36.62844764281818, 11.910479848245291 ], [ 36.627645390780373, 11.916796450252461 ], [ 36.623162807353346, 11.923359931854664 ], [ 36.622712246661166, 11.929953198603759 ], [ 36.588056891518789, 11.958429922656283 ], [ 36.549236827861471, 11.970536079674739 ], [ 36.545495696360724, 11.966096480810069 ], [ 36.538030534854421, 11.976649609744181 ], [ 36.52597513608081, 11.981015331395934 ], [ 36.514610249821708, 11.988465379173888 ], [ 36.5092930901248, 11.987512822042602 ], [ 36.48423504189229, 11.990211717875374 ], [ 36.475340318022319, 11.996833442503108 ], [ 36.453346830735519, 12.002109601158322 ], [ 36.446010342760488, 12.005456267234742 ], [ 36.438532546591851, 12.006345812419966 ], [ 36.433397165794062, 12.009844286733141 ], [ 36.410318026469952, 12.016163110940491 ], [ 36.383718319558625, 12.029143379087929 ], [ 36.380890158134271, 12.036777189611925 ], [ 36.367446619859933, 12.03396573456002 ], [ 36.355307244596119, 12.045852808618104 ], [ 36.348489858043536, 12.050465406533977 ], [ 36.342193096679267, 12.050838099557501 ], [ 36.337170555642679, 12.047168565545238 ], [ 36.331484981070659, 12.045408645198602 ], [ 36.323695018950367, 12.046951366194277 ], [ 36.294872618782954, 12.040315757675931 ], [ 36.28210349663275, 12.032418362764986 ], [ 36.280176190652533, 12.024509718944614 ], [ 36.25976166829124, 12.022746770945151 ], [ 36.252744787428021, 12.020817591338286 ], [ 36.226369171359067, 12.002380225285213 ], [ 36.216812050298465, 12.000796409518799 ], [ 36.209695777592493, 12.004392719044061 ], [ 36.202563755782919, 12.000104915051494 ], [ 36.194401902623945, 12.002256021352354 ], [ 36.187420835580269, 11.999666603602163 ], [ 36.175697878228625, 12.006516623579955 ], [ 36.170487753761662, 12.002230467274886 ], [ 36.146428790278918, 12.009956722937094 ], [ 36.141249799410708, 12.008904173180206 ], [ 36.137103780562178, 12.012616541594891 ], [ 36.129275447235663, 12.008547429761414 ], [ 36.110431314659458, 12.025101601229677 ], [ 36.101250568778021, 12.029688752207507 ], [ 36.092933818586395, 12.028278914713493 ], [ 36.087279138295912, 12.025415189108205 ], [ 36.083813057245976, 12.029487856116576 ], [ 36.080267159951411, 12.037323700655749 ], [ 36.070667239892842, 12.042629792023343 ], [ 36.064943353374538, 12.048719797855252 ], [ 36.057410534030502, 12.045791086729277 ], [ 36.054067730132488, 12.038040168795282 ], [ 36.053442680224975, 12.031891966867182 ], [ 36.059026319654201, 12.027144179977231 ], [ 36.057562078972495, 12.021129870813533 ], [ 36.050999565049999, 12.023459036701718 ], [ 36.041238251096772, 12.017840567456478 ], [ 36.032534332498656, 12.01857821401153 ], [ 36.026262832150422, 12.021790801740607 ], [ 36.020672894179775, 12.017128979668996 ], [ 36.008301852523147, 12.011351087066458 ], [ 35.999973764919943, 12.012555974781957 ], [ 35.972050654448786, 12.004423726473602 ], [ 35.966678265955096, 12.005072977626257 ], [ 35.96180952958025, 12.000999606424967 ], [ 35.966599898586459, 11.985376722521396 ], [ 35.973122170983153, 11.971128128263855 ], [ 35.969807860442394, 11.9592109551568 ], [ 35.978817274673887, 11.961291377803121 ], [ 35.996764010876227, 11.927677039403399 ], [ 36.021995658882908, 11.914643194502112 ], [ 36.043427654014984, 11.895865819757654 ], [ 36.034609047455007, 11.892570116344961 ], [ 36.038902141581609, 11.886289135424892 ], [ 36.051394799162281, 11.883821315899274 ], [ 36.045860173888485, 11.87723562927002 ], [ 36.05715929300834, 11.875105737233998 ], [ 36.049925323852698, 11.866802673316672 ], [ 36.051750480657446, 11.857667105691197 ], [ 36.055280956221864, 11.850121715380618 ], [ 36.067050260897823, 11.852404396224815 ], [ 36.085076111892576, 11.835888565732382 ], [ 36.08224447577723, 11.825176430706366 ], [ 36.095856815169036, 11.813666354333645 ], [ 36.106016861289866, 11.816697486588051 ], [ 36.118028067274082, 11.7750101633545 ], [ 36.124016033687113, 11.735249722188613 ], [ 36.117391995758801, 11.724326441072304 ], [ 36.126314697446553, 11.719980883769848 ], [ 36.119143958551888, 11.706626956614794 ], [ 36.145613962061951, 11.68643523465934 ], [ 36.15792648837612, 11.686714984131575 ], [ 36.165782779198551, 11.67899511146666 ], [ 36.177003535132222, 11.685062534061487 ], [ 36.186457839563026, 11.690849490110153 ], [ 36.201616960321388, 11.706655353471263 ], [ 36.207861918653585, 11.722249292466485 ], [ 36.232367581248027, 11.722926439897082 ], [ 36.236660869507098, 11.737770701223729 ], [ 36.261770100383821, 11.754291654727655 ], [ 36.283697085790713, 11.77347439409119 ], [ 36.309588994747813, 11.804036632792634 ], [ 36.329857550212061, 11.797495095087145 ], [ 36.342066324325408, 11.781617652984362 ], [ 36.338383677405382, 11.773787721398426 ], [ 36.341993041071895, 11.768556814256897 ], [ 36.339533399536052, 11.761854119276251 ], [ 36.341147966797422, 11.749449513559394 ], [ 36.33960976260493, 11.744280033152236 ], [ 36.34039075450179, 11.73831034389856 ], [ 36.334613914143475, 11.723997606745675 ], [ 36.335338220942283, 11.717984755025844 ], [ 36.33285549226477, 11.704868072475779 ], [ 36.348347985310902, 11.697413474541889 ], [ 36.33320930346941, 11.666860979881696 ], [ 36.339139444827389, 11.651709752101064 ], [ 36.349212785712176, 11.60618376601319 ], [ 36.366068280349019, 11.601159981602265 ], [ 36.3759469280483, 11.608503165604098 ], [ 36.380150831016586, 11.596961728951097 ], [ 36.392205633786759, 11.584127658044341 ], [ 36.391122018210886, 11.572166560700778 ], [ 36.404201435917273, 11.546814686222024 ], [ 36.415327129510281, 11.545954311259214 ], [ 36.413908565848438, 11.532789991228043 ], [ 36.434819894187413, 11.51161649327225 ], [ 36.439585249257171, 11.505156778034131 ], [ 36.445097017800322, 11.493641745585228 ], [ 36.439167174958953, 11.492652360056709 ], [ 36.436441320000014, 11.487519566730496 ], [ 36.425897882083873, 11.477545230422551 ], [ 36.420450511154627, 11.468147069145809 ], [ 36.410336745710111, 11.459138609287209 ], [ 36.410739888906186, 11.414752085161673 ], [ 36.448847426194249, 11.427704650895619 ], [ 36.467948689914316, 11.429484179462678 ], [ 36.472274507334568, 11.437113488177546 ], [ 36.489722335535923, 11.440893562318035 ], [ 36.498624557239118, 11.444531950163274 ], [ 36.504302886508192, 11.458976452285706 ], [ 36.513017139088596, 11.459113397520733 ], [ 36.521885440451143, 11.445293053065571 ], [ 36.530705196596521, 11.435385363000183 ], [ 36.533889903250603, 11.394900678024484 ], [ 36.541847907703875, 11.394967293058826 ], [ 36.552149907203045, 11.387486401068797 ], [ 36.564685441751188, 11.372192662257786 ], [ 36.56442211733097, 11.358873816072741 ], [ 36.559634918725848, 11.35519230597793 ], [ 36.539529640437948, 11.346492316955718 ], [ 36.535338005019369, 11.336140025135355 ], [ 36.548277622816435, 11.338117260100995 ], [ 36.557213767180905, 11.330334321227571 ], [ 36.563215384571734, 11.31918625732914 ], [ 36.562883341905859, 11.312621326889412 ], [ 36.557674393685055, 11.302965937907047 ], [ 36.546240672473701, 11.305652923033893 ], [ 36.538130241097591, 11.305585651642362 ], [ 36.530443048640088, 11.303347050754693 ], [ 36.515565369753922, 11.290481972551675 ], [ 36.505752064852096, 11.28583942111919 ], [ 36.495759796368262, 11.289803126420345 ], [ 36.49113361462414, 11.279961000845713 ], [ 36.484002373445428, 11.272637668361945 ], [ 36.467935550150365, 11.26584566600358 ], [ 36.476624026774317, 11.245521051233178 ], [ 36.471601826885859, 11.234152059286505 ], [ 36.460984820876384, 11.227289037313575 ], [ 36.468357645689686, 11.216196629246786 ], [ 36.469342085357084, 11.19808969227012 ], [ 36.466749091115823, 11.187244909987848 ], [ 36.468976981869503, 11.179137834485136 ], [ 36.46840068733102, 11.156271150968637 ], [ 36.476440292568938, 11.157837710370748 ], [ 36.484092541797956, 11.153672575255946 ], [ 36.490001374349703, 11.147064290555567 ], [ 36.503698281378838, 11.138402912207798 ], [ 36.512158106839017, 11.138298833087269 ], [ 36.531215591329243, 11.142464215165052 ], [ 36.550134115669273, 11.138678952823241 ], [ 36.553578354558333, 11.133112085063939 ], [ 36.553570596313108, 11.127932559807247 ], [ 36.556702749453059, 11.120581222809705 ], [ 36.560992807887082, 11.114117028894757 ], [ 36.567372731043662, 11.112252660561712 ], [ 36.574144680321261, 11.113279538873243 ], [ 36.578812734115502, 11.111388323474442 ], [ 36.575783503559478, 11.101575712261944 ], [ 36.568054454035028, 11.102562497313549 ], [ 36.56024372037281, 11.10066569841945 ], [ 36.555703058183916, 11.094084540725483 ], [ 36.547213321001323, 11.095492708746013 ], [ 36.534843982757636, 11.098822478966319 ], [ 36.533389239499989, 11.114083295760508 ], [ 36.525877963664584, 11.113577576369893 ], [ 36.515773218018666, 11.105675476324356 ], [ 36.501447962508649, 11.086187232951044 ], [ 36.492117649030035, 11.076797923626069 ], [ 36.49046431647681, 11.069604638609158 ], [ 36.485695417821674, 11.067167788895247 ], [ 36.479117601623877, 11.068007987256189 ], [ 36.470646446770118, 11.056082733175712 ], [ 36.452038889444921, 11.054339975571301 ], [ 36.445035541996766, 11.051273925278609 ], [ 36.436964379227859, 11.039918548023563 ], [ 36.428050749205561, 11.036385957063128 ], [ 36.423356333352423, 11.032240534447638 ], [ 36.418460961283976, 11.001603588697288 ], [ 36.366587242836253, 10.946544146763348 ], [ 36.354822292637103, 10.937924517535125 ], [ 36.351416328498125, 10.930853063097624 ], [ 36.353906258792748, 10.922098337144091 ], [ 36.347902550885443, 10.918122815862695 ], [ 36.346313388554805, 10.911556877760278 ], [ 36.332400213526014, 10.898568448254199 ], [ 36.330768140779973, 10.893048267665264 ], [ 36.3328935127101, 10.888326334137949 ], [ 36.328427358340271, 10.882683843727682 ], [ 36.323430755637908, 10.879554249243613 ], [ 36.309930737015456, 10.86343493065551 ], [ 36.310090121395973, 10.855459620843217 ], [ 36.31454548114376, 10.851697927251614 ], [ 36.31044636051552, 10.836723010760927 ], [ 36.310916497663278, 10.828041384924003 ], [ 36.305538574343856, 10.820821647466726 ], [ 36.295672797310409, 10.815903229200316 ], [ 36.300316549596019, 10.810887863378536 ], [ 36.292923358991303, 10.806584687446575 ], [ 36.283041589396255, 10.804760436857189 ], [ 36.283540461650979, 10.796918317337806 ], [ 36.28924964107869, 10.77327309278 ], [ 36.285875339833829, 10.75215540352284 ], [ 36.286029796395638, 10.745481176502038 ], [ 36.294544409310959, 10.744252136088974 ], [ 36.311572471019247, 10.748156698221141 ], [ 36.314257018309341, 10.753835749013229 ], [ 36.325458719959315, 10.764092474853118 ], [ 36.326043932590665, 10.769618921571388 ], [ 36.332132471442364, 10.77117960385695 ], [ 36.342392241697581, 10.789731549454798 ], [ 36.350322974826007, 10.791050898616792 ], [ 36.358399786860346, 10.790536698151925 ], [ 36.378006663993702, 10.786650945698113 ], [ 36.37355097981709, 10.773649704748573 ], [ 36.376775871264414, 10.766182357279519 ], [ 36.374748483230562, 10.759307384051047 ], [ 36.363471012097357, 10.749098052566712 ], [ 36.360136224393308, 10.742545829388069 ], [ 36.353385047861018, 10.740907351857663 ], [ 36.332126852876009, 10.727136797516499 ], [ 36.32734669992626, 10.714657035123926 ], [ 36.318384909465777, 10.704506676999475 ], [ 36.317362850960215, 10.698137984377489 ], [ 36.322518943238599, 10.686192497251588 ], [ 36.31874730789081, 10.680237781482099 ], [ 36.312057280643401, 10.679710190577451 ], [ 36.313276226202696, 10.674733883769504 ], [ 36.321298251940632, 10.668271710372107 ], [ 36.324983410856348, 10.662562541990209 ], [ 36.31908497380951, 10.652896585093638 ], [ 36.311707800606669, 10.649859782881947 ], [ 36.307018811775784, 10.645288617237382 ], [ 36.303802990048474, 10.638770047119191 ], [ 36.308404259627075, 10.625111945233378 ], [ 36.301904685718029, 10.623687392637613 ], [ 36.298096631107185, 10.62120766613346 ], [ 36.292360281296268, 10.62086788531624 ], [ 36.287095608416529, 10.616002355418251 ], [ 36.282434676800236, 10.605469433228214 ], [ 36.284501659222201, 10.599604333340634 ], [ 36.294280117686618, 10.597995944652105 ], [ 36.306663499421852, 10.578860385804463 ], [ 36.302763525749306, 10.572128455674319 ], [ 36.302811454999635, 10.554874485759781 ], [ 36.308998747017171, 10.553311972222886 ], [ 36.312001078564549, 10.548938225502793 ], [ 36.311730982019029, 10.543023474996202 ], [ 36.319006125952917, 10.528920417489148 ], [ 36.326899663706982, 10.524228957100959 ], [ 36.344401819198751, 10.521815088815224 ], [ 36.349308005367853, 10.525238934442807 ], [ 36.355980752190398, 10.527501824018263 ], [ 36.359921304649696, 10.531232534927655 ], [ 36.364447008322053, 10.519038226440214 ], [ 36.365464464945603, 10.507096607883271 ], [ 36.372316481432911, 10.5056724189721 ], [ 36.383012114310297, 10.490511160065081 ], [ 36.391644594774966, 10.468908143717464 ], [ 36.409785529970378, 10.456226688968872 ], [ 36.417694106035277, 10.454727427358598 ], [ 36.42268188375342, 10.457246123413764 ], [ 36.428624588291108, 10.455534253145345 ], [ 36.436092458378674, 10.453448290069201 ], [ 36.446441434149889, 10.456605036254876 ], [ 36.450294060777708, 10.460381290702413 ], [ 36.456453304948901, 10.475567109614438 ], [ 36.463502526398216, 10.480102017599917 ], [ 36.486202314444249, 10.483725726472173 ], [ 36.511687897432402, 10.479725668312661 ], [ 36.5194146175971, 10.479795293856903 ], [ 36.527569782896833, 10.48381647639623 ], [ 36.53116949958261, 10.490204835912927 ], [ 36.535413133975425, 10.49322505428426 ], [ 36.548120016511511, 10.497740104608734 ], [ 36.56654642255598, 10.508120285329172 ], [ 36.59814238593286, 10.522109009510862 ], [ 36.606829102344925, 10.533595721224678 ], [ 36.626724938877196, 10.538081740469899 ], [ 36.642793888538563, 10.54360418653842 ], [ 36.661738473686924, 10.546348361177722 ], [ 36.680526134072672, 10.552034681404045 ], [ 36.686727701249772, 10.550062590944885 ], [ 36.70033651939368, 10.535438634546807 ], [ 36.7247856398129, 10.519729223113078 ], [ 36.740543110280889, 10.52468938576949 ], [ 36.746714818832224, 10.531752742722205 ], [ 36.752083356647866, 10.550037926588207 ], [ 36.747862482228967, 10.559662808197983 ], [ 36.748215906128983, 10.576661493694417 ], [ 36.754481167900266, 10.580352676947001 ], [ 36.776670547630893, 10.576789851822548 ], [ 36.78335246229269, 10.580396840330719 ], [ 36.78661270614321, 10.585928177218063 ], [ 36.795721006532567, 10.59480252924426 ], [ 36.798051431169263, 10.600052560939824 ], [ 36.829466770825157, 10.624133653188174 ], [ 36.82791568473106, 10.629423266443327 ], [ 36.821329612293432, 10.632409836832888 ], [ 36.828547435771043, 10.646805600988873 ], [ 36.816436213602465, 10.654837041457872 ], [ 36.820066607263804, 10.659782061160048 ], [ 36.825148638908146, 10.660256578661818 ], [ 36.829017994695477, 10.663840151683402 ], [ 36.836244623937226, 10.666464479160091 ], [ 36.853259329277861, 10.676475103039074 ], [ 36.860788030809594, 10.67553357463242 ], [ 36.866429380069299, 10.671569817831529 ], [ 36.87234399504166, 10.67224404269834 ], [ 36.877076173752883, 10.669754625770171 ], [ 36.882842278739027, 10.669195481416734 ], [ 36.893143485888963, 10.674617294500683 ], [ 36.898241442151395, 10.675046566241679 ], [ 36.905202846829567, 10.669860484736704 ], [ 36.913454691906914, 10.66698829597728 ], [ 36.919529026990986, 10.671110951103673 ], [ 36.92752028420572, 10.682348183529928 ], [ 36.92086272483585, 10.686718170991263 ], [ 36.920885661588471, 10.69995689110238 ], [ 36.924602102329331, 10.714167069946196 ], [ 36.929076062812449, 10.720952591506459 ], [ 36.935425081572674, 10.723165515794649 ], [ 36.948681375677573, 10.705152040858302 ], [ 36.954251364504934, 10.704622227114305 ], [ 36.958549835883481, 10.708106569924643 ], [ 36.966392524455962, 10.709688228161612 ], [ 36.961225202558126, 10.716506076054278 ], [ 36.959232010388462, 10.722856366387857 ], [ 36.963155500015063, 10.728579699336725 ], [ 36.970836409787275, 10.720190126413581 ], [ 36.976454980403815, 10.719003619849627 ], [ 36.980485026290779, 10.722133411022787 ], [ 36.980664596009156, 10.728607613389617 ], [ 36.982808587909062, 10.734982448592522 ], [ 36.997556170123737, 10.737774885048614 ], [ 37.002641990963191, 10.741122890358737 ], [ 37.005834106268324, 10.748369272708056 ], [ 37.010237599526612, 10.752195194116602 ], [ 37.016387654401122, 10.750935853536573 ], [ 37.013026006003948, 10.745170139376995 ], [ 37.012325844292569, 10.738896609309187 ], [ 37.013754471725584, 10.732335019088467 ], [ 37.021213810039114, 10.731454322374226 ], [ 37.026024492788451, 10.733736278682294 ], [ 37.02654750234143, 10.747165410684046 ], [ 37.03515822898256, 10.749114093139914 ], [ 37.039739124280374, 10.75410272580026 ], [ 37.054196486182683, 10.763782543925668 ], [ 37.066322476230816, 10.759665322396627 ], [ 37.065386320753618, 10.784209641773359 ], [ 37.07355202919662, 10.785218806165112 ], [ 37.077316884269692, 10.779244070623694 ], [ 37.098511744380971, 10.791398080873984 ], [ 37.094389461753117, 10.798313566017372 ], [ 37.090982424889695, 10.810354367163717 ], [ 37.091219212542931, 10.816689314479898 ], [ 37.097555319865073, 10.825658503394555 ], [ 37.105700915056701, 10.825079014068876 ], [ 37.119324916503231, 10.820967624393431 ], [ 37.120959361864955, 10.828101976650089 ], [ 37.121074687530779, 10.842484673586412 ], [ 37.12540239861093, 10.850321220389162 ], [ 37.118111081140263, 10.850559485395699 ], [ 37.110729357650449, 10.863096179896536 ], [ 37.111526137900029, 10.87026388599236 ], [ 37.115431509464351, 10.876516614365199 ], [ 37.111789380634484, 10.883887115742358 ], [ 37.10889816090971, 10.896358294033647 ], [ 37.109543158091519, 10.902230529873078 ], [ 37.113486626095558, 10.912205837183091 ], [ 37.10309961992899, 10.923943493978808 ], [ 37.092513671752947, 10.93148011885647 ], [ 37.088593662494745, 10.936152360247785 ], [ 37.086920256149526, 10.942955204595824 ], [ 37.083169699057756, 10.94577792839069 ], [ 37.090626975099049, 10.956155181442323 ], [ 37.095497287762981, 10.957640628553595 ], [ 37.107257469341029, 10.955770418523768 ], [ 37.123484581735163, 10.957496903031952 ], [ 37.129211906989426, 10.9567649387195 ], [ 37.132161347278263, 10.961315528311273 ], [ 37.131443924563477, 10.969614254561638 ], [ 37.120531486405163, 10.98010489524523 ], [ 37.119252622288961, 10.989373567754887 ], [ 37.115598624800583, 10.99625614192211 ], [ 37.104652231704918, 11.008167588434244 ], [ 37.104691644561015, 11.016219588525304 ], [ 37.106358252614768, 11.021548083720063 ], [ 37.11044105592493, 11.025753887496474 ], [ 37.106435477114374, 11.032588539995404 ], [ 37.099472903575816, 11.028968805745283 ], [ 37.093386293023485, 11.023411918789106 ], [ 37.088655203505219, 11.012513581383372 ], [ 37.085550307683867, 11.01759786304874 ], [ 37.086638037694875, 11.023948527710207 ], [ 37.080006850837414, 11.043197664727124 ], [ 37.071995826332433, 11.055063243794448 ], [ 37.070587354309083, 11.077893361971357 ], [ 37.085863297351935, 11.095967798835568 ], [ 37.08268937107713, 11.102494354332409 ], [ 37.072689680968843, 11.113951426416133 ], [ 37.079029259305209, 11.137718237789295 ], [ 37.079489177952432, 11.157094102513776 ], [ 37.075818094604365, 11.161208296577872 ], [ 37.068905024250157, 11.165498417444041 ], [ 37.072106972176677, 11.168508912902821 ], [ 37.069256389828091, 11.1739481063127 ], [ 37.048907598325691, 11.181566046291893 ], [ 37.044693893335932, 11.186617156732821 ], [ 37.038207652537324, 11.178457307526532 ], [ 37.027460513089203, 11.186534971962388 ], [ 37.021360967866464, 11.187395552125917 ], [ 37.005692165149071, 11.183037045140953 ], [ 37.004961430648613, 11.19068460834049 ], [ 37.010181895676837, 11.194855478228728 ], [ 37.007468247970202, 11.207155180993285 ], [ 37.002175144889449, 11.206831711025973 ], [ 36.994879058757761, 11.210253387464927 ], [ 36.993522704164242, 11.217794727251103 ], [ 36.987554393036852, 11.222771858261641 ], [ 36.98281083022048, 11.231029354276844 ], [ 36.982432169772743, 11.240254033059719 ], [ 36.980132370480753, 11.248896627768973 ], [ 36.974400632067777, 11.252869978822346 ], [ 36.967393643721728, 11.253944670697482 ], [ 36.960995672198045, 11.253394142457527 ], [ 36.955267445694687, 11.250453117085151 ], [ 36.948151773339283, 11.24994696308406 ], [ 36.931700282041092, 11.252463560154341 ], [ 36.92748018774973, 11.257521309280984 ], [ 36.930001955929761, 11.263279963486502 ], [ 36.930406450596251, 11.269388622308107 ], [ 36.938446421474573, 11.274577775110471 ], [ 36.939293141810992, 11.280260111272836 ], [ 36.942900098958155, 11.284349904448183 ], [ 36.947868375994453, 11.294368094640157 ], [ 36.942387909694453, 11.299029384061098 ], [ 36.933531078615573, 11.300094918999411 ], [ 36.928044242155963, 11.297565999784108 ], [ 36.92043212590017, 11.29779830062229 ], [ 36.909797484932703, 11.315043795644064 ], [ 36.897135723156609, 11.310378475951753 ], [ 36.889429576706242, 11.310192930286719 ], [ 36.878627170559419, 11.315668259294062 ], [ 36.86625799580731, 11.326337771051666 ], [ 36.864262202639722, 11.339498301334567 ], [ 36.853982701127457, 11.345532377114971 ], [ 36.850189779791279, 11.349640706975256 ], [ 36.835507338041651, 11.359460286513073 ], [ 36.820781027796791, 11.367509233736213 ], [ 36.809486485042378, 11.383426282405637 ], [ 36.806275601366899, 11.389920310925408 ], [ 36.805304431652999, 11.396274590608133 ], [ 36.801920779765027, 11.400326056761109 ], [ 36.79564931089304, 11.400861541627405 ], [ 36.788966492860041, 11.399510334037007 ], [ 36.775404334628256, 11.408364692607599 ], [ 36.761588737595702, 11.414763174025024 ], [ 36.750700170094689, 11.423652925119557 ], [ 36.740824662042478, 11.427060712697408 ], [ 36.735938545884316, 11.431822532832191 ], [ 36.730675513455964, 11.430694031541673 ], [ 36.718892394711531, 11.424681110409367 ], [ 36.714408859862992, 11.418758208437705 ], [ 36.705342346798901, 11.415431006396744 ], [ 36.693344830776773, 11.411797514660025 ], [ 36.686953414708434, 11.412702056141599 ], [ 36.678964159397189, 11.407674530988606 ], [ 36.669573541379563, 11.404739747405323 ], [ 36.654961959, 11.405735566982672 ], [ 36.643727421937015, 11.402889218456227 ], [ 36.640202942005047, 11.4071983636415 ], [ 36.648085826240141, 11.418466106058769 ], [ 36.653073732601143, 11.42107899854097 ], [ 36.656807612079554, 11.425476599725531 ], [ 36.659057087067723, 11.440575781646535 ], [ 36.654550888339472, 11.44331306779933 ], [ 36.636314632613114, 11.447203071220354 ], [ 36.62367530053951, 11.453363350987141 ], [ 36.603404251881024, 11.460349846420026 ], [ 36.575649883773437, 11.463472213493 ], [ 36.561177213162928, 11.462694851559075 ], [ 36.542969028197426, 11.464110151916731 ], [ 36.517120754655842, 11.47189737280663 ], [ 36.511519277518524, 11.475463837913601 ], [ 36.525278618059815, 11.483900320175385 ], [ 36.526994695123307, 11.489360714414795 ], [ 36.532082567999801, 11.491837474808328 ], [ 36.535701837362197, 11.496195937467107 ], [ 36.538668281988514, 11.502902576935794 ], [ 36.538024411205527, 11.508787481301297 ], [ 36.545035865879129, 11.51897781517274 ], [ 36.544200045972254, 11.526420259647892 ], [ 36.547275323112764, 11.537355866358986 ], [ 36.564479221942442, 11.544324112438671 ], [ 36.582442597408672, 11.573295185525341 ], [ 36.588488905839476, 11.580547640380495 ], [ 36.606393148140057, 11.594666594494424 ], [ 36.637981983059625, 11.628187414926208 ], [ 36.654532618943122, 11.642601086771121 ] ] ] } },
{ "type": "Feature", "properties": { "shapeName": "Bale", "shapeISO": "", "shapeID": "57463737B60581059142887", "shapeGroup": "ETH", "shapeType": "ADM2" }, "geometry": { "type": "Polygon", "coordinates": [ [ [ 42.004944408967063, 6.598877674163679 ], [ 42.007384534962583, 6.615636154352667 ], [ 42.001284446465796, 6.629894883977347 ], [ 42.000084472949638, 6.642863716682125 ], [ 42.014364890593569, 6.659852118512316 ], [ 42.015545010619391, 6.681690144373006 ], [ 42.026395381360253, 6.707657747344875 ], [ 42.056436295436264, 6.749993792719607 ], [ 42.063786124901505, 6.82715430499818 ], [ 42.067826966376664, 6.842315382228694 ], [ 42.076427270536804, 6.865213273467688 ], [ 42.077137389602981, 6.887961215568359 ], [ 42.099638064316572, 6.916958492590125 ], [ 42.10695830019062, 6.931437152522983 ], [ 42.135069095174451, 6.955384857077358 ], [ 42.140849290011595, 6.968483643490295 ], [ 42.163550022507494, 7.008329938372158 ], [ 42.158520089292203, 7.052535957947194 ], [ 42.187871011367456, 7.097601744446791 ], [ 42.205611640808186, 7.14223761758734 ], [ 42.204365854921534, 7.195830766637419 ], [ 42.210752155215204, 7.228099810846023 ], [ 42.210762323505357, 7.265196450735635 ], [ 42.200019233671021, 7.292629274357429 ], [ 41.897025312297487, 7.412384559665814 ], [ 41.868005156402035, 7.53394370750703 ], [ 41.865735018878198, 7.516115323396505 ], [ 41.843874480581988, 7.517225326610496 ], [ 41.84272453848854, 7.535083720196721 ], [ 41.836974473090841, 7.551612252298915 ], [ 41.797393518280813, 7.557341914574626 ], [ 41.78126317915055, 7.56874096615017 ], [ 41.762962823884067, 7.590459088076784 ], [ 41.742432353779463, 7.598938415767754 ], [ 41.724451955196244, 7.609447547486486 ], [ 41.707741554825553, 7.61193740009309 ], [ 41.70214146626094, 7.622296492365897 ], [ 41.701551484064716, 7.630075793027568 ], [ 41.696361386428848, 7.636775213888436 ], [ 41.677150932675204, 7.640894931343992 ], [ 41.675020939255845, 7.653953758746384 ], [ 41.677951082723368, 7.668792404580306 ], [ 41.654460549522796, 7.678911604791615 ], [ 41.649240523644508, 7.701619574620802 ], [ 41.652550644922592, 7.709358866210933 ], [ 41.640210356312899, 7.713628533657702 ], [ 41.625170015534103, 7.721357906634689 ], [ 41.607649641279259, 7.73346689860228 ], [ 41.595168549159453, 7.746434674286047 ], [ 41.590689393632537, 7.770963595415332 ], [ 41.594069628321108, 7.802490735415256 ], [ 41.595119793199011, 7.830848164972817 ], [ 41.585719643163522, 7.84904657080183 ], [ 41.566249174570878, 7.852486353383689 ], [ 41.551728869029418, 7.865245269238315 ], [ 41.544298918151526, 7.912931007965071 ], [ 41.526278591748273, 7.939468696604256 ], [ 41.524378602279711, 7.950337728187074 ], [ 41.525363657958835, 7.957562074579546 ], [ 41.519828595023831, 7.972965707178246 ], [ 41.519438613852543, 7.978915177108838 ], [ 41.532999111469707, 8.011972129388631 ], [ 41.531549235033367, 8.043539283991047 ], [ 41.528039294371126, 8.074656497251961 ], [ 41.521289261784297, 8.101444115010262 ], [ 41.503728922865598, 8.121412399969772 ], [ 41.47441824400024, 8.133431459760608 ], [ 41.42802703405539, 8.123792554944014 ], [ 41.395726270520122, 8.134211776520624 ], [ 41.327864630523422, 8.147980866466325 ], [ 41.298723895649935, 8.148550956524268 ], [ 41.253432677139671, 8.133152562541243 ], [ 41.193721142193141, 8.126733428204759 ], [ 41.168180431565844, 8.113544743342603 ], [ 41.105078612542364, 8.066359286944618 ], [ 41.087128099784351, 8.055420355623445 ], [ 41.053937091576309, 8.019573732397642 ], [ 41.036216586556904, 8.007484905777797 ], [ 41.018706059057529, 7.990586511926004 ], [ 40.982920070941745, 7.972738279178276 ], [ 40.973054780814017, 7.964489068633507 ], [ 40.961264458672389, 7.959339588933769 ], [ 40.929953646593596, 7.955560074396643 ], [ 40.906253040373223, 7.954210304565897 ], [ 40.877982331608038, 7.955890279630725 ], [ 40.808290554352808, 7.955720616928776 ], [ 40.766559453307963, 7.947681534890167 ], [ 40.753859109624749, 7.943002012775761 ], [ 40.730108386364755, 7.917334425637244 ], [ 40.717177937294593, 7.890866861609709 ], [ 40.710817713527462, 7.877868052465468 ], [ 40.693227019646407, 7.824162952160973 ], [ 40.67563653203829, 7.814013941172446 ], [ 40.660896143277554, 7.812324158743897 ], [ 40.634765419656269, 7.799285447020448 ], [ 40.604864559122504, 7.777327551434693 ], [ 40.582573901187452, 7.757129455232414 ], [ 40.565233310845066, 7.724962418277604 ], [ 40.534382212679702, 7.652989005619146 ], [ 40.520541835030144, 7.648529466275164 ], [ 40.474040635855424, 7.645289962285443 ], [ 40.441289756409333, 7.636180917248796 ], [ 40.37382789598302, 7.6053439681051 ], [ 40.348097151086108, 7.585145887173745 ], [ 40.32071634176156, 7.559218330534535 ], [ 40.26833481008299, 7.515362474188417 ], [ 40.209271129856539, 7.474942338796398 ], [ 40.189842560132604, 7.458387901225173 ], [ 40.147121382091932, 7.440129709460001 ], [ 40.112360483489631, 7.438340011940399 ], [ 40.076299589868661, 7.445969484076447 ], [ 40.052259033146932, 7.460618269521087 ], [ 40.020758231926017, 7.463848116149327 ], [ 40.001767803843968, 7.477536966480518 ], [ 39.959226732096603, 7.48337662315821 ], [ 39.910135427090211, 7.475467533698984 ], [ 39.879714629892035, 7.472247946594505 ], [ 39.849713816364499, 7.463278869859159 ], [ 39.806652699696834, 7.461749175114353 ], [ 39.794792334719112, 7.447130528812452 ], [ 39.773801769645502, 7.441541113169937 ], [ 39.749861153139534, 7.4435410360406 ], [ 39.705110079054457, 7.464079384354827 ], [ 39.661218995079544, 7.477478363034411 ], [ 39.639477175138047, 7.477208198281741 ], [ 39.615152750023825, 7.466029572513913 ], [ 39.596057187404888, 7.44850121332799 ], [ 39.571066474261151, 7.432572727921429 ], [ 39.54061565725538, 7.42679336759648 ], [ 39.527835260733873, 7.41147477979986 ], [ 39.522735096447846, 7.402785574589394 ], [ 39.5421855442899, 7.387706843829646 ], [ 39.542585517359228, 7.378507662328411 ], [ 39.54771555462905, 7.354109812798266 ], [ 39.562115863773684, 7.338391153951744 ], [ 39.590406578469789, 7.33430141009585 ], [ 39.607816977357622, 7.320172597178217 ], [ 39.633347495825788, 7.283005809456466 ], [ 39.643907621796622, 7.245699096309272 ], [ 39.642837376057763, 7.190094056110373 ], [ 39.647527415167296, 7.169145908157409 ], [ 39.670768014397858, 7.16854586843194 ], [ 39.683048349523752, 7.172305488250714 ], [ 39.684333356286402, 7.166161031177267 ], [ 39.669727919147768, 7.149937530701446 ], [ 39.62746673886214, 7.12927953736387 ], [ 39.611926274915604, 7.112141123655119 ], [ 39.62009641960551, 7.094392671033863 ], [ 39.636826806942459, 7.083723559163343 ], [ 39.645297005138502, 7.076544169403288 ], [ 39.655987205150858, 7.05763581499158 ], [ 39.685387795364427, 7.013569626204221 ], [ 39.697248042185365, 6.998330941035774 ], [ 39.730708832862042, 6.977672658187198 ], [ 39.731928769360664, 6.953774782758542 ], [ 39.746729065717467, 6.930016846824652 ], [ 39.759049327776118, 6.915928055726504 ], [ 39.771509536988297, 6.885980679284392 ], [ 39.750888915279447, 6.862672836298957 ], [ 39.725928199969566, 6.842364740765143 ], [ 39.660176376679814, 6.808488007894494 ], [ 39.638465758903145, 6.792979468935901 ], [ 39.628245434771017, 6.776031013074096 ], [ 39.636795541838396, 6.744033834821545 ], [ 39.625747201550027, 6.729657151889639 ], [ 39.600304506185182, 6.718256264135828 ], [ 39.578603890500879, 6.703427662492937 ], [ 39.533282567316768, 6.659751716685532 ], [ 39.517242184944777, 6.670180838607767 ], [ 39.510902090454074, 6.68859922553129 ], [ 39.494751635683102, 6.678680169036452 ], [ 39.493091555807531, 6.668451084058086 ], [ 39.499381623339453, 6.640833517483134 ], [ 39.487101245351056, 6.624115051796578 ], [ 39.471860814149288, 6.613386054893231 ], [ 39.450240251252481, 6.611646292580596 ], [ 39.432689750877422, 6.598157548416334 ], [ 39.427319556253742, 6.583928834536609 ], [ 39.432059613136815, 6.56528048240687 ], [ 39.419819261979896, 6.555221415212039 ], [ 39.401208798883815, 6.558531187539256 ], [ 39.380278251686541, 6.558851234052971 ], [ 39.352597481028674, 6.541952830581113 ], [ 39.337706973157147, 6.506376043814268 ], [ 39.323066486043764, 6.476078788231473 ], [ 39.314876169476364, 6.444841591760734 ], [ 39.316976074718148, 6.401365447548308 ], [ 39.292985398103532, 6.38421705262118 ], [ 39.260034496151029, 6.369388487617417 ], [ 39.254224297289348, 6.354919789480461 ], [ 39.257159330662141, 6.342260903650192 ], [ 39.240773856358601, 6.32852217933382 ], [ 39.225503393674835, 6.306724169417892 ], [ 39.218443163852548, 6.292125488638816 ], [ 39.227493380600642, 6.287625856638868 ], [ 39.259824144798664, 6.265897681816037 ], [ 39.289534779438149, 6.224391269806501 ], [ 39.320865452783856, 6.183794772133603 ], [ 39.333805664437705, 6.144658206211283 ], [ 39.333267382901091, 6.120352217610118 ], [ 39.347169013158954, 6.109430687685795 ], [ 39.356053606556365, 6.096739778556792 ], [ 39.343472793581654, 6.079661681734003 ], [ 39.348365738424697, 6.051476437946789 ], [ 39.370025446295486, 6.021673541473834 ], [ 39.369380286946587, 6.011710837476963 ], [ 39.376361054925731, 6.006634462310864 ], [ 39.376361014138233, 5.993943582452633 ], [ 39.381437919618847, 5.985059949347448 ], [ 39.382707104890486, 5.969830889506278 ], [ 39.39413016236302, 5.955870884411374 ], [ 39.408091693939433, 5.944449047988257 ], [ 39.409360883646002, 5.930489075176247 ], [ 39.424591672708218, 5.92668176331212 ], [ 39.43474548425619, 5.908914498614974 ], [ 39.447145474688313, 5.897492666953982 ], [ 39.463735249026549, 5.896505547093856 ], [ 39.468683960801563, 5.891062553264223 ], [ 39.46967367700897, 5.881661044040587 ], [ 39.465714670825705, 5.874238814739324 ], [ 39.460518498913096, 5.871764750292941 ], [ 39.458786422027664, 5.864837328973899 ], [ 39.453342807514211, 5.860384000928897 ], [ 39.448394029408988, 5.844549899564121 ], [ 39.455322206317696, 5.830695026364879 ], [ 39.452352942568979, 5.822035752381976 ], [ 39.457796535417145, 5.819314247059247 ], [ 39.461755505613645, 5.815355705636533 ], [ 39.462431807543652, 5.807610652515301 ], [ 39.454433394347049, 5.794485366013939 ], [ 39.456257683967699, 5.788539452902522 ], [ 39.477728140130509, 5.756742216927421 ], [ 39.501958673282644, 5.726554818531723 ], [ 39.524139168638492, 5.703266826284161 ], [ 39.547769763493925, 5.699747062492248 ], [ 39.615101542300501, 5.719535098005709 ], [ 39.649062401194378, 5.716665246946732 ], [ 39.684793262890196, 5.698626739309833 ], [ 39.704443694325207, 5.676498649456993 ], [ 39.715573883834985, 5.646591276570603 ], [ 39.703083490066732, 5.620663617378801 ], [ 39.678412764114292, 5.588106588725787 ], [ 39.664982319659252, 5.553909670841843 ], [ 39.682532661569951, 5.518692743279954 ], [ 39.703603168669588, 5.510133439260688 ], [ 39.738254056437647, 5.512323142804185 ], [ 39.774965006301812, 5.517042615206628 ], [ 39.801575684820783, 5.516952539751006 ], [ 39.841676675874005, 5.507183289219095 ], [ 39.871197376571743, 5.491694582978009 ], [ 39.897017962219614, 5.46795661625483 ], [ 39.91478831651753, 5.43550944512158 ], [ 39.942878938189089, 5.405102067302653 ], [ 39.979979856063402, 5.397172666904715 ], [ 40.01002062430635, 5.401212212704688 ], [ 40.034541236810085, 5.398152413599481 ], [ 40.064261935234171, 5.37991395182278 ], [ 40.098812762624227, 5.366245060621964 ], [ 40.135453669911982, 5.359235577462816 ], [ 40.175294658044614, 5.35474586238024 ], [ 40.209215516807866, 5.356915563778236 ], [ 40.241496365830322, 5.367444530476077 ], [ 40.277537279734069, 5.36953423522766 ], [ 40.311238147928528, 5.377673405222102 ], [ 40.370369660460383, 5.38777232393261 ], [ 40.533763830541794, 5.412009660427548 ], [ 40.549854283407647, 5.429038090285382 ], [ 40.564374724456975, 5.455265701934686 ], [ 40.581915231884679, 5.477303672652365 ], [ 40.606255888720611, 5.491642320695466 ], [ 40.633926701442533, 5.531418674932532 ], [ 40.680457896828266, 5.541987578489488 ], [ 40.695248348826496, 5.568515163457817 ], [ 40.753759900357593, 5.595742533069516 ], [ 40.812361492466906, 5.636248714863444 ], [ 40.833082074316955, 5.657236773786494 ], [ 40.865882929711049, 5.670355485536646 ], [ 40.923174403507723, 5.684714012142507 ], [ 40.875673640034158, 5.809223010163176 ], [ 40.879284346574643, 5.988826902210918 ], [ 40.87206440604227, 6.057070800787981 ], [ 40.867554366986099, 6.077938945926793 ], [ 40.870394498658925, 6.095797337039131 ], [ 40.867314495165758, 6.115065622426419 ], [ 40.867307774540691, 6.134948902863952 ], [ 40.868754660997212, 6.152582251021991 ], [ 40.878855043811996, 6.188958951992532 ], [ 40.882500342511179, 6.245628849330005 ], [ 40.880575376917889, 6.267791868421469 ], [ 40.865385189273269, 6.321537103208676 ], [ 40.862825221449583, 6.346994833417421 ], [ 40.8653153068298, 6.353554233421594 ], [ 40.861885252862614, 6.362383449301853 ], [ 40.857625241645913, 6.387181243090312 ], [ 40.861235520088265, 6.437466720601328 ], [ 40.886496289311239, 6.47338339533261 ], [ 40.900936800031737, 6.512899796081818 ], [ 40.937027855124683, 6.552416113252241 ], [ 40.990849405379997, 6.605491138469755 ], [ 41.016420198652938, 6.645807410069573 ], [ 41.072091760346545, 6.689143301738801 ], [ 41.072961803744391, 6.695572719836805 ], [ 41.131913262319394, 6.692502758609064 ], [ 41.157173835439835, 6.678133956343697 ], [ 41.175214214878508, 6.660175495888929 ], [ 41.229355421701193, 6.624258511018855 ], [ 41.3592784162757, 6.566783172515039 ], [ 41.380928953844737, 6.566783087315399 ], [ 41.438680298460291, 6.545224802193787 ], [ 41.528902210357892, 6.466201569154501 ], [ 41.620584060634911, 6.362990516377086 ], [ 41.634244509999156, 6.392657786933877 ], [ 41.657025140437689, 6.410446098586783 ], [ 41.68506588636356, 6.42540463742846 ], [ 41.691226056506274, 6.430684131673155 ], [ 41.705396501013595, 6.453672005181409 ], [ 41.739827610498878, 6.521165778775099 ], [ 41.758778158939052, 6.541793834143486 ], [ 41.799669229738988, 6.558722140188126 ], [ 41.8205597912511, 6.571730883123919 ], [ 41.854566334401518, 6.570163743827808 ], [ 41.861630656588758, 6.536598893484939 ], [ 41.888881318694047, 6.536603778355506 ], [ 41.937312576557972, 6.554431969782246 ], [ 42.000444265497748, 6.591098395681458 ], [ 42.004944408967063, 6.598877674163679 ] ] ] } },
{ "type": "Feature", "properties": { "shapeName": "Basketo", "shapeISO": "", "shapeID": "57463737B27385669654887", "shapeGroup": "ETH", "shapeType": "ADM2" }, "geometry": { "type": "Polygon", "coordinates": [ [ [ 36.686104908188867, 6.332890347179446 ], [ 36.674089846608979, 6.333955363884773 ], [ 36.658164772356898, 6.342290397990548 ], [ 36.670504885786649, 6.381920448357124 ], [ 36.649644781205666, 6.386860477102335 ], [ 36.626924631885295, 6.363280467109488 ], [ 36.612504571081033, 6.371350496101653 ], [ 36.599404487208581, 6.363510499617345 ], [ 36.586064405400464, 6.350370494057501 ], [ 36.574574334750714, 6.34322049405423 ], [ 36.564234285688663, 6.345740512245984 ], [ 36.543084195971367, 6.364380571331825 ], [ 36.536684162095121, 6.364745575669057 ], [ 36.529984115275361, 6.353080563489968 ], [ 36.528144093273959, 6.345020551497617 ], [ 36.52756908421803, 6.337990545509855 ], [ 36.524694058824764, 6.329810532547396 ], [ 36.516873998149372, 6.314600518041528 ], [ 36.50584393064306, 6.303300514872819 ], [ 36.476883750573492, 6.282540514054417 ], [ 36.471317726164699, 6.284558522851571 ], [ 36.46792369536989, 6.276310510278671 ], [ 36.457353628040636, 6.263170499841975 ], [ 36.449303564508327, 6.246110484540948 ], [ 36.445863532436967, 6.233900463697751 ], [ 36.441263505883285, 6.227900461910159 ], [ 36.427243420596376, 6.220510465910955 ], [ 36.423113395698394, 6.216820466771352 ], [ 36.425183388349623, 6.198390432316828 ], [ 36.423803368435621, 6.190100419270452 ], [ 36.41990333980015, 6.182260410606158 ], [ 36.413703299108974, 6.175570402972125 ], [ 36.405883259884568, 6.172330409576923 ], [ 36.399683213395605, 6.16057039217633 ], [ 36.399003201090494, 6.152280385918742 ], [ 36.40382321273578, 6.142840359977141 ], [ 36.411413255726949, 6.143080350054227 ], [ 36.419683297863251, 6.145630351872573 ], [ 36.437603405742898, 6.156250347654838 ], [ 36.449553475339286, 6.161560342540009 ], [ 36.46058353829352, 6.170100341572131 ], [ 36.481723665466511, 6.182790339364879 ], [ 36.494363731182595, 6.183500329311557 ], [ 36.504703777322, 6.178670307361256 ], [ 36.51711383974007, 6.176150294134633 ], [ 36.522393868787702, 6.17478027983588 ], [ 36.530458206636652, 6.175213944989348 ], [ 36.538943956921528, 6.178940270230282 ], [ 36.54698401197183, 6.187700273342477 ], [ 36.557554080285435, 6.201530290758132 ], [ 36.563984119138972, 6.205920284755739 ], [ 36.612014388854881, 6.218860255090251 ], [ 36.617074417878491, 6.219560247737651 ], [ 36.671304708723461, 6.228810199857786 ], [ 36.684044771217152, 6.227172182432909 ], [ 36.683024784146369, 6.239880202013939 ], [ 36.676364773803556, 6.260370248714601 ], [ 36.675674774256692, 6.268660262330586 ], [ 36.676374792808225, 6.277650273320495 ], [ 36.676144801222549, 6.285710287180458 ], [ 36.678214817706539, 6.294460297962315 ], [ 36.684654877412051, 6.311280315932542 ], [ 36.69005991849896, 6.324295331789239 ], [ 36.686104908188867, 6.332890347179446 ] ] ] } },
{ "type": "Feature", "properties": { "shapeName": "Bench Maji", "shapeISO": "", "shapeID": "57463737B29794193200035", "shapeGroup": "ETH", "shapeType": "ADM2" }, "geometry": { "type": "Polygon", "coordinates": [ [ [ 34.985719544335034, 6.300093767211897 ], [ 34.951875534130487, 6.26913200684317 ], [ 34.949715510809234, 6.253301975783763 ], [ 34.953065514105774, 6.238861945754831 ], [ 34.964825560761135, 6.213461889217808 ], [ 34.96676555944336, 6.202231867543868 ], [ 34.966455547370941, 6.185261833562597 ], [ 34.969705535392833, 6.155691775811826 ], [ 34.966335513950412, 6.145811760420767 ], [ 34.960655472973102, 6.136611748089408 ], [ 34.958185451014977, 6.128571731556351 ], [ 34.958705446671566, 6.121241716255533 ], [ 34.966125465887799, 6.091461651671505 ], [ 34.972855495968943, 6.08598163659678 ], [ 34.987995568647207, 6.068851588181977 ], [ 34.992735582672665, 6.055111561652737 ], [ 34.993350557271874, 6.019811489703129 ], [ 35.002705592667155, 6.003946452567162 ], [ 34.998575551684155, 5.983283913745526 ], [ 34.991845507319361, 5.971521395966349 ], [ 34.988315476437421, 5.955631368369819 ], [ 34.987555464467775, 5.946631347847069 ], [ 34.998015504555646, 5.925851300540492 ], [ 34.991775453216405, 5.902591257566003 ], [ 34.991640446761217, 5.89670124489751 ], [ 35.046990681436121, 5.81884603887678 ], [ 35.096345881391855, 5.731500821812841 ], [ 35.109545935310514, 5.709270766101932 ], [ 35.121815983100646, 5.69212072060686 ], [ 35.125618496092891, 5.684048199026192 ], [ 35.125695992355169, 5.67496068243067 ], [ 35.121395934814807, 5.629310584494583 ], [ 35.122020928986743, 5.621648070348864 ], [ 35.126915947444139, 5.616530557466768 ], [ 35.226756429242236, 5.550360336635979 ], [ 35.264621610610661, 5.523735245925854 ], [ 35.284051708846711, 5.512010207513929 ], [ 35.300991784859875, 5.497670164981299 ], [ 35.300256772693508, 5.491870151990771 ], [ 35.304841791742405, 5.477680114680758 ], [ 35.304026777838303, 5.466515094233481 ], [ 35.305006774459741, 5.459045076203914 ], [ 35.300551741173372, 5.446730051671536 ], [ 35.299906733970971, 5.43882503633018 ], [ 35.291296676779602, 5.426630017758165 ], [ 35.287881640944946, 5.403729970860646 ], [ 35.28786163320833, 5.391464943304387 ], [ 35.285816614849132, 5.384114927232133 ], [ 35.286326608815536, 5.377239914410266 ], [ 35.300861653748555, 5.333849804957945 ], [ 35.308821693110978, 5.330864791217121 ], [ 35.31659673492728, 5.33033978271642 ], [ 35.335416839931909, 5.334089775996249 ], [ 35.360101976503934, 5.348654791116737 ], [ 35.367612020442074, 5.350234788852787 ], [ 35.374792062735494, 5.354154792043005 ], [ 35.407263904214858, 5.36106311486865 ], [ 35.411093930927827, 5.365446456283554 ], [ 35.42709735443659, 5.373892294094164 ], [ 35.455430850309192, 5.392583144205668 ], [ 35.469464269177735, 5.407193166161226 ], [ 35.480402662781046, 5.412392331837422 ], [ 35.487687703812405, 5.414474833173734 ], [ 35.493282734926261, 5.413519822351252 ], [ 35.505767806530685, 5.419054827017947 ], [ 35.510907832220703, 5.418654822352126 ], [ 35.516557853909674, 5.415074809844569 ], [ 35.534082951907621, 5.418789804125923 ], [ 35.53985798031696, 5.415789792909474 ], [ 35.579428184508906, 5.415769760378246 ], [ 35.656458563847856, 5.382329622381745 ], [ 35.741169366555845, 5.371057335584048 ], [ 35.741668879580928, 5.407113672238965 ], [ 35.736566196891552, 5.54461564916808 ], [ 35.747122911920791, 5.605798481327504 ], [ 35.794760916654958, 5.660639446248945 ], [ 35.844825034647506, 5.671830301348768 ], [ 35.914613700960075, 5.663473296257449 ], [ 35.937689966122981, 5.655714896855572 ], [ 35.955035174744893, 5.670799897185308 ], [ 35.956181214903246, 5.71836797720889 ], [ 35.968587605694076, 5.749209411600651 ], [ 35.953045716013314, 5.782699717589059 ], [ 35.952805199184944, 5.827462444433136 ], [ 35.962310843595894, 5.877873685306701 ], [ 35.977457509995283, 5.918524067670058 ], [ 35.9675176128423, 5.947846502759986 ], [ 35.996720480566296, 5.97318681361342 ], [ 35.993780731958083, 5.999750244803341 ], [ 35.97394782818823, 6.048602262109533 ], [ 35.979373887439905, 6.078009372283133 ], [ 35.955530671256788, 6.093263126194338 ], [ 35.938207397683207, 6.120017478014021 ], [ 35.935690725674753, 6.128370832826292 ], [ 35.940320762629987, 6.141230851154814 ], [ 35.968680936086464, 6.162040860222353 ], [ 35.9756109825666, 6.170520865278186 ], [ 35.967820962213587, 6.190300910700822 ], [ 35.964860955922667, 6.202950934023653 ], [ 35.964874304966123, 6.21497428748511 ], [ 35.971111028735322, 6.238810987954315 ], [ 35.974036080673478, 6.274316047851211 ], [ 35.980561167340809, 6.320971119870096 ], [ 35.979911182182917, 6.341651159084517 ], [ 35.984791227580367, 6.356571175582183 ], [ 35.985996256351406, 6.379996214894875 ], [ 35.993061302852574, 6.390591222431759 ], [ 35.996961333535829, 6.400051236653174 ], [ 36.003851386453704, 6.409741247434784 ], [ 36.01993150481502, 6.439731274464779 ], [ 36.030961571251765, 6.450351285314737 ], [ 36.041771639117599, 6.456821279103264 ], [ 36.054881711611209, 6.461921277354479 ], [ 36.079491845397186, 6.465181257506821 ], [ 36.088231894954582, 6.467731250368749 ], [ 36.097431948395425, 6.471671248151067 ], [ 36.107772020618015, 6.482511253242873 ], [ 36.116962085443554, 6.495661263225853 ], [ 36.122252121936569, 6.508351278316472 ], [ 36.126842164478106, 6.520341287733625 ], [ 36.132812224793163, 6.544541319658321 ], [ 36.134412247228305, 6.559301344011295 ], [ 36.133492254094492, 6.568281357880551 ], [ 36.09086208382363, 6.622306492250837 ], [ 36.084682058915035, 6.632511515987158 ], [ 36.081002055926341, 6.645641541881959 ], [ 36.079727068963585, 6.659351561019543 ], [ 36.082582118775314, 6.693811615578563 ], [ 36.082122130058387, 6.705101631969239 ], [ 36.064162062056063, 6.728121687175056 ], [ 36.069672111396109, 6.749561712296392 ], [ 36.069777146615323, 6.779176753844349 ], [ 36.074952199521213, 6.79935178417743 ], [ 36.074482220190717, 6.816861807673381 ], [ 36.059282169390137, 6.848071873542102 ], [ 36.051902162363092, 6.877901923474174 ], [ 36.039692138192862, 6.911311985013147 ], [ 36.025182081341072, 6.929032034023271 ], [ 36.019652061400031, 6.937322052736311 ], [ 36.016077048127869, 6.94630706753793 ], [ 36.012262076374505, 6.984562126052268 ], [ 36.010192071879779, 6.992392140878155 ], [ 36.006502058237295, 7.001612154967754 ], [ 35.996592026499485, 7.01681219251445 ], [ 35.981371986753075, 7.055042262798945 ], [ 35.963481925301132, 7.085322324619139 ], [ 35.954961887287844, 7.092702346204394 ], [ 35.947841861501409, 7.102842370326001 ], [ 35.935181795496412, 7.109322396022423 ], [ 35.922161735621955, 7.120432426791737 ], [ 35.914201685868889, 7.115152426226661 ], [ 35.876561463446301, 7.100592450131997 ], [ 35.869631419372297, 7.096482451504489 ], [ 35.86637138676106, 7.085002442334507 ], [ 35.867481375831218, 7.068462412329922 ], [ 35.879811404412834, 7.034702352781395 ], [ 35.867591328820829, 7.026642354886085 ], [ 35.856511266645199, 7.022782364829762 ], [ 35.847951206653441, 7.013162357462877 ], [ 35.842891510692098, 6.998199233327597 ], [ 35.822926405269527, 7.035374895331267 ], [ 35.839155720759884, 7.06717011653441 ], [ 35.815598188123417, 7.076397752388297 ], [ 35.789982360874887, 7.043364435772622 ], [ 35.778422846796332, 7.016295247908676 ], [ 35.751336967010438, 7.026669411765969 ], [ 35.715093608206409, 7.002948869350183 ], [ 35.690397046849526, 6.989465753349745 ], [ 35.691215338188151, 7.009452530405452 ], [ 35.698280385216883, 7.021952540202176 ], [ 35.721640548239243, 7.046232546727405 ], [ 35.729280602561062, 7.059992558460012 ], [ 35.72330057849581, 7.067592577986106 ], [ 35.708560506849118, 7.074302604663461 ], [ 35.709270516541977, 7.083262618241832 ], [ 35.715750561136531, 7.090822621211334 ], [ 35.719470596504479, 7.10276262939233 ], [ 35.712810573103546, 7.114962659738853 ], [ 35.69722053386694, 7.154302730955562 ], [ 35.671285190187149, 7.207659287205314 ], [ 35.664932412623045, 7.209888846803958 ], [ 35.647020304443906, 7.198592849329082 ], [ 35.633860220841122, 7.194272862011101 ], [ 35.620240147100667, 7.193162873872283 ], [ 35.60829307327019, 7.188554881580761 ], [ 35.569219848696463, 7.184362918278722 ], [ 35.547279725883399, 7.178232930770127 ], [ 35.531109621084312, 7.167482938087859 ], [ 35.517479536645588, 7.162002945943738 ], [ 35.455179198657113, 7.169083020033 ], [ 35.437399095033932, 7.16362303007105 ], [ 35.430699051638143, 7.159963030782745 ], [ 35.430899029208227, 7.141573003890616 ], [ 35.433869033950799, 7.128472983060488 ], [ 35.417468930249186, 7.119092988861229 ], [ 35.399018832206245, 7.123743011983963 ], [ 35.381109910834759, 7.124037492999235 ], [ 35.3725266498083, 7.118198260989143 ], [ 35.355302354212967, 7.11970018028623 ], [ 35.331539740860883, 7.12830840613878 ], [ 35.314361344394555, 7.116470976202636 ], [ 35.30064684234123, 7.116990009191967 ], [ 35.280623914866283, 7.130596413795017 ], [ 35.265378648729033, 7.137448140066085 ], [ 35.235215979039751, 7.139146960731712 ], [ 35.219168402369391, 7.109250721288419 ], [ 35.205319197385471, 7.100832813543093 ], [ 35.11501967654015, 7.103363768329956 ], [ 35.084462769694852, 7.126058107087011 ], [ 35.05466554924665, 7.18547516013204 ], [ 35.021564612451876, 7.186993392986363 ], [ 35.011637847619149, 7.195922954553737 ], [ 34.978645031124756, 7.214484794557851 ], [ 34.970909901303209, 7.23523553909201 ], [ 34.966371288500255, 7.216283474044743 ], [ 34.943198687677082, 7.194119505717397 ], [ 34.898841511807966, 7.186002650082927 ], [ 34.891339346447211, 7.160550595989429 ], [ 34.893420713527703, 7.09272468856689 ], [ 34.877830136386912, 7.071012305721175 ], [ 34.885088324536902, 7.031985106445989 ], [ 34.902829355787539, 7.032140825571328 ], [ 34.912073911604537, 6.989383692202311 ], [ 34.946457109127735, 6.945364036764193 ], [ 34.974707498421651, 6.926400288909815 ], [ 34.998633253913702, 6.894101253596604 ], [ 34.993114719321696, 6.865271046823755 ], [ 34.96974397071007, 6.860504838198315 ], [ 34.94638700472462, 6.827780656018591 ], [ 34.934409663148287, 6.797539041363279 ], [ 34.986120851222978, 6.7994482958502 ], [ 35.043662800916394, 6.811741846351022 ], [ 35.080613819191889, 6.812043296466113 ], [ 35.147529682847818, 6.762343890948189 ], [ 35.180313714209795, 6.728616637002463 ], [ 35.178974277789159, 6.710874398756322 ], [ 35.198416653486419, 6.681472051213491 ], [ 35.188254433930979, 6.657750794114606 ], [ 35.187004429296564, 6.628187877917501 ], [ 35.196096937502375, 6.598704119933758 ], [ 35.187535660873301, 6.558741670137866 ], [ 35.186331695351022, 6.491021949057997 ], [ 35.174605287148587, 6.467797770503119 ], [ 35.18738157713571, 6.445551192253302 ], [ 35.200219667049396, 6.412183608525858 ], [ 35.179253452511631, 6.380550143519316 ], [ 35.165539238859949, 6.384051591753823 ], [ 35.14417461000297, 6.39902587113335 ], [ 35.132256836158213, 6.396776142324143 ], [ 35.11967286405482, 6.347749074318211 ], [ 35.106859764248327, 6.320192708631811 ], [ 35.08419558120481, 6.319344559523528 ], [ 35.074213672740946, 6.308698965265162 ], [ 35.039018853339009, 6.305915724849877 ], [ 35.012039436040126, 6.281550931800648 ], [ 34.985719544335034, 6.300093767211897 ] ] ] } },
{ "type": "Feature", "properties": { "shapeName": "Borena", "shapeISO": "", "shapeID": "57463737B436520794921", "shapeGroup": "ETH", "shapeType": "ADM2" }, "geometry": { "type": "Polygon", "coordinates": [ [ [ 38.297403270145097, 6.41697501309182 ], [ 38.283683151088013, 6.438748345891466 ], [ 38.26090306025187, 6.453428395398162 ], [ 38.2464130121949, 6.469498437274861 ], [ 38.222272881768056, 6.462368468019403 ], [ 38.216322146251642, 6.464738576942671 ], [ 38.171442615727784, 6.451098529377343 ], [ 38.156042524126505, 6.440528541794959 ], [ 38.144311481697301, 6.459462726242378 ], [ 38.150504133492745, 6.497856659540038 ], [ 38.140100588352674, 6.507269383950527 ], [ 38.115330200748723, 6.500829146350938 ], [ 38.101954215701241, 6.513957417512035 ], [ 38.091550676072579, 6.527333387222972 ], [ 38.052413490264428, 6.536003045688934 ], [ 38.034331153357655, 6.562754981326655 ], [ 38.016744204677273, 6.576874070275548 ], [ 37.997671012400517, 6.576874098207011 ], [ 37.984221718035265, 6.558202590647555 ], [ 37.969582350985419, 6.55021753916366 ], [ 37.953479060722131, 6.550882985524241 ], [ 37.933516313260384, 6.55846883484361 ], [ 37.919276237411573, 6.575636762214789 ], [ 37.913427360797023, 6.591928445986446 ], [ 37.893590853585948, 6.597329582184396 ], [ 37.872297225066909, 6.583488819586352 ], [ 37.843291119285297, 6.542949121734415 ], [ 37.815407785017669, 6.511838714111177 ], [ 37.808587744906909, 6.501922975044989 ], [ 37.800738658098496, 6.479451239637382 ], [ 37.797098532369347, 6.450732495150775 ], [ 37.79826850781869, 6.430513374208143 ], [ 37.808648629031495, 6.411454177134208 ], [ 37.820408782387453, 6.394704877616095 ], [ 37.840899071632279, 6.3800254641553 ], [ 37.849019096228162, 6.332947494071627 ], [ 37.851099119011714, 6.328127694707448 ], [ 37.852969099226208, 6.306068647705906 ], [ 37.848858976553757, 6.280109785381737 ], [ 37.841078786142241, 6.249541127752248 ], [ 37.826379836240278, 6.222024089032991 ], [ 37.810610465182229, 6.197388710803112 ], [ 37.791345241392847, 6.17375909375609 ], [ 37.778907593926071, 6.150895535995912 ], [ 37.775507487913586, 6.125156660364535 ], [ 37.776548379501129, 6.114877611833221 ], [ 37.778537476461587, 6.099427770000776 ], [ 37.785947544252537, 6.073938857274539 ], [ 37.790587566917999, 6.050749852182563 ], [ 37.783987381722071, 6.011911543981546 ], [ 37.792297479976284, 5.997222164864048 ], [ 37.804548083848196, 5.994491623034675 ], [ 37.814137825613123, 5.999102035778594 ], [ 37.827908066856097, 6.011301484663761 ], [ 37.843778323899528, 6.012251403976111 ], [ 37.857358514108796, 6.000321895688645 ], [ 37.866348627425765, 5.987942409044662 ], [ 37.881298858315631, 5.986352447958526 ], [ 37.895799063838041, 5.975812872927791 ], [ 37.90478917255134, 5.961823459691372 ], [ 37.923639474280151, 5.961393444093654 ], [ 37.953509945414694, 5.964663239656256 ], [ 37.969390182492077, 5.957333523579257 ], [ 37.978400259546866, 5.929094725206771 ], [ 37.979810239490867, 5.908895597824351 ], [ 37.983290254970065, 5.889146447400438 ], [ 38.007950560475265, 5.850598068194723 ], [ 38.01309054697829, 5.805600004599365 ], [ 38.020690638471621, 5.791370599597522 ], [ 38.04003090612288, 5.773721330216901 ], [ 38.054971123397564, 5.765481656879921 ], [ 38.072895333226221, 5.76389190363543 ], [ 38.089701621703007, 5.746942385489011 ], [ 38.087901550965228, 5.722593440931686 ], [ 38.075981392787867, 5.690279926560074 ], [ 38.041630908495492, 5.674987630625154 ], [ 38.024890808938409, 5.661407629578849 ], [ 38.008830715889481, 5.651497639615708 ], [ 37.978280571935372, 5.650747672061763 ], [ 37.944334568987713, 5.640808234078454 ], [ 37.930988890650752, 5.618018278529898 ], [ 37.941942713519062, 5.586454249416306 ], [ 37.942348970455448, 5.569800337563683 ], [ 37.948629013912765, 5.539041655600148 ], [ 37.950068973864923, 5.508952955000216 ], [ 37.947628873887126, 5.475644393589 ], [ 37.941028724248206, 5.451285456762077 ], [ 37.936038591619123, 5.424396631039004 ], [ 37.920087580271428, 5.39734305759954 ], [ 37.902025651947447, 5.374615609591769 ], [ 37.89718785314443, 5.351249856683748 ], [ 37.905587899809959, 5.305331819796196 ], [ 37.905197848062734, 5.280752876419501 ], [ 37.901632435002576, 5.246233385515037 ], [ 37.885898262764414, 5.235690280250879 ], [ 37.853469465623299, 5.236027124397592 ], [ 37.827939357047185, 5.251117184861115 ], [ 37.810889298479552, 5.269677237368105 ], [ 37.793419226760179, 5.275597268370365 ], [ 37.773639139963535, 5.284727309182947 ], [ 37.747939004993114, 5.277987322278283 ], [ 37.729748938563581, 5.293557371139982 ], [ 37.701688814051479, 5.30725742921417 ], [ 37.675038689964936, 5.30901746179196 ], [ 37.64751359133799, 5.300662053614269 ], [ 37.638093683106959, 5.284543200558401 ], [ 37.630541945552423, 5.267387461533756 ], [ 37.580636218432048, 5.249056897531969 ], [ 37.578659599750829, 5.24376886204256 ], [ 37.552158006246657, 5.23530747101267 ], [ 37.518667833893346, 5.221857479111757 ], [ 37.492077680863382, 5.204297478140011 ], [ 37.466387547596113, 5.194557484918262 ], [ 37.418017279838622, 5.167937486458706 ], [ 37.367977023638474, 5.156487518198104 ], [ 37.341536904465357, 5.160987556926891 ], [ 37.31804679946282, 5.174917608834734 ], [ 37.29315670128053, 5.195747673824038 ], [ 37.238906438022155, 5.200817741885648 ], [ 37.217706346566118, 5.214067790677857 ], [ 37.19795624724857, 5.21169780719941 ], [ 37.182626160435817, 5.195307795447324 ], [ 37.146105970303338, 5.190327818310007 ], [ 37.113025807686554, 5.187657850651608 ], [ 37.082915656995475, 5.187767881765481 ], [ 37.004104248351275, 5.200467422893587 ], [ 36.9838926419459, 5.193797411111486 ], [ 36.949758569722484, 5.196071526626292 ], [ 36.922019099643073, 5.146520059720745 ], [ 36.89376154480842, 5.111180341156421 ], [ 36.882976069596744, 5.076379351389606 ], [ 36.861498649764236, 4.980171580145112 ], [ 36.865588304376821, 4.945605756156313 ], [ 36.861639126845155, 4.936473290251293 ], [ 36.864265182550938, 4.794460229927432 ], [ 36.855528732343338, 4.737485467385858 ], [ 36.829268636826136, 4.71060308465571 ], [ 36.647193726585883, 4.712185470000215 ], [ 36.681626439484162, 4.605738392867352 ], [ 36.658317005752316, 4.581813591172959 ], [ 36.713367776913891, 4.440700662458827 ], [ 36.839585793921017, 4.445404131843223 ], [ 36.86726650769058, 4.43324514095328 ], [ 36.896317268472288, 4.426350682727234 ], [ 36.95052867521138, 4.40567071337856 ], [ 36.956938828995675, 4.398143021866847 ], [ 36.970529187349207, 4.395953184375246 ], [ 36.982229492381073, 4.390678621466285 ], [ 36.986174586510003, 4.38674395794142 ], [ 36.997839884578447, 4.380366988942266 ], [ 37.040186265396187, 4.363183155116777 ], [ 37.059257728099524, 4.344495174173429 ], [ 37.085576362198587, 4.326951339328264 ], [ 37.10502923966709, 4.300254239318993 ], [ 37.124482137149066, 4.284235963800846 ], [ 37.162243678415933, 4.271650133245096 ], [ 37.191217933881106, 4.255636098756387 ], [ 37.248881239367194, 4.21899306595433 ], [ 37.268186722062943, 4.205169234862757 ], [ 37.330278295522511, 4.165727551238774 ], [ 37.354438898839234, 4.148299025057948 ], [ 37.4019100945237, 4.119661428260463 ], [ 37.51051282230884, 4.048124649512927 ], [ 37.51677298161016, 4.040918076557595 ], [ 37.531283346437235, 4.032818759911325 ], [ 37.554523919589151, 4.013750375548877 ], [ 37.577819511054898, 4.000116518583648 ], [ 37.586174714357078, 3.992102205915262 ], [ 37.597985012261631, 3.986522669859544 ], [ 37.631800859258817, 3.963959570754196 ], [ 37.637931005536139, 3.954600378574765 ], [ 37.670546823042123, 3.934467069308605 ], [ 37.710707826203148, 3.906369446499704 ], [ 37.74076857826816, 3.888420953808048 ], [ 37.783489645517903, 3.857073615147228 ], [ 37.834460916541758, 3.824816333990325 ], [ 37.901012575125279, 3.77920018992035 ], [ 37.917382988114944, 3.770025961889603 ], [ 37.930193301742683, 3.760611754971992 ], [ 37.966964225093001, 3.739973495795403 ], [ 37.985964704745363, 3.730619276659434 ], [ 37.996709980192875, 3.727834495466895 ], [ 38.003350146380569, 3.723744842603786 ], [ 38.006075203845164, 3.716775448049963 ], [ 38.013798728563188, 3.710149344551468 ], [ 38.014670403890833, 3.703699069845912 ], [ 38.045676154857247, 3.671064359919506 ], [ 38.05164963910525, 3.668996200531316 ], [ 38.097622440244614, 3.632922596336859 ], [ 38.121098013346362, 3.610024555871364 ], [ 38.126988161941789, 3.608367188960329 ], [ 38.133818341264885, 3.610769467116474 ], [ 38.144653622232504, 3.61085943947107 ], [ 38.181779602587156, 3.618978665694534 ], [ 38.189274795390496, 3.619483605308751 ], [ 38.254241472172176, 3.613534012909677 ], [ 38.278432100354806, 3.613443975438208 ], [ 38.323176773028685, 3.61069078731507 ], [ 38.342503750490287, 3.607704368146845 ], [ 38.438016845774335, 3.602783977869531 ], [ 38.449575886984697, 3.627978922962765 ], [ 38.477012231191267, 3.612428708600976 ], [ 38.511828153804672, 3.624437596532616 ], [ 38.518178318917101, 3.627847286998733 ], [ 38.517718332653338, 3.641281116110326 ], [ 38.514421596429344, 3.648498821549644 ], [ 38.522343474772477, 3.651860182088879 ], [ 38.533578768026956, 3.65422994982672 ], [ 38.544714028488052, 3.640538630654501 ], [ 38.552844210940222, 3.624997477187041 ], [ 38.552149181518516, 3.618983005804827 ], [ 38.554029221912117, 3.614083425287445 ], [ 38.569074597646043, 3.608278909379944 ], [ 38.573264701688423, 3.604894197837194 ], [ 38.596975315627418, 3.606004052466591 ], [ 38.610567341483957, 3.612653449656022 ], [ 38.611205678584632, 3.605354087158914 ], [ 38.656016814594167, 3.595529863002271 ], [ 38.663247000895744, 3.596404773141532 ], [ 38.66947717745667, 3.605353981267872 ], [ 38.671387237777367, 3.610748505023833 ], [ 38.670067212426069, 3.616183033073705 ], [ 38.671202251361777, 3.621302581640921 ], [ 38.67869577932283, 3.6230724127543 ], [ 38.684372584261482, 3.618827772087959 ], [ 38.691447742280495, 3.605108961594567 ], [ 38.706608095972015, 3.584020777595974 ], [ 38.709338149306703, 3.576471436095587 ], [ 38.71323323801019, 3.570626937605375 ], [ 38.829726164146003, 3.533739954960088 ], [ 38.837116348161452, 3.533294983468573 ], [ 38.857716868219235, 3.527390463937543 ], [ 38.896747841806622, 3.513051643374825 ], [ 38.908483136953919, 3.511191788152185 ], [ 38.947709144219857, 3.514401433170615 ], [ 38.963549578691811, 3.529770058204093 ], [ 38.984060091622972, 3.521850717652866 ], [ 39.002510562696678, 3.522460628263918 ], [ 39.016120893437815, 3.514321318878277 ], [ 39.025056138794561, 3.523465500209039 ], [ 39.032231328734483, 3.526050262585964 ], [ 39.047651714439922, 3.523070494041104 ], [ 39.066537209223647, 3.529444903944 ], [ 39.081672612328532, 3.540158933383998 ], [ 39.093702908239493, 3.535509322788054 ], [ 39.221336287274561, 3.604003073355383 ], [ 39.285537957131098, 3.62460114073859 ], [ 39.400461207828947, 3.797165750311853 ], [ 39.48369362049376, 3.943492692674219 ], [ 39.500524094329329, 3.96722056851441 ], [ 39.479123713406238, 4.04181403620316 ], [ 39.509944652470097, 4.115897439660373 ], [ 39.529635265745959, 4.168212777018547 ], [ 39.540535701134914, 4.236636711080569 ], [ 39.567816454273498, 4.266054054582558 ], [ 39.586627008348209, 4.298001186389776 ], [ 39.619668006074797, 4.369924752237748 ], [ 39.642908754387179, 4.437388731265452 ], [ 39.656439176764209, 4.470335791222182 ], [ 39.675499747359389, 4.506632529663181 ], [ 39.691000234113197, 4.544729116320225 ], [ 39.704120623345887, 4.569606888693327 ], [ 39.710680867227978, 4.598804282125994 ], [ 39.717861091870461, 4.617112646033402 ], [ 39.725981340956068, 4.634491085271448 ], [ 39.740561761316584, 4.656159128067785 ], [ 39.746751949840515, 4.668008062246701 ], [ 39.744412038001137, 4.724903029078849 ], [ 39.692470573613122, 4.666788305014466 ], [ 39.662439791191716, 4.656939257322584 ], [ 39.63923217838181, 4.66435164967127 ], [ 39.618708730876818, 4.678827429189024 ], [ 39.594888138786445, 4.682987123759482 ], [ 39.574747669469339, 4.69956570754355 ], [ 39.546806988567972, 4.710164840423875 ], [ 39.524136438352961, 4.720993939319869 ], [ 39.496530750804418, 4.727328442448559 ], [ 39.467525004438784, 4.725193707187302 ], [ 39.434974175608033, 4.724993803418262 ], [ 39.409323556591467, 4.73996254915762 ], [ 39.385733008463362, 4.760450794723638 ], [ 39.369252631822789, 4.777709309701534 ], [ 39.364022562517533, 4.803927006170883 ], [ 39.36199257392191, 4.82876481165546 ], [ 39.351932371559442, 4.84924302526659 ], [ 39.324671718743794, 4.865601648171942 ], [ 39.29899107777085, 4.871151227726251 ], [ 39.271930377137046, 4.868641515700676 ], [ 39.245559711987248, 4.873961117477891 ], [ 39.215988987693017, 4.886410087917449 ], [ 39.190548380685009, 4.904378568126501 ], [ 39.164111130556222, 4.937523746601822 ], [ 39.16150613297787, 4.94265833579968 ], [ 39.147957424723607, 4.957323992390536 ], [ 39.123926912096358, 4.998070457008648 ], [ 39.108826599615938, 5.027757869410396 ], [ 39.105706569466044, 5.046236247425985 ], [ 39.085676054503807, 5.04618630362592 ], [ 39.078565875567705, 5.047576201769961 ], [ 39.052415233418834, 5.060255143916238 ], [ 39.027884653852041, 5.078003642089428 ], [ 38.995160160644637, 5.128047595780346 ], [ 38.967143246128266, 5.138578449493143 ], [ 38.93255243420483, 5.126268453710097 ], [ 38.908551654171596, 5.10918120342752 ], [ 38.903484714207593, 5.114530389510651 ], [ 38.898749070669112, 5.122482917466817 ], [ 38.890654742314119, 5.126915047113267 ], [ 38.888534816817668, 5.134623067186342 ], [ 38.875815189091341, 5.153315036874302 ], [ 38.866660897303554, 5.161215776058733 ], [ 38.863288272888788, 5.167767597972408 ], [ 38.855579366348117, 5.163528209750393 ], [ 38.840772509288797, 5.169583826226992 ], [ 38.838809599360602, 5.174827773748487 ], [ 38.841125233816143, 5.180871281826875 ], [ 38.841896146024126, 5.189478562578123 ], [ 38.834187271912207, 5.197443532087557 ], [ 38.828940099275918, 5.213336178360887 ], [ 38.834350093780976, 5.243669516451574 ], [ 38.827472645504919, 5.257294307407616 ], [ 38.821309850731723, 5.28142622064719 ], [ 38.805029478388761, 5.2980147980857 ], [ 38.790109098423805, 5.302174465836056 ], [ 38.775721782890223, 5.310807663884352 ], [ 38.771318691840541, 5.33166191335789 ], [ 38.756878385273239, 5.356999712532088 ], [ 38.734167859309146, 5.378667866628842 ], [ 38.715367439005966, 5.405625536906955 ], [ 38.700717151606085, 5.43764274496761 ], [ 38.699147177238252, 5.462280573795301 ], [ 38.715267648803035, 5.480678902016998 ], [ 38.734368178693266, 5.494467634212024 ], [ 38.74359848105636, 5.515865714808133 ], [ 38.739068464246316, 5.551092616853325 ], [ 38.726885273785008, 5.58477199635792 ], [ 38.712737933057255, 5.606157822603303 ], [ 38.691837411037568, 5.61515708202132 ], [ 38.659878398404423, 5.638200086633154 ], [ 38.633165966130825, 5.649038826244626 ], [ 38.614819764359659, 5.647959813446926 ], [ 38.592156797648677, 5.642564554546184 ], [ 38.560860309912982, 5.631773996237846 ], [ 38.533880598567045, 5.629615942978817 ], [ 38.510138460400078, 5.63069507405949 ], [ 38.492871484853296, 5.64364390014267 ], [ 38.469129413214851, 5.668462456131083 ], [ 38.449704091490176, 5.692201935737208 ], [ 38.431357981988135, 5.724573931389104 ], [ 38.413011818382046, 5.737522760143337 ], [ 38.395744783706945, 5.729969356607781 ], [ 38.37739854940277, 5.71809969583583 ], [ 38.354735649197615, 5.737522926416481 ], [ 38.337468659594684, 5.746155493562349 ], [ 38.326676804276381, 5.755867107529301 ], [ 38.318043364100504, 5.779606557477915 ], [ 38.314805882223169, 5.808741316885226 ], [ 38.313726792951954, 5.843271393617674 ], [ 38.311215244923773, 5.865036200705974 ], [ 38.30457242023973, 5.862767561415333 ], [ 38.271252267811661, 5.869847621035093 ], [ 38.255322180625377, 5.859832625443126 ], [ 38.240052085630587, 5.845697629756614 ], [ 38.224202001472015, 5.839937636176161 ], [ 38.208811928158369, 5.841517659262597 ], [ 38.199211896122051, 5.850777688775156 ], [ 38.200520137181137, 5.866124163815193 ], [ 38.209704659255863, 5.880381968892969 ], [ 38.215632033624395, 5.894567730574558 ], [ 38.212612055552135, 5.917987767137052 ], [ 38.204552041044074, 5.936337801355276 ], [ 38.181791936363219, 5.942967846287286 ], [ 38.170971911060079, 5.958337879412282 ], [ 38.160141896454228, 5.986337938128213 ], [ 38.151161868123367, 6.001717967426596 ], [ 38.139651826112342, 6.011577998880301 ], [ 38.122411756115397, 6.017988033685581 ], [ 38.117311773258265, 6.051508085694866 ], [ 38.105801738934957, 6.067338127023131 ], [ 38.100961736983599, 6.078578147358761 ], [ 38.099411739150206, 6.08838316077241 ], [ 38.080681689890113, 6.118288230078453 ], [ 38.087546889467639, 6.162342211355045 ], [ 38.103120416181937, 6.181744062507653 ], [ 38.117822959332884, 6.16835404772429 ], [ 38.125883059747686, 6.156424544776748 ], [ 38.142203312140254, 6.155754544419728 ], [ 38.15921359211157, 6.160824279448489 ], [ 38.171853805950427, 6.168183935687338 ], [ 38.188217590348309, 6.183505694518122 ], [ 38.198742393330051, 6.207728185900759 ], [ 38.194132397448676, 6.227468210519933 ], [ 38.179872344143817, 6.239628250278269 ], [ 38.172732337460843, 6.256618281065053 ], [ 38.174562359891674, 6.268098296817914 ], [ 38.182592429073729, 6.285558304072058 ], [ 38.189242491916993, 6.30553831796113 ], [ 38.198398971504083, 6.320286461500718 ], [ 38.214714844880874, 6.331456732738173 ], [ 38.232185115155872, 6.332386656132359 ], [ 38.2494253960256, 6.337561393429815 ], [ 38.27333580116953, 6.349165827852237 ], [ 38.289053662407561, 6.361121651287927 ], [ 38.294053104918639, 6.373318250703744 ], [ 38.29358313304467, 6.397198277484918 ], [ 38.297403270145097, 6.41697501309182 ] ] ] } },
{ "type": "Feature", "properties": { "shapeName": "Central", "shapeISO": "", "shapeID": "57463737B39814221548700", "shapeGroup": "ETH", "shapeType": "ADM2" }, "geometry": { "type": "Polygon", "coordinates": [ [ [ 39.247629976941852, 14.405912320767998 ], [ 39.240621008275383, 14.412175933601505 ], [ 39.232658019445218, 14.431337285000291 ], [ 39.225048988085661, 14.443900028642615 ], [ 39.221868292686075, 14.454374444896027 ], [ 39.219997299129197, 14.478757695786646 ], [ 39.215345677370863, 14.483420384066228 ], [ 39.209351746800223, 14.493623110106324 ], [ 39.217573771661549, 14.496642587243841 ], [ 39.228770503770676, 14.512218667522038 ], [ 39.232319115496189, 14.5197353556864 ], [ 39.233180270489392, 14.540881382381411 ], [ 39.239408308577175, 14.548212710553948 ], [ 39.240993707357823, 14.556231892037852 ], [ 39.239026481502854, 14.561247305549074 ], [ 39.23949808786255, 14.566446940288101 ], [ 39.234048625790216, 14.5687271126833 ], [ 39.22733349489873, 14.568783243930492 ], [ 39.222402931692287, 14.573022814152516 ], [ 39.221850947312333, 14.580132748740343 ], [ 39.216736552786379, 14.592033229807754 ], [ 39.208918454492959, 14.603874105807829 ], [ 39.201188786649737, 14.611598758819422 ], [ 39.178542994944017, 14.619091353216458 ], [ 39.15831540416675, 14.620838670117525 ], [ 39.125528629837298, 14.613992071748012 ], [ 39.114816839186879, 14.61818451688004 ], [ 39.105246125550188, 14.630591965486646 ], [ 39.098460045898612, 14.633932856691557 ], [ 39.087705164735887, 14.6338979641805 ], [ 39.081600263436577, 14.637073428669371 ], [ 39.076192041197316, 14.633976062761612 ], [ 39.068360937929221, 14.634282595401567 ], [ 39.062333109738326, 14.636836491902756 ], [ 39.056055636903466, 14.636746830738737 ], [ 39.049280810537432, 14.636049676447522 ], [ 39.042256878747445, 14.632192545824457 ], [ 39.029530655445399, 14.635026695464141 ], [ 39.02438103300031, 14.632929817097805 ], [ 39.015148351915286, 14.624430254097991 ], [ 39.009330225179369, 14.61680015015385 ], [ 39.013535694654024, 14.60401135171656 ], [ 39.01082529406581, 14.590839305893901 ], [ 39.002030881701224, 14.586342443242117 ], [ 38.994723355522105, 14.566154791287717 ], [ 38.981793445007668, 14.553264015887258 ], [ 38.975593786989847, 14.542164526378018 ], [ 38.968166646476327, 14.539036271304084 ], [ 38.961232163408738, 14.538741686378501 ], [ 38.955002038885226, 14.536563791424786 ], [ 38.950497417913397, 14.531707752276164 ], [ 38.938126789285846, 14.532655670335522 ], [ 38.921828140377677, 14.511880682996969 ], [ 38.905736107710716, 14.501764073515469 ], [ 38.865089326320245, 14.494618888911328 ], [ 38.849251727122976, 14.496259659243719 ], [ 38.836043877731321, 14.485852734620147 ], [ 38.825320205946262, 14.482541734843078 ], [ 38.817605967799473, 14.482466244017061 ], [ 38.816019191300086, 14.474909768215204 ], [ 38.802547398328834, 14.468890327479604 ], [ 38.794896550178862, 14.463793926172841 ], [ 38.775705611853923, 14.467462039690011 ], [ 38.759779813726425, 14.46520170554003 ], [ 38.751035550561532, 14.465655931182168 ], [ 38.731402456053068, 14.459471748611422 ], [ 38.716621514908631, 14.46156729189747 ], [ 38.703797012019251, 14.465863112570627 ], [ 38.688073889486787, 14.460768405713969 ], [ 38.67595174019268, 14.453567061629535 ], [ 38.670784009765867, 14.453252614283258 ], [ 38.665762208822684, 14.450993527110411 ], [ 38.662495921973331, 14.446051400124791 ], [ 38.655070810485007, 14.445570003863525 ], [ 38.647621394085412, 14.441754908270994 ], [ 38.639976620519612, 14.440065555139734 ], [ 38.632127469094222, 14.441116750805042 ], [ 38.616626448832896, 14.434107097182746 ], [ 38.609171074254306, 14.439217565778147 ], [ 38.602144627152761, 14.439875889906656 ], [ 38.572932940455523, 14.433536418956681 ], [ 38.561910076077837, 14.426615830916974 ], [ 38.555504715810272, 14.42627091455708 ], [ 38.549956463747144, 14.422843624083763 ], [ 38.544488937519731, 14.423103592533474 ], [ 38.538202330551506, 14.420719156319064 ], [ 38.521807343271433, 14.411444264531085 ], [ 38.516708271062051, 14.405659715194709 ], [ 38.506886053181312, 14.413832632357659 ], [ 38.499411748263341, 14.412518946589071 ], [ 38.484547516943657, 14.418775708397963 ], [ 38.478443344336561, 14.417159155038329 ], [ 38.473140149798539, 14.4136349422895 ], [ 38.457032576286871, 14.410025482882963 ], [ 38.448259588170501, 14.410997260117258 ], [ 38.443587189682162, 14.416720291458853 ], [ 38.443508628925841, 14.422795492410463 ], [ 38.439577505625678, 14.427351260552539 ], [ 38.433021891795839, 14.428577810796105 ], [ 38.431577430589293, 14.422422750566637 ], [ 38.432606160321583, 14.415823370180886 ], [ 38.430159916801884, 14.409113489750409 ], [ 38.442341651110695, 14.381095213549518 ], [ 38.445584595911733, 14.376760538340857 ], [ 38.44819682076276, 14.35636865064339 ], [ 38.445748570686725, 14.351463255352474 ], [ 38.447244156409198, 14.346427599476645 ], [ 38.451352967283036, 14.34115579986581 ], [ 38.453504052008171, 14.332419064999876 ], [ 38.475160096402732, 14.322410741538269 ], [ 38.472873813254566, 14.314710984103506 ], [ 38.47383251437801, 14.308655758785795 ], [ 38.47936544835737, 14.308944738084337 ], [ 38.486937283511956, 14.299930965306084 ], [ 38.492994622089682, 14.302092164375715 ], [ 38.500624473491847, 14.301039144568849 ], [ 38.503450839609016, 14.294049219304242 ], [ 38.503166518497537, 14.286445392003641 ], [ 38.508913905282419, 14.280383944725871 ], [ 38.528655802382524, 14.272848547208589 ], [ 38.530495837180993, 14.266963619352389 ], [ 38.527807496827393, 14.262419696858142 ], [ 38.530695665374267, 14.257373418239537 ], [ 38.532060805769561, 14.250382264437592 ], [ 38.536643689406461, 14.245461467417572 ], [ 38.553256656495883, 14.242206439564191 ], [ 38.558376431587355, 14.243743984301567 ], [ 38.567029746066794, 14.236348376310826 ], [ 38.562566014599362, 14.231695279819453 ], [ 38.542504689244396, 14.22714617504716 ], [ 38.536402045587948, 14.227254542348311 ], [ 38.546738992012678, 14.209635990109323 ], [ 38.554191853875636, 14.209872167772433 ], [ 38.558761263963042, 14.207041993600249 ], [ 38.565993308675296, 14.209231572066763 ], [ 38.574096490365875, 14.204321231420991 ], [ 38.568181904959602, 14.195460068580633 ], [ 38.56756628659079, 14.189363883069841 ], [ 38.563769958459723, 14.184502726765627 ], [ 38.560747057221874, 14.176082899527257 ], [ 38.555318955649803, 14.168286484637118 ], [ 38.542676088931685, 14.161694135267684 ], [ 38.549105180241192, 14.142389679717724 ], [ 38.546103171553717, 14.136004707823783 ], [ 38.54065443610201, 14.133384632773161 ], [ 38.528292294574804, 14.131278636185089 ], [ 38.523018446903158, 14.125789483483061 ], [ 38.503215634930896, 14.115646743733524 ], [ 38.501020992266504, 14.107255039426802 ], [ 38.503381114651454, 14.101000769044301 ], [ 38.500743999702124, 14.095768044137769 ], [ 38.495349557668035, 14.090369596967525 ], [ 38.499662206598991, 14.086300405368016 ], [ 38.496989975575943, 14.080563775493228 ], [ 38.500246329634969, 14.07260565739807 ], [ 38.518478574991924, 14.047118144846081 ], [ 38.520157397400745, 14.042084672916733 ], [ 38.504387289637712, 14.033076091383958 ], [ 38.500252550301433, 14.02858618490802 ], [ 38.494346966579407, 14.029692472449556 ], [ 38.488333168416041, 14.02632583212004 ], [ 38.488036650799778, 14.017100923428954 ], [ 38.490460429278819, 14.010931673789313 ], [ 38.491599120522984, 13.998159730098152 ], [ 38.49630173800027, 13.986797315358336 ], [ 38.497873817028207, 13.967015262819716 ], [ 38.505609473996223, 13.960491026192191 ], [ 38.51787892342147, 13.945136993656908 ], [ 38.523731856645824, 13.940376019030078 ], [ 38.526968299632614, 13.934156716063002 ], [ 38.558115886765748, 13.905917202169297 ], [ 38.555325787329636, 13.899532391062898 ], [ 38.558708217377941, 13.893590392684587 ], [ 38.559680758654871, 13.885640323379095 ], [ 38.563501429132522, 13.880859595994918 ], [ 38.544036689751721, 13.848123045080916 ], [ 38.53806517271093, 13.844194234844277 ], [ 38.527760333148677, 13.833166082087697 ], [ 38.520180696712423, 13.828449590601711 ], [ 38.506921621370815, 13.801044085706609 ], [ 38.494321719279618, 13.785307874249035 ], [ 38.49500948981904, 13.779174574379244 ], [ 38.492746266029741, 13.774009755052388 ], [ 38.499052707853103, 13.763141077949275 ], [ 38.503111135146334, 13.75094601429849 ], [ 38.509796226736292, 13.740769978780611 ], [ 38.514189192867775, 13.71782712788024 ], [ 38.51963025874835, 13.715170556699476 ], [ 38.526069521965674, 13.702918855575627 ], [ 38.525918709640777, 13.694726986488108 ], [ 38.52818479595625, 13.68957913533052 ], [ 38.527657266381404, 13.684386776156451 ], [ 38.539833453480767, 13.678975623719762 ], [ 38.565535949314125, 13.660055161879143 ], [ 38.570673229629612, 13.653610385722216 ], [ 38.576908065811587, 13.649477749700724 ], [ 38.585700066809544, 13.648631384915264 ], [ 38.593483483719112, 13.649939067910108 ], [ 38.598136491696579, 13.646846996485829 ], [ 38.60171946518112, 13.641199090553133 ], [ 38.614368339066544, 13.628318401630061 ], [ 38.622709907139573, 13.610537999972289 ], [ 38.631864063583059, 13.604061872640127 ], [ 38.635161482490382, 13.59689775629325 ], [ 38.637319057276237, 13.579800744367406 ], [ 38.641223721046764, 13.573352749433795 ], [ 38.658943902382916, 13.556613172528635 ], [ 38.663137808049299, 13.54497024430797 ], [ 38.67155225706712, 13.529561472649448 ], [ 38.67853905198367, 13.511964225347631 ], [ 38.676804932582712, 13.498274480304046 ], [ 38.679205343642394, 13.493304286939345 ], [ 38.677280302319019, 13.484097624799283 ], [ 38.683101059811392, 13.480672369767888 ], [ 38.691308093905434, 13.472190085751466 ], [ 38.702021792627058, 13.454472119975307 ], [ 38.705737667937065, 13.443651491352643 ], [ 38.710589144983821, 13.439251571814925 ], [ 38.711877748836827, 13.432278302515181 ], [ 38.716603216167996, 13.424419147637375 ], [ 38.722715926828478, 13.408714144243781 ], [ 38.733983682320364, 13.399475524234408 ], [ 38.734105582477518, 13.38481267373718 ], [ 38.738094275837277, 13.378364743868664 ], [ 38.731044737862717, 13.366069224575998 ], [ 38.734512161485945, 13.350433940587594 ], [ 38.742663515745036, 13.340501698130195 ], [ 38.742569326096991, 13.334216067968418 ], [ 38.73778055935361, 13.330983199818075 ], [ 38.739004218286439, 13.3130139891336 ], [ 38.741886266894774, 13.308112035723004 ], [ 38.736004604653445, 13.303024604820409 ], [ 38.740135008895749, 13.297116217122795 ], [ 38.740919210095278, 13.287458815568371 ], [ 38.736355848565019, 13.282617467461161 ], [ 38.730767007977143, 13.269894489649907 ], [ 38.732438506722779, 13.262951495304286 ], [ 38.744102429066139, 13.265698715851874 ], [ 38.780038854607767, 13.25004766037182 ], [ 38.790549110546941, 13.250749390994148 ], [ 38.801542686515283, 13.247986752611203 ], [ 38.819937544756485, 13.235392607295761 ], [ 38.834735063986749, 13.232611694835958 ], [ 38.839113789201072, 13.229764253666632 ], [ 38.85111076049435, 13.215188158650363 ], [ 38.863958595240831, 13.210177540230589 ], [ 38.868027859287849, 13.215999691593682 ], [ 38.87707186863485, 13.221187050419569 ], [ 38.894050273211342, 13.224091420478873 ], [ 38.914188375656884, 13.225150955898108 ], [ 38.919411187288873, 13.230594606854467 ], [ 38.930444964588254, 13.236369557952314 ], [ 38.952597177275592, 13.238191938247189 ], [ 38.954242063318389, 13.224455884370087 ], [ 38.957182597680941, 13.219878095194927 ], [ 38.956679334687216, 13.212692545935314 ], [ 38.965625588646169, 13.208441892800678 ], [ 38.985668023586342, 13.203434398324211 ], [ 38.998223937433309, 13.204084403089347 ], [ 39.017602274591397, 13.179391649509556 ], [ 39.036881274889978, 13.170631074558928 ], [ 39.042346120816504, 13.175061866538361 ], [ 39.045291943729907, 13.181631782579519 ], [ 39.044005825816427, 13.18761863834218 ], [ 39.04836585168475, 13.197603567424084 ], [ 39.053432524151297, 13.201969480291973 ], [ 39.066958782448836, 13.199717728093509 ], [ 39.070251985909252, 13.206627911032083 ], [ 39.070428377418679, 13.212684143136409 ], [ 39.073623720219729, 13.218232725910783 ], [ 39.092591955443957, 13.222888463870461 ], [ 39.098950675820781, 13.235663908537115 ], [ 39.09668473759978, 13.242245023067287 ], [ 39.093407192537938, 13.246597399155171 ], [ 39.090887091027859, 13.262438937148072 ], [ 39.094896157180429, 13.276434370613769 ], [ 39.090051474063898, 13.280522832509043 ], [ 39.081371720223018, 13.282319893148193 ], [ 39.071196130099018, 13.293523920803462 ], [ 39.062331315681867, 13.284887073621272 ], [ 39.050165582999988, 13.284639859299672 ], [ 39.042723370090584, 13.288705870889586 ], [ 39.046841455195477, 13.294828278450957 ], [ 39.051192151707262, 13.309973804519323 ], [ 39.056187998937489, 13.31775619097945 ], [ 39.06296623808003, 13.322465054184011 ], [ 39.061732408980262, 13.328839336085169 ], [ 39.054799744107278, 13.33462269649378 ], [ 39.050717644575307, 13.34139179519196 ], [ 39.045292881563022, 13.346023225631644 ], [ 39.041498797658775, 13.359897719952317 ], [ 39.035824439595324, 13.363891743831989 ], [ 39.027815405960268, 13.375470626330271 ], [ 39.02986385002496, 13.381290545275233 ], [ 39.029880066458659, 13.386624975151811 ], [ 39.027033225263239, 13.390913034898777 ], [ 39.026865311448496, 13.402624584536589 ], [ 39.024412151803368, 13.418558231442088 ], [ 39.020688793375072, 13.430507951180726 ], [ 39.019525966255046, 13.443583293566308 ], [ 39.022353812061006, 13.44927476693822 ], [ 39.023058401224375, 13.459145719934009 ], [ 39.032143785696277, 13.452467401828654 ], [ 39.040812318941086, 13.451110822534677 ], [ 39.045189922503688, 13.4484407697429 ], [ 39.056517655081308, 13.453608024846826 ], [ 39.070143060797633, 13.467766106576342 ], [ 39.075363004371418, 13.465987605318631 ], [ 39.080916701386037, 13.466395025659008 ], [ 39.07962447115694, 13.471284701430472 ], [ 39.082367387953283, 13.475364710095707 ], [ 39.090540529458323, 13.47696707149899 ], [ 39.090936113162527, 13.483647549564648 ], [ 39.10013744521266, 13.484510053040433 ], [ 39.104767879836722, 13.480588557563745 ], [ 39.110228177866148, 13.484981494291649 ], [ 39.11462762715265, 13.478953619240476 ], [ 39.123081766337563, 13.477021667526696 ], [ 39.138711314589678, 13.47974179223943 ], [ 39.14919741664778, 13.473794775381917 ], [ 39.151928548237954, 13.478520568965404 ], [ 39.156805221126426, 13.475067596273352 ], [ 39.169564002761646, 13.473569631553753 ], [ 39.175739115960475, 13.478125722336975 ], [ 39.180616172956711, 13.478505563732977 ], [ 39.186172479693369, 13.482863764524666 ], [ 39.193420999993009, 13.479467773451459 ], [ 39.198305306379972, 13.484936446490099 ], [ 39.205394394111217, 13.486925358551041 ], [ 39.219237442179441, 13.484023949181211 ], [ 39.228148535635285, 13.48446879390719 ], [ 39.236936591416644, 13.482081933148828 ], [ 39.2429467153123, 13.488047017070041 ], [ 39.255754494854685, 13.493743741508061 ], [ 39.267052226338862, 13.495501732532722 ], [ 39.272686527334379, 13.491650876722982 ], [ 39.285047554123246, 13.487708262538453 ], [ 39.29099576058934, 13.475770578891877 ], [ 39.295245995213556, 13.471315041353376 ], [ 39.301958928268803, 13.4698918453737 ], [ 39.3068307294972, 13.466911846142603 ], [ 39.313775569131259, 13.466824308678104 ], [ 39.317995929336519, 13.463898059959233 ], [ 39.325404895380451, 13.46666071715411 ], [ 39.331479690918933, 13.481064144798529 ], [ 39.33757873206563, 13.485746131856001 ], [ 39.337444412758018, 13.49304456141547 ], [ 39.342104933030967, 13.498481599856802 ], [ 39.344416999938197, 13.505494179044797 ], [ 39.342656445042607, 13.513612238352433 ], [ 39.350727489915549, 13.527988257277336 ], [ 39.355104888029679, 13.531692132222863 ], [ 39.353300798876504, 13.539745935233768 ], [ 39.348581098669918, 13.544450662491005 ], [ 39.348923567218286, 13.550292337126079 ], [ 39.3547832258364, 13.551408887707662 ], [ 39.362553810218273, 13.555519997617466 ], [ 39.35757651564834, 13.564575340640753 ], [ 39.364052830550428, 13.568051983196115 ], [ 39.37118349882676, 13.585733826083873 ], [ 39.381059213398828, 13.594639177585492 ], [ 39.376733119841411, 13.598279682088259 ], [ 39.37964695851732, 13.60275161763027 ], [ 39.385062290591478, 13.605121266272766 ], [ 39.3915171897806, 13.605110090419585 ], [ 39.389948463399563, 13.612213918499258 ], [ 39.396942263348272, 13.615822451480742 ], [ 39.402086322458032, 13.622700367480583 ], [ 39.412298027190872, 13.641170123452547 ], [ 39.40897617260471, 13.656551180842042 ], [ 39.408606750211732, 13.672986378125916 ], [ 39.41261824606525, 13.686463360348444 ], [ 39.420116238967609, 13.703497408236016 ], [ 39.410429502254793, 13.711357620090206 ], [ 39.396260431193184, 13.713567287167608 ], [ 39.395967565762234, 13.720637363603082 ], [ 39.391608993360066, 13.727607907791631 ], [ 39.376250245237358, 13.740842306848583 ], [ 39.368868180220964, 13.741725230641238 ], [ 39.353814532632242, 13.734545697095166 ], [ 39.336405717801931, 13.731380726540625 ], [ 39.314512634050075, 13.739501885017724 ], [ 39.311998176374715, 13.746785753416313 ], [ 39.318114568003054, 13.762405890949049 ], [ 39.317442503754954, 13.770381229890985 ], [ 39.320902898981799, 13.787084876136058 ], [ 39.31858686732383, 13.794069670661102 ], [ 39.30306309154853, 13.794314014203209 ], [ 39.28238673421275, 13.791359203454014 ], [ 39.268224957121504, 13.792451863299069 ], [ 39.261908307939798, 13.795556178324734 ], [ 39.239176641771436, 13.791986386017118 ], [ 39.221315732526939, 13.79726768128968 ], [ 39.217538193686892, 13.801299338651432 ], [ 39.222689172120035, 13.814287878345075 ], [ 39.225931258931745, 13.83242595804035 ], [ 39.224849745666631, 13.84511749111466 ], [ 39.218359010994199, 13.855376984606254 ], [ 39.217577200030725, 13.863180070512135 ], [ 39.210226751607181, 13.866234777318395 ], [ 39.190922262109439, 13.890785590900649 ], [ 39.195722058677099, 13.896573008310627 ], [ 39.209265843092133, 13.904319060597217 ], [ 39.214425045694739, 13.905001959542181 ], [ 39.219038020109295, 13.908566956129894 ], [ 39.22308533833219, 13.916185468859856 ], [ 39.229497294490002, 13.920237908411845 ], [ 39.231651234267737, 13.926013244925253 ], [ 39.244249953785335, 13.93705360065848 ], [ 39.247237921205141, 13.949767103342245 ], [ 39.259997653407325, 13.959854913974633 ], [ 39.272392760654434, 13.964726313421977 ], [ 39.278682682163506, 13.972444665409398 ], [ 39.284874897011932, 13.976017388461765 ], [ 39.293474248099521, 13.986666447363262 ], [ 39.30106559583691, 13.989083227067903 ], [ 39.305171239419046, 13.993056546214644 ], [ 39.314633149820665, 14.011792738867214 ], [ 39.315121559983247, 14.019371085195527 ], [ 39.324948054151321, 14.032386029791509 ], [ 39.328548495124011, 14.044308409401443 ], [ 39.331776679993467, 14.04982386851569 ], [ 39.334462045169431, 14.071764109913209 ], [ 39.342254150266008, 14.088686487108999 ], [ 39.34108628312925, 14.099663578832798 ], [ 39.338145130331554, 14.107168904015102 ], [ 39.335544539493284, 14.11260547871124 ], [ 39.331101658263222, 14.116008891832273 ], [ 39.326391051648038, 14.123484759913667 ], [ 39.323284920553839, 14.132648119212204 ], [ 39.30179931249716, 14.152667514536972 ], [ 39.292045809646659, 14.159436584208168 ], [ 39.290684535606772, 14.165601410130217 ], [ 39.280259315112012, 14.173872356213893 ], [ 39.257915001000796, 14.199682835113302 ], [ 39.254482622111411, 14.205064137876697 ], [ 39.256079064582238, 14.212970711828504 ], [ 39.259414571096215, 14.217198650523244 ], [ 39.259486404625015, 14.223297512803493 ], [ 39.257025899021706, 14.228536014840559 ], [ 39.258179425848013, 14.233852427692078 ], [ 39.249709460407331, 14.244339397628707 ], [ 39.236161251083161, 14.252871259254706 ], [ 39.228716402478902, 14.265002890633175 ], [ 39.23296365222923, 14.269946268458499 ], [ 39.242084507441263, 14.289838877820857 ], [ 39.239634594013303, 14.297201737142291 ], [ 39.232135690169805, 14.299204589194371 ], [ 39.225486294776445, 14.297456991326637 ], [ 39.220458878594883, 14.298947832454175 ], [ 39.220890358828029, 14.304079389584652 ], [ 39.229321128278052, 14.307953009417202 ], [ 39.236897529413746, 14.307751891303051 ], [ 39.238883106355509, 14.313099148606739 ], [ 39.240209535183439, 14.329995336041852 ], [ 39.243698839065573, 14.339046439769845 ], [ 39.240362593890517, 14.345479331101826 ], [ 39.243722843167468, 14.350269434823661 ], [ 39.246405551619816, 14.357983964338667 ], [ 39.242224567087646, 14.364615715699383 ], [ 39.234565328777364, 14.368242117671965 ], [ 39.234207673080412, 14.375155382389808 ], [ 39.239360286761347, 14.393979470574244 ], [ 39.247629976941852, 14.405912320767998 ] ] ] } },
{ "type": "Feature", "properties": { "shapeName": "Dawro", "shapeISO": "", "shapeID": "57463737B47047900870989", "shapeGroup": "ETH", "shapeType": "ADM2" }, "geometry": { "type": "Polygon", "coordinates": [ [ [ 37.536350504788871, 7.188620333255556 ], [ 37.519830433040141, 7.199230368304631 ], [ 37.508330375104201, 7.201330387076057 ], [ 37.48115021927584, 7.188040411351284 ], [ 37.475170186693248, 7.186910419070585 ], [ 37.457270107855706, 7.200060459163264 ], [ 37.426729979362477, 7.219450528055829 ], [ 37.405589879351069, 7.227770572777517 ], [ 37.391254817284505, 7.235840599748625 ], [ 37.385849797069916, 7.242770619638994 ], [ 37.383119797921111, 7.249910626752982 ], [ 37.353489672238034, 7.269070695224888 ], [ 37.347999652762873, 7.279200710333908 ], [ 37.349439694951819, 7.299910729107253 ], [ 37.36097977085722, 7.311860724762153 ], [ 37.344709720525636, 7.333750772075878 ], [ 37.337369695213745, 7.341590792018934 ], [ 37.332028031566004, 7.344638444696382 ], [ 37.288442452897506, 7.335615245777662 ], [ 37.263072018324536, 7.32662569292564 ], [ 37.238631591162665, 7.313256332750005 ], [ 37.212351117673066, 7.29391723472143 ], [ 37.183550588435352, 7.266058519388023 ], [ 37.154980063472799, 7.241869635199502 ], [ 37.129389616943236, 7.229650223618456 ], [ 37.105629223426057, 7.22570045055866 ], [ 37.068928656137359, 7.236450073560593 ], [ 37.040308197135694, 7.241219929635902 ], [ 37.004087595602016, 7.235640255080707 ], [ 36.965440475408634, 7.225937576715242 ], [ 36.933097365138579, 7.221321248926412 ], [ 36.899407187628512, 7.222401296885736 ], [ 36.867557011725346, 7.220461341537001 ], [ 36.863156966161043, 7.204581325469563 ], [ 36.858306926242406, 7.194681324067179 ], [ 36.855976899501279, 7.182941313612334 ], [ 36.853426867489041, 7.168661301344724 ], [ 36.854786858979352, 7.158071284577996 ], [ 36.853146827211333, 7.140571266801115 ], [ 36.840666708750973, 7.107191241368644 ], [ 36.832356645358857, 7.0913112295081 ], [ 36.820016556354759, 7.076001229490802 ], [ 36.816416505377902, 7.053551205913331 ], [ 36.818236497543964, 7.036281183213204 ], [ 36.817516471583886, 7.021541167340353 ], [ 36.810836426906576, 7.011871159926629 ], [ 36.800926357944924, 7.001626160669836 ], [ 36.792616294090585, 6.985621152910133 ], [ 36.786936416753207, 6.969272134716211 ], [ 36.778316173870707, 6.955001130686482 ], [ 36.76356607574693, 6.937731129115704 ], [ 36.762856050666997, 6.923911111490019 ], [ 36.758926008025718, 6.908721098695708 ], [ 36.751085943842043, 6.891671080843763 ], [ 36.742095881063747, 6.878091079158753 ], [ 36.718835722089068, 6.848841066774273 ], [ 36.710765653821682, 6.834561058774011 ], [ 36.707065611438438, 6.813601031376433 ], [ 36.705445589829864, 6.805541020941686 ], [ 36.696455522093565, 6.787351011048226 ], [ 36.688625459811099, 6.771920995674678 ], [ 36.684465415485043, 6.756250985119011 ], [ 36.680295347849878, 6.720550939073252 ], [ 36.68258534690959, 6.70766091422605 ], [ 36.68523035452489, 6.702245903808952 ], [ 36.700985441690456, 6.706740892204416 ], [ 36.75480573160015, 6.712040832082367 ], [ 36.777795847167333, 6.704210790009056 ], [ 36.82191604407349, 6.677500700070538 ], [ 36.833646100679573, 6.673350676544275 ], [ 36.846746165401683, 6.671050654185 ], [ 36.857326224362623, 6.671740639947489 ], [ 36.869286291139872, 6.674960628882018 ], [ 36.915296558736884, 6.698440607514287 ], [ 36.925790623081063, 6.70235059655429 ], [ 36.93576667190974, 6.702340585381461 ], [ 36.965396805259253, 6.68138051397784 ], [ 36.98100686154207, 6.666180476560188 ], [ 36.987176862533225, 6.638320429222932 ], [ 36.985756810336134, 6.609080392077477 ], [ 36.988506813111123, 6.598490372373306 ], [ 36.996076841523625, 6.591350349073449 ], [ 37.005276896537254, 6.591120337530308 ], [ 37.07934733358033, 6.631600299537404 ], [ 37.117297547120273, 6.647930268420811 ], [ 37.129957632710891, 6.659200268016599 ], [ 37.146057723312481, 6.666780253336269 ], [ 37.163977814914837, 6.663780227962654 ], [ 37.192452942473381, 6.650520172199576 ], [ 37.197327962351466, 6.645352160241225 ], [ 37.203027997893976, 6.650860157467372 ], [ 37.223038114875692, 6.662120149011994 ], [ 37.234759302752728, 6.671110143824593 ], [ 37.224938174666981, 6.694110187991084 ], [ 37.225878185900427, 6.702860196892878 ], [ 37.236258269619832, 6.724480209803116 ], [ 37.238828314982506, 6.745880238398772 ], [ 37.242758348378743, 6.753710244319278 ], [ 37.264043496664456, 6.782560249368419 ], [ 37.272173571921229, 6.8067252696541 ], [ 37.28152864806566, 6.825930280966303 ], [ 37.284538675467374, 6.835830284973441 ], [ 37.285248694603638, 6.844800295407742 ], [ 37.294688751392457, 6.852380295995187 ], [ 37.320918905173222, 6.864320268855633 ], [ 37.376089187612934, 6.861710188938404 ], [ 37.389189255454383, 6.862840171659558 ], [ 37.404149349108025, 6.869950158974219 ], [ 37.417739435906569, 6.881210156925357 ], [ 37.426279497502122, 6.895230156618183 ], [ 37.426219526324722, 6.914905185990681 ], [ 37.417889511154442, 6.936200223420342 ], [ 37.416387474852009, 6.945118041611854 ], [ 37.418034566760852, 6.971295261979759 ], [ 37.415029568188551, 6.986830283037797 ], [ 37.419459626033294, 7.008220299935491 ], [ 37.434597736577807, 7.02932430720295 ], [ 37.442109811747365, 7.05190032154136 ], [ 37.450909887673838, 7.07214033273553 ], [ 37.451649919202112, 7.09123035036834 ], [ 37.449159925701402, 7.103430365827923 ], [ 37.451719950822998, 7.113780377209974 ], [ 37.459820019394158, 7.131365382990821 ], [ 37.467890075481655, 7.138370380994608 ], [ 37.506580298079299, 7.156240343453354 ], [ 37.514420348684403, 7.162890332120427 ], [ 37.527820450527052, 7.181500333044307 ], [ 37.536350504788871, 7.188620333255556 ] ] ] } },
{ "type": "Feature", "properties": { "shapeName": "Dire Dawa", "shapeISO": "", "shapeID": "57463737B22109266514860", "shapeGroup": "ETH", "shapeType": "ADM2" }, "geometry": { "type": "Polygon", "coordinates": [ [ [ 41.735522064350967, 9.472479406105137 ], [ 41.755432646338065, 9.485568111970966 ], [ 41.773903157609354, 9.492047422320431 ], [ 41.793453639493094, 9.490507442194156 ], [ 41.816104140747541, 9.477738463243096 ], [ 41.839584740132096, 9.47890822304946 ], [ 41.860615333087608, 9.489007189918121 ], [ 41.914286593140694, 9.473458274250659 ], [ 41.939657277119096, 9.480537491230095 ], [ 41.983433557568539, 9.509484622345941 ], [ 41.996268869248844, 9.507454729797766 ], [ 42.020009478471877, 9.509164433263283 ], [ 42.03262976810592, 9.505394697443263 ], [ 42.044820046019723, 9.499305174715435 ], [ 42.053050207758183, 9.492945704573581 ], [ 42.068525495861046, 9.475802156009905 ], [ 42.07568267213702, 9.474711215279484 ], [ 42.081970914589334, 9.489155870239097 ], [ 42.097171380022367, 9.50230459224441 ], [ 42.11059175087248, 9.508953913927614 ], [ 42.139812646254597, 9.535681328143879 ], [ 42.153513123124931, 9.557359295461573 ], [ 42.147043052858358, 9.571618040727536 ], [ 42.134322801106599, 9.583477052252876 ], [ 42.128762761728815, 9.59935564924932 ], [ 42.125772785525143, 9.615504207936999 ], [ 42.143163256140745, 9.621273588241502 ], [ 42.181294362502427, 9.645321186201791 ], [ 42.201444921520363, 9.654120269720893 ], [ 42.22143543886763, 9.657139879777352 ], [ 42.241685950993848, 9.657619708908719 ], [ 42.259551370504056, 9.652560058670256 ], [ 42.272766794489776, 9.667928591166479 ], [ 42.286857206084498, 9.677117675938193 ], [ 42.31905819822088, 9.706634811150051 ], [ 42.329258503828953, 9.714354053035807 ], [ 42.34069066227628, 9.720589698057674 ], [ 42.294437907707817, 9.758460284882648 ], [ 42.25190700116341, 9.784458200175564 ], [ 42.214266050733073, 9.784708406204686 ], [ 42.186685292900563, 9.774529496725311 ], [ 42.031720435078547, 9.61946442035298 ], [ 42.019820130955409, 9.618904541871037 ], [ 42.00929989462913, 9.623144220804615 ], [ 41.997339648074956, 9.632143477474816 ], [ 41.907047654713196, 9.680279684379483 ], [ 41.874146850045051, 9.684859467162891 ], [ 41.854186281822635, 9.674720496590105 ], [ 41.809584948073244, 9.641533752179026 ], [ 41.801944768604834, 9.643393630198453 ], [ 41.791904554017755, 9.650013091079051 ], [ 41.774734148963567, 9.654682773879133 ], [ 41.749506969722965, 9.637334487250081 ], [ 41.749973201417561, 9.601537704849623 ], [ 41.728932006765866, 9.490027863947473 ], [ 41.735522064350967, 9.472479406105137 ] ] ] } },
{ "type": "Feature", "properties": { "shapeName": "Doolo", "shapeISO": "", "shapeID": "57463737B30637581928389", "shapeGroup": "ETH", "shapeType": "ADM2" }, "geometry": { "type": "Polygon", "coordinates": [ [ [ 45.946301930842871, 5.911023686869018 ], [ 46.122766533851404, 6.091306090986369 ], [ 46.178238013665791, 6.154729911672411 ], [ 46.804554523837041, 6.804475948781055 ], [ 47.95925549966929, 8.013694932667303 ], [ 47.000335609917087, 7.986203791688536 ], [ 46.736810577368587, 8.071457472142196 ], [ 45.621808625588493, 8.443989798989966 ], [ 45.613128127879023, 8.396394273248394 ], [ 45.603897756363907, 8.369586815545873 ], [ 45.590307300578168, 8.345499137765003 ], [ 45.575076521653472, 8.275455742615543 ], [ 45.565856144854934, 8.248658280766463 ], [ 45.559065671088632, 8.196273192747629 ], [ 45.55232537209578, 8.171545526049501 ], [ 45.530094599444517, 8.127509755477387 ], [ 45.514204103579573, 8.103622065880733 ], [ 45.473462924092338, 8.058996454984038 ], [ 45.467122656405031, 8.038838358863721 ], [ 45.446262020339752, 8.010811091569277 ], [ 45.403030776743982, 7.964105674143041 ], [ 45.376080063513491, 7.945857529824496 ], [ 45.346259253309626, 7.920960009639662 ], [ 45.294467855185168, 7.881963930024562 ], [ 45.265037089191978, 7.861635988415784 ], [ 45.251626658775606, 7.839828084505601 ], [ 45.170394489652359, 7.780504045741788 ], [ 45.131413474093044, 7.756456496673756 ], [ 45.10407272575371, 7.733628763351358 ], [ 45.086482231890074, 7.716820418360175 ], [ 45.061821572624908, 7.698362267961497 ], [ 45.030290759818051, 7.680534094732844 ], [ 45.000469951270844, 7.65563655989916 ], [ 44.974499321091741, 7.648817342181878 ], [ 44.933628293077248, 7.62955934536597 ], [ 44.903577430906694, 7.597202500705059 ], [ 44.664282140466241, 7.625041245421932 ], [ 44.64556177016626, 7.635650367990618 ], [ 44.604120855841323, 7.642269981276118 ], [ 44.518559008743907, 7.662158616743779 ], [ 44.51784893353647, 7.651879569882151 ], [ 44.539039256554901, 7.621462252850026 ], [ 44.538619196802742, 7.613113024701755 ], [ 44.543959134422565, 7.578646173724163 ], [ 44.562129352011155, 7.542049455703691 ], [ 44.563979290917608, 7.522561238470304 ], [ 44.573109410978944, 7.505912726123587 ], [ 44.589409484635837, 7.449967796452905 ], [ 44.604319656403852, 7.418730596979767 ], [ 44.626169871866608, 7.365785361995936 ], [ 44.630909837913492, 7.339007812494084 ], [ 44.639279900441338, 7.313640106746767 ], [ 44.655090149063383, 7.292861943977833 ], [ 44.674040341755941, 7.247206053762179 ], [ 44.692350637006648, 7.223378161009427 ], [ 44.706940843289722, 7.200260217629179 ], [ 44.730871237220491, 7.171702732163488 ], [ 44.729681138424006, 7.157764018295659 ], [ 44.732531060918404, 7.129406626880256 ], [ 44.752121411518026, 7.111788148515023 ], [ 44.767211568358157, 7.074911474251206 ], [ 44.797962127214653, 7.048403765255836 ], [ 44.808652257004617, 7.027185671681747 ], [ 44.852772988847711, 6.975490227861121 ], [ 44.874163269175803, 6.934393913936272 ], [ 44.890803602730202, 6.92618459338085 ], [ 44.91184396951197, 6.904926451313543 ], [ 44.932274284868214, 6.876688956776587 ], [ 44.94359447649294, 6.865109972407701 ], [ 44.951274590106046, 6.852101133807207 ], [ 44.963194664463003, 6.813744621780629 ], [ 44.973064846436721, 6.805805304643232 ], [ 44.997295260670462, 6.780727508140576 ], [ 45.035915904181593, 6.735551495369966 ], [ 45.059986293366862, 6.705064194114985 ], [ 45.074876505965563, 6.680476395668835 ], [ 45.083396579662363, 6.65685854430013 ], [ 45.089926699004195, 6.650989055866919 ], [ 45.096116683516755, 6.620561837089094 ], [ 45.11132688992187, 6.592814330531329 ], [ 45.109086711707178, 6.566676763374632 ], [ 45.12235676379909, 6.51628135922935 ], [ 45.119966580064244, 6.48840395226342 ], [ 45.12759658546036, 6.454327070540446 ], [ 45.145696822997607, 6.419290227707178 ], [ 45.15133676229469, 6.379683860677886 ], [ 45.1617069008648, 6.359855651486596 ], [ 45.156636512216707, 6.300621157300703 ], [ 45.196337123816853, 6.242426358040662 ], [ 45.596205097574618, 6.068860613755422 ], [ 45.794629010406013, 5.985907413050849 ], [ 45.946301930842871, 5.911023686869018 ] ] ] } },
{ "type": "Feature", "properties": { "shapeName": "East Gojam", "shapeISO": "", "shapeID": "57463737B71037891772162", "shapeGroup": "ETH", "shapeType": "ADM2" }, "geometry": { "type": "Polygon", "coordinates": [ [ [ 38.474132844300577, 11.035545606867704 ], [ 38.451346357106218, 11.06714242587522 ], [ 38.439350450161264, 11.080601813156573 ], [ 38.433249543694281, 11.083041932578713 ], [ 38.425765003416828, 11.083118167135108 ], [ 38.421445944478187, 11.079184035124577 ], [ 38.415938362031937, 11.076938761665934 ], [ 38.409962362696355, 11.07697329151363 ], [ 38.389810790376302, 11.081763694289476 ], [ 38.384538064320573, 11.090368758216442 ], [ 38.372501959530815, 11.101732496111504 ], [ 38.366069792350551, 11.103944671458189 ], [ 38.342746412896126, 11.107459741732656 ], [ 38.332439957591617, 11.122105516172999 ], [ 38.325398394101335, 11.127807606155462 ], [ 38.309932661125892, 11.136526128609965 ], [ 38.298193311567239, 11.147301416469404 ], [ 38.292329489319847, 11.148857145660553 ], [ 38.28583029914914, 11.147207076127238 ], [ 38.27850837176311, 11.143045329769061 ], [ 38.271496369630491, 11.141926365582739 ], [ 38.265264201486829, 11.142887216027106 ], [ 38.252990059883487, 11.149140335557808 ], [ 38.236156937364647, 11.151663707191238 ], [ 38.211658440135494, 11.140228339478224 ], [ 38.205421840493692, 11.138612514540048 ], [ 38.198856991001819, 11.13878220253898 ], [ 38.178006419834695, 11.140924461268163 ], [ 38.165546781891571, 11.148634188470531 ], [ 38.15649367144465, 11.160795273216882 ], [ 38.136105881106225, 11.158820524880058 ], [ 38.129328977497956, 11.156314879961416 ], [ 38.121573757301725, 11.155588985472953 ], [ 38.115956615765292, 11.151997257778421 ], [ 38.107610528952044, 11.154851291401171 ], [ 38.074050597611247, 11.156345675043095 ], [ 38.056773008348138, 11.16751879237639 ], [ 38.04243249610812, 11.170086145460157 ], [ 38.024786960526669, 11.17025972524883 ], [ 38.013196659250141, 11.174516415878827 ], [ 38.006469161299428, 11.178874571595223 ], [ 38.001515021281556, 11.193905536128783 ], [ 37.995437716837387, 11.199878880620497 ], [ 37.975793412378913, 11.199179464469525 ], [ 37.962191514753279, 11.196333035694874 ], [ 37.951410021717614, 11.191992221525512 ], [ 37.945081010755267, 11.192021253004571 ], [ 37.940427014957308, 11.19852421082693 ], [ 37.932223117724504, 11.201528159511916 ], [ 37.925876807893168, 11.20780487863207 ], [ 37.915866127140795, 11.210996087609002 ], [ 37.908511578885069, 11.209506423625475 ], [ 37.877328728802183, 11.214419660781269 ], [ 37.871802424338163, 11.217595580542522 ], [ 37.861831527706848, 11.231119287362587 ], [ 37.856279534252579, 11.234884703316199 ], [ 37.844079583940008, 11.230985694395073 ], [ 37.837606534727435, 11.22654695847204 ], [ 37.826237676196961, 11.223870775960007 ], [ 37.822987212598022, 11.216641256454944 ], [ 37.819926532987822, 11.199606257757475 ], [ 37.817310930518524, 11.194314233573833 ], [ 37.818560105317324, 11.18320459552978 ], [ 37.8177985223303, 11.162560999559078 ], [ 37.803477364646689, 11.161651154661172 ], [ 37.798054302909726, 11.155432975494247 ], [ 37.796496094743098, 11.148024668913983 ], [ 37.79004940201996, 11.146054835264602 ], [ 37.784138744056087, 11.14748699130026 ], [ 37.752335300637235, 11.138587684721179 ], [ 37.745146580178663, 11.135264261964073 ], [ 37.734581268382904, 11.132526889471171 ], [ 37.7264143779609, 11.133773823496774 ], [ 37.71325906474636, 11.128901484016428 ], [ 37.698622920276705, 11.130437988822399 ], [ 37.678764833413773, 11.134860519962233 ], [ 37.638831030967253, 11.125304685238726 ], [ 37.633146870489284, 11.125318214017254 ], [ 37.622331378927754, 11.121566429834091 ], [ 37.597636849951648, 11.121673715748457 ], [ 37.585014478304245, 11.11891402159797 ], [ 37.576817002200507, 11.119836732853827 ], [ 37.568851210228267, 11.122943586645142 ], [ 37.565049469573104, 11.129273721904134 ], [ 37.564950504330369, 11.136330107679392 ], [ 37.566923047012672, 11.143329987544488 ], [ 37.550662138921041, 11.1434265637783 ], [ 37.543682180938639, 11.141463520365786 ], [ 37.54469658060826, 11.132887179161154 ], [ 37.543346849490916, 11.127854757269331 ], [ 37.526169319112803, 11.119409781932177 ], [ 37.523332163275263, 11.112896752204255 ], [ 37.531477799411206, 11.100725953433026 ], [ 37.539156132258277, 11.098614415413952 ], [ 37.551032868572214, 11.090392681315459 ], [ 37.556365207410856, 11.078713920998181 ], [ 37.554936685339953, 11.072719101002351 ], [ 37.559126412645242, 11.068947865705852 ], [ 37.557868954436664, 11.054285542590501 ], [ 37.563113449376047, 11.041025421043846 ], [ 37.556444654889233, 11.020715425416633 ], [ 37.558052638574168, 11.013758890272131 ], [ 37.564932415246119, 11.010441652363861 ], [ 37.580052352557693, 11.011022366349613 ], [ 37.60373931753842, 11.00419458998787 ], [ 37.629002854725236, 11.002667426460546 ], [ 37.652781777517767, 11.01119397739785 ], [ 37.666650726738752, 11.014520698987905 ], [ 37.683505640974985, 11.022075653645478 ], [ 37.69535296393996, 11.032689800121934 ], [ 37.698833261901775, 11.038957401643071 ], [ 37.707813567299794, 11.048769999466522 ], [ 37.709728186626258, 11.055897361254289 ], [ 37.714625033272547, 11.048129575193043 ], [ 37.720952950682793, 11.041975773607028 ], [ 37.724777524436284, 11.045031986951244 ], [ 37.731149900099631, 11.044427057294202 ], [ 37.738326248101551, 11.046841898142691 ], [ 37.749104598902704, 11.055674293998889 ], [ 37.751925708454365, 11.06141950035722 ], [ 37.756948819795092, 11.055782798835249 ], [ 37.750299727034204, 11.042255846489889 ], [ 37.749101711632001, 11.035114087343089 ], [ 37.744805683898186, 11.031852616328555 ], [ 37.74486064885437, 11.015900078956788 ], [ 37.739779934993294, 11.01157374485782 ], [ 37.726760544506391, 11.006868556206459 ], [ 37.721150595733548, 11.002297983645786 ], [ 37.711190167049331, 10.986857382651664 ], [ 37.71015796814784, 10.979897195045886 ], [ 37.715307277332947, 10.973231550066947 ], [ 37.716170864242798, 10.96603584006583 ], [ 37.711145216296678, 10.951264345842249 ], [ 37.706815224377067, 10.926177367181447 ], [ 37.695934642583936, 10.905274247539632 ], [ 37.696146743502958, 10.891600773486786 ], [ 37.694221822590166, 10.885120398805663 ], [ 37.693702330125348, 10.870268447491446 ], [ 37.69094777365936, 10.855147182366123 ], [ 37.691407597077109, 10.841109496754656 ], [ 37.692516327564419, 10.831426212001031 ], [ 37.696435566527079, 10.824167659384855 ], [ 37.701430490412825, 10.82102070837424 ], [ 37.704953652200999, 10.815928446869291 ], [ 37.708168360215261, 10.798140273195884 ], [ 37.70717561390601, 10.791304558013445 ], [ 37.711053248057439, 10.780044988673669 ], [ 37.716452504247755, 10.772811972114201 ], [ 37.715661596289024, 10.766131922592137 ], [ 37.731962863260428, 10.753526982745734 ], [ 37.738683885173636, 10.753681852232994 ], [ 37.742987039851513, 10.76024934027061 ], [ 37.749068201002231, 10.758491628943551 ], [ 37.754867590404352, 10.753971244977777 ], [ 37.762068231059104, 10.751908438812745 ], [ 37.769293246952614, 10.754617990001448 ], [ 37.773588678582655, 10.750269556471052 ], [ 37.776168485855202, 10.744170743475681 ], [ 37.776346351953478, 10.736726093379119 ], [ 37.771971072357744, 10.733919589350254 ], [ 37.766075733201014, 10.737067582033017 ], [ 37.75859773995564, 10.738578071204367 ], [ 37.750565494800931, 10.738209465909748 ], [ 37.745270882940446, 10.73370156485622 ], [ 37.71999608363847, 10.719180311910058 ], [ 37.693522572331993, 10.711960142101947 ], [ 37.691476002703077, 10.706704490545015 ], [ 37.676430879362314, 10.702796862496301 ], [ 37.657448503189173, 10.700621980823584 ], [ 37.642966879184016, 10.695828507203288 ], [ 37.651057288390525, 10.687260996296867 ], [ 37.64759287217322, 10.679250143299045 ], [ 37.629408247452325, 10.665721336690263 ], [ 37.620009546620139, 10.653555696246993 ], [ 37.616302285879023, 10.647142025239726 ], [ 37.61504511747831, 10.635676932867252 ], [ 37.61104214058134, 10.622924000788014 ], [ 37.604558303008595, 10.611998053886955 ], [ 37.591288789078135, 10.597032249651891 ], [ 37.585985905133931, 10.583321251653333 ], [ 37.580760259602926, 10.583437933980466 ], [ 37.574992395889531, 10.596247177049184 ], [ 37.570869499370559, 10.600174054004045 ], [ 37.565798766283521, 10.601999469101097 ], [ 37.558757985914042, 10.601921094066469 ], [ 37.554776671148197, 10.594813401524743 ], [ 37.553412645929207, 10.580792633232912 ], [ 37.542799364581796, 10.575696755844305 ], [ 37.546321406461601, 10.55930374568014 ], [ 37.545337108913394, 10.549637216892485 ], [ 37.530865609555008, 10.538038479241269 ], [ 37.523367644562214, 10.535500538376425 ], [ 37.515999201720263, 10.53500265046584 ], [ 37.510699674029695, 10.53245226640378 ], [ 37.50007653360155, 10.523930362526059 ], [ 37.486922640912709, 10.519006856638736 ], [ 37.480196503674158, 10.509193047241821 ], [ 37.470122227691306, 10.505480869712709 ], [ 37.460840555262024, 10.497998069225288 ], [ 37.45565813125544, 10.492144022085878 ], [ 37.453767378930621, 10.48559343721576 ], [ 37.445182792493917, 10.483106695838153 ], [ 37.436133038541335, 10.483049744645275 ], [ 37.428595842819718, 10.486219003587516 ], [ 37.420918466499835, 10.487393438315307 ], [ 37.412491166881608, 10.484226326782041 ], [ 37.405360657787163, 10.479514201521182 ], [ 37.392208783798175, 10.478564098097689 ], [ 37.375996132238285, 10.472411296007524 ], [ 37.352537120579861, 10.468434423044412 ], [ 37.340236914634836, 10.462829471083431 ], [ 37.334908100461426, 10.46337478259672 ], [ 37.331508525856009, 10.467629426591825 ], [ 37.326127041069448, 10.467609121286369 ], [ 37.306859122892057, 10.458582668109628 ], [ 37.302338632698437, 10.452462994513379 ], [ 37.305930335984442, 10.439319521026105 ], [ 37.30473575310846, 10.434024084240026 ], [ 37.29205680250049, 10.423248856926168 ], [ 37.287932024401513, 10.410405998574667 ], [ 37.289184364819583, 10.404615631469669 ], [ 37.288266976183962, 10.398484337523753 ], [ 37.285416615566731, 10.392205983134128 ], [ 37.272913135371063, 10.382790948084441 ], [ 37.277012274762768, 10.360126441422041 ], [ 37.266309457727743, 10.349663871984434 ], [ 37.260433417543446, 10.340825505246892 ], [ 37.258666830141138, 10.333076440136768 ], [ 37.252961077436936, 10.325239068337382 ], [ 37.247050740896604, 10.321603663909823 ], [ 37.235729875772662, 10.320459149822199 ], [ 37.23095681568406, 10.318413934572018 ], [ 37.196797623218174, 10.318604843838809 ], [ 37.172141126782975, 10.328237184434514 ], [ 37.149791251398916, 10.328868066612218 ], [ 37.144498633103382, 10.335412019598612 ], [ 37.135781633177274, 10.334481641886956 ], [ 37.12331110106696, 10.327825080530825 ], [ 37.113274063873355, 10.324262479787761 ], [ 37.106982357620382, 10.319101617901211 ], [ 37.094419808652781, 10.318077765401348 ], [ 37.089570195858663, 10.315938174235862 ], [ 37.06786767319597, 10.297505058348115 ], [ 37.059304036787758, 10.293214497104875 ], [ 37.046675662533829, 10.289335220810853 ], [ 37.051574778696633, 10.284540390193046 ], [ 37.062643481068491, 10.282670801869958 ], [ 37.070509525812355, 10.277020959274159 ], [ 37.075150381583036, 10.271666904807308 ], [ 37.078907621028506, 10.264312537284676 ], [ 37.087906400807, 10.260432363788633 ], [ 37.09497659725988, 10.259164124710882 ], [ 37.115410478321621, 10.251636410986578 ], [ 37.1356410258621, 10.246920113026391 ], [ 37.175338782549431, 10.244246934498864 ], [ 37.182617730601962, 10.242204182172292 ], [ 37.191174541338981, 10.23721085127608 ], [ 37.196804351290659, 10.231851308179497 ], [ 37.200703727479549, 10.224237683845658 ], [ 37.198294356673003, 10.214817802404054 ], [ 37.183328885664338, 10.188950106705192 ], [ 37.171761869359983, 10.174906364206334 ], [ 37.169113451811334, 10.169446847635195 ], [ 37.16850842548395, 10.164219809309511 ], [ 37.180582718322889, 10.145326941574853 ], [ 37.191543949885052, 10.11250680151336 ], [ 37.196311566342509, 10.105477409725054 ], [ 37.214122763695798, 10.088860738741777 ], [ 37.221306610717811, 10.084866556610702 ], [ 37.241553473960799, 10.076564189639106 ], [ 37.262690736008295, 10.077625667052098 ], [ 37.272448661716965, 10.074592885730455 ], [ 37.283316260507867, 10.065845935048873 ], [ 37.28852039574447, 10.06383408671971 ], [ 37.297348022921106, 10.053805210720979 ], [ 37.300533286564459, 10.039732139885055 ], [ 37.306418726839674, 10.027611174859642 ], [ 37.318632028670272, 10.019008873142356 ], [ 37.324063799945485, 10.009061382817814 ], [ 37.340112084021072, 10.005478353742316 ], [ 37.345560866811503, 10.006777970203592 ], [ 37.350111961792017, 10.012907762438289 ], [ 37.357793225224363, 10.041188418414825 ], [ 37.363004884630563, 10.044134970404302 ], [ 37.374385531369327, 10.04315583701867 ], [ 37.38121049210109, 10.044055393177729 ], [ 37.388114077084708, 10.047500143370826 ], [ 37.399086405237924, 10.047106543493317 ], [ 37.425165575013416, 10.034743505444531 ], [ 37.445281545520629, 10.015517996120302 ], [ 37.454028278651137, 10.013289250647817 ], [ 37.462142504376196, 10.013072232317057 ], [ 37.476561949041852, 10.015897594406669 ], [ 37.478886456012226, 10.010142246459106 ], [ 37.48394756982038, 10.004468384219344 ], [ 37.489358387075278, 10.0040043991297 ], [ 37.502417056947309, 9.998908119649903 ], [ 37.520545071390067, 10.000873698058708 ], [ 37.530050735080721, 9.997136896957745 ], [ 37.546975701230146, 9.978401378091608 ], [ 37.5521766598902, 9.974390039483042 ], [ 37.55374329988711, 9.959518001677301 ], [ 37.558046730879049, 9.954825056638631 ], [ 37.575137150238263, 9.942912689390633 ], [ 37.587749157757813, 9.940362855676367 ], [ 37.59144822876776, 9.933948068713956 ], [ 37.59048417367552, 9.927815609218422 ], [ 37.59321171289492, 9.919731307445399 ], [ 37.600132398346325, 9.918757358038754 ], [ 37.613643067383251, 9.910377865591981 ], [ 37.618269159764587, 9.902659019844977 ], [ 37.619042310040051, 9.894858367356269 ], [ 37.62438243601067, 9.890008768895521 ], [ 37.637440279715001, 9.886519009989462 ], [ 37.642197399197102, 9.883452259016765 ], [ 37.652400623400524, 9.870080386083735 ], [ 37.662669197605005, 9.861456093594812 ], [ 37.667743999097965, 9.86043616193408 ], [ 37.675311313001068, 9.862887006224398 ], [ 37.681209720735104, 9.863289181311707 ], [ 37.685933161390139, 9.858486248794028 ], [ 37.695382519681161, 9.843675836995242 ], [ 37.701469327902323, 9.837688002199293 ], [ 37.711474631510967, 9.843587436894115 ], [ 37.717823306341053, 9.843529413805738 ], [ 37.725164185678366, 9.845517204470093 ], [ 37.731514363657332, 9.845832149042895 ], [ 37.736822823872572, 9.841767479137113 ], [ 37.743710014790395, 9.841635459355867 ], [ 37.749046524560057, 9.847636908832721 ], [ 37.749348243910411, 9.856911092512394 ], [ 37.754774113234802, 9.85804882407133 ], [ 37.761787318118103, 9.852901389179006 ], [ 37.76990753818113, 9.852413891430517 ], [ 37.775410966627589, 9.857473922325276 ], [ 37.80140304408166, 9.862795333747682 ], [ 37.807811571565587, 9.866261665877687 ], [ 37.816841413056892, 9.86812104414002 ], [ 37.824074101532872, 9.874860780716135 ], [ 37.831642655419614, 9.88560669003042 ], [ 37.837234525478898, 9.888860627627947 ], [ 37.843501290975112, 9.897671200061318 ], [ 37.84923695317584, 9.89854597076903 ], [ 37.856757236974339, 9.89690924639654 ], [ 37.860042514133333, 9.901188937896352 ], [ 37.859582028711777, 9.906795447865175 ], [ 37.861211940579956, 9.913755245579654 ], [ 37.865283680063087, 9.913828208660661 ], [ 37.870753513021178, 9.90850099648172 ], [ 37.875281988522005, 9.912130655650069 ], [ 37.876750056287904, 9.917272197204298 ], [ 37.880976480329721, 9.922474006178707 ], [ 37.893850910807608, 9.928224155944385 ], [ 37.902213241282013, 9.931339257418568 ], [ 37.910148044059497, 9.931413462330173 ], [ 37.924227357900854, 9.915714109470541 ], [ 37.930896875058657, 9.915553427646259 ], [ 37.935901200876657, 9.919952181958166 ], [ 37.93614445484635, 9.926928353046069 ], [ 37.931610302358379, 9.931482022421779 ], [ 37.933104717823326, 9.936743386052472 ], [ 37.933660578828423, 9.942243235145728 ], [ 37.939567522443774, 9.945043460735679 ], [ 37.952758858817958, 9.939360697657539 ], [ 37.957890401477471, 9.939601852047765 ], [ 37.979242124869742, 9.950044832704508 ], [ 37.994245455186231, 9.950049010528517 ], [ 38.000057804482992, 9.95454450511968 ], [ 38.003385508805543, 9.960597790397912 ], [ 38.009279143362832, 9.965096567112219 ], [ 38.016837040136927, 9.967739973303754 ], [ 38.026407036596488, 9.969273518272061 ], [ 38.03470066077, 9.968483804527908 ], [ 38.044411189862956, 9.970740952517865 ], [ 38.048939121963379, 9.982492397958373 ], [ 38.060757616108617, 9.982763567941168 ], [ 38.065141648624113, 9.998854132639659 ], [ 38.070622817641173, 10.002482287070444 ], [ 38.082034135987627, 10.003133675410504 ], [ 38.083534702958083, 10.008471698564978 ], [ 38.081105874059148, 10.016180433185793 ], [ 38.088389600136956, 10.021207455916082 ], [ 38.094907579190426, 10.021174027335311 ], [ 38.10154731807409, 10.023213633905266 ], [ 38.113955750224996, 10.016948473107037 ], [ 38.119104234043036, 10.018707326701991 ], [ 38.117916563226764, 10.024573617517261 ], [ 38.119153957123871, 10.029947472362357 ], [ 38.126129928577441, 10.04411161067658 ], [ 38.131767063244894, 10.048403788582148 ], [ 38.13777839505142, 10.048368179221956 ], [ 38.142985767966174, 10.044206270261549 ], [ 38.145956692598588, 10.037641957129908 ], [ 38.151393008881286, 10.036076843025707 ], [ 38.161182023725914, 10.045056606299861 ], [ 38.168167725643102, 10.047037898065579 ], [ 38.170734818915825, 10.051612483495695 ], [ 38.171439674221986, 10.058705757007109 ], [ 38.177456690838547, 10.064058106639358 ], [ 38.185129545781862, 10.067789241127542 ], [ 38.204573906409415, 10.082734082549843 ], [ 38.217219276773541, 10.087314817269201 ], [ 38.222803959960636, 10.093202572246883 ], [ 38.241256604084214, 10.103582943754002 ], [ 38.248618719858726, 10.102898592851847 ], [ 38.252349911604568, 10.097428553630968 ], [ 38.253205780401274, 10.089378258326235 ], [ 38.258940096645333, 10.088603297409373 ], [ 38.272591329013359, 10.092750367535153 ], [ 38.281604072242928, 10.091876898120132 ], [ 38.286956706077802, 10.089488081670718 ], [ 38.29610612821088, 10.090197974563683 ], [ 38.301184632026107, 10.096354906449744 ], [ 38.303098057850214, 10.104395023831479 ], [ 38.309432423051909, 10.108901262231342 ], [ 38.322641281963804, 10.10813526603947 ], [ 38.327349404872969, 10.115495547695531 ], [ 38.324545082690108, 10.12438082664427 ], [ 38.326793858374238, 10.134065630927406 ], [ 38.334151822371787, 10.152307324572623 ], [ 38.340881865951246, 10.157166026470591 ], [ 38.34911127014972, 10.159784924050413 ], [ 38.354908078597759, 10.156018561081638 ], [ 38.357846473185852, 10.151787250907107 ], [ 38.358893689093563, 10.145256153886432 ], [ 38.367135005880577, 10.141430948852401 ], [ 38.376464262103106, 10.141300079933661 ], [ 38.398333548714398, 10.145222958644451 ], [ 38.401770331926471, 10.149586557808043 ], [ 38.402888927406877, 10.155649485010599 ], [ 38.407144123614742, 10.161315915505126 ], [ 38.426558892966952, 10.172698638453602 ], [ 38.426728250178392, 10.178772781115761 ], [ 38.42188438268952, 10.181694298992966 ], [ 38.430877942923267, 10.194073664388091 ], [ 38.420225570352287, 10.214168617698826 ], [ 38.420219038170828, 10.220785368829111 ], [ 38.425008684220934, 10.223645592893433 ], [ 38.431552710188271, 10.232559775742065 ], [ 38.448907931130577, 10.24118842897645 ], [ 38.455026299206004, 10.247625332280856 ], [ 38.456585462758049, 10.254827440446519 ], [ 38.456171655439334, 10.262070055512169 ], [ 38.463507224290119, 10.268606568314983 ], [ 38.461714801995917, 10.276897057056098 ], [ 38.458703916943506, 10.282942165188445 ], [ 38.460902618626186, 10.290902495410055 ], [ 38.473364656242033, 10.292736699694704 ], [ 38.466926264018539, 10.306155723283059 ], [ 38.468759511372895, 10.312020598324379 ], [ 38.474557189350136, 10.315538426685208 ], [ 38.476144607183812, 10.323324817200394 ], [ 38.475901143170709, 10.331595341081693 ], [ 38.482037284276174, 10.345294004455464 ], [ 38.480376123527151, 10.35205276895447 ], [ 38.476925405576338, 10.357151988600616 ], [ 38.47751252521217, 10.364185700000881 ], [ 38.484327224765408, 10.366374406556204 ], [ 38.491215660278847, 10.364933076410818 ], [ 38.487166169742743, 10.372879153307192 ], [ 38.489530012541145, 10.393930623421582 ], [ 38.483023230933334, 10.406132917495075 ], [ 38.482355773388242, 10.417529252589178 ], [ 38.48546191336839, 10.427888076705301 ], [ 38.486355416256231, 10.439513050092243 ], [ 38.481784901051434, 10.444716366602405 ], [ 38.480702261677315, 10.450974465406574 ], [ 38.483290003152845, 10.456198974725638 ], [ 38.480294447769573, 10.461191801334532 ], [ 38.486455188706699, 10.474722205117496 ], [ 38.487057497584438, 10.482626382906425 ], [ 38.479422088709477, 10.492353693255568 ], [ 38.478322883034231, 10.499542638533478 ], [ 38.480858823072055, 10.505389789711655 ], [ 38.480060078679735, 10.512709719081615 ], [ 38.470822877636387, 10.525249647474871 ], [ 38.469318829706054, 10.535774703899637 ], [ 38.464098080416932, 10.543071901181726 ], [ 38.464144986801067, 10.55212707173221 ], [ 38.468224154953994, 10.565860882039079 ], [ 38.463463023508716, 10.585871187043129 ], [ 38.464100535913424, 10.592675461651536 ], [ 38.469354371909368, 10.597123417984498 ], [ 38.475596265748578, 10.6309662311051 ], [ 38.481693182802118, 10.637958892928458 ], [ 38.487077089277534, 10.639583971826093 ], [ 38.491163390667701, 10.643550351625549 ], [ 38.497216595078065, 10.658154787838562 ], [ 38.506346435366424, 10.666784731790941 ], [ 38.507483881476503, 10.6818110733923 ], [ 38.512809680964857, 10.686841936585447 ], [ 38.514688301058612, 10.691643338728072 ], [ 38.513903477873193, 10.697505161500466 ], [ 38.510095906317083, 10.703619478382352 ], [ 38.508920608423402, 10.716105388061976 ], [ 38.511199997449097, 10.723577077273507 ], [ 38.510471935025919, 10.731455733181958 ], [ 38.508088362210913, 10.736284121768524 ], [ 38.508945292471722, 10.749750935172312 ], [ 38.513204979873755, 10.762427050786995 ], [ 38.521899466397443, 10.777029222206545 ], [ 38.530067447001258, 10.782926688778929 ], [ 38.529170193337364, 10.789201240649694 ], [ 38.523347233831061, 10.794075468986181 ], [ 38.526626848925275, 10.801078265179383 ], [ 38.520080406829386, 10.805585643332865 ], [ 38.509084590709676, 10.833609578104278 ], [ 38.508743782767255, 10.839929775205633 ], [ 38.516925405065159, 10.85133348101774 ], [ 38.519485717806589, 10.864835068878266 ], [ 38.524113631319608, 10.871268443397859 ], [ 38.526643498417982, 10.879736186893107 ], [ 38.523541740616942, 10.893875464489339 ], [ 38.517744197032926, 10.908482250937697 ], [ 38.517631754206491, 10.916674047439511 ], [ 38.509626852599496, 10.93376941741673 ], [ 38.504043413877611, 10.938547689727299 ], [ 38.499172413423523, 10.956177576401974 ], [ 38.493453880907019, 10.963971149845525 ], [ 38.498603985953416, 10.972009333740711 ], [ 38.498162762347178, 10.979055885445906 ], [ 38.490221826986527, 10.994162004860687 ], [ 38.478293491819379, 11.029056113111002 ], [ 38.474132844300577, 11.035545606867704 ] ] ] } },
{ "type": "Feature", "properties": { "shapeName": "East Harerge", "shapeISO": "", "shapeID": "57463737B249587140491", "shapeGroup": "ETH", "shapeType": "ADM2" }, "geometry": { "type": "Polygon", "coordinates": [ [ [ 41.868005156402035, 7.53394370750703 ], [ 41.868695196513094, 7.539343210088177 ], [ 41.878975570808414, 7.563780957844566 ], [ 41.905706578122007, 7.637084198285845 ], [ 41.94339794590757, 7.728615741687164 ], [ 41.958048530412121, 7.77593139117953 ], [ 41.913307764281683, 7.845535312379242 ], [ 41.923068665248849, 7.979233170665167 ], [ 41.927249280870839, 8.081683889817032 ], [ 41.949310439355003, 8.202002897598456 ], [ 42.027961493806366, 8.324121937778152 ], [ 42.026913540322575, 8.426922157526437 ], [ 42.042214033714231, 8.448550117843785 ], [ 42.070634988398083, 8.495055764498984 ], [ 42.098655820520761, 8.520068349859692 ], [ 42.216529247776833, 8.612274373353099 ], [ 42.233589797913559, 8.636102120162947 ], [ 42.240579997796381, 8.640951643352906 ], [ 42.263990556306673, 8.637021876739677 ], [ 42.275910734710045, 8.61617369681729 ], [ 42.295601061317889, 8.58711622320895 ], [ 42.308061225606373, 8.560718547153082 ], [ 42.323951495682728, 8.537850528717909 ], [ 42.503475669519908, 8.493163610007098 ], [ 42.52105602977521, 8.479794727687755 ], [ 42.530686138240569, 8.455916844589559 ], [ 42.539646045342558, 8.398312019533748 ], [ 42.550996068993761, 8.351596200782399 ], [ 42.567945971020677, 8.256714726625095 ], [ 42.57901610232085, 8.229637127658251 ], [ 42.616896657747155, 8.160713187798562 ], [ 42.631546915817644, 8.141544851219232 ], [ 42.652327362622209, 8.13078571832102 ], [ 42.662277612295554, 8.13139561198531 ], [ 42.679438118805365, 8.148433972852715 ], [ 42.70251885149932, 8.180720920082404 ], [ 42.712079225083812, 8.207868400015252 ], [ 42.720069631169395, 8.246764824532626 ], [ 42.735800278420257, 8.295470309054462 ], [ 42.754870974245243, 8.338216321178145 ], [ 42.769091462003118, 8.36426387710557 ], [ 42.780301792794425, 8.37435289986667 ], [ 42.799112229495194, 8.37116308447531 ], [ 42.859023804757825, 8.392780788739582 ], [ 42.885334485719163, 8.399600025066087 ], [ 42.899774894953062, 8.410188984212633 ], [ 42.897955115726212, 8.458834564410141 ], [ 42.911755683493851, 8.499860759900583 ], [ 42.913295849597787, 8.523178626890829 ], [ 42.908535887628496, 8.550106208027692 ], [ 42.906246017017558, 8.583293198452827 ], [ 42.899715979107469, 8.603741378477091 ], [ 42.860805221056822, 8.637368537614234 ], [ 42.839344853248711, 8.665456104739725 ], [ 42.832914872625437, 8.696293333048846 ], [ 42.838055190780551, 8.728890341276211 ], [ 42.844845527219498, 8.758977571660104 ], [ 42.858470018941944, 8.786177019781217 ], [ 42.866286318848324, 8.805403228162344 ], [ 42.866256434644448, 8.826161340966543 ], [ 42.850476166677034, 8.845339689028414 ], [ 42.806085229852279, 8.871077603086485 ], [ 42.762104427866156, 8.918753531878933 ], [ 42.731563858603984, 8.949060954773714 ], [ 42.70399337182063, 8.981948128205282 ], [ 42.681053005612291, 9.016055169007609 ], [ 42.663212768126179, 9.049992189017157 ], [ 42.645272468512132, 9.074010116571195 ], [ 42.620221947645646, 9.090308784872196 ], [ 42.600267269529049, 9.107200228586175 ], [ 42.610351876477765, 9.11948619810406 ], [ 42.626882364939966, 9.133104867110566 ], [ 42.636032659723654, 9.144993736937229 ], [ 42.63562273911635, 9.159542420637203 ], [ 42.615222324265496, 9.174981135445515 ], [ 42.596401981432912, 9.194609467147412 ], [ 42.58451181620017, 9.216397568042835 ], [ 42.580531846892804, 9.238515586842395 ], [ 42.571911756735723, 9.259193759213646 ], [ 42.562001589267339, 9.271312721477727 ], [ 42.552281440539709, 9.287581309108603 ], [ 42.547871445654756, 9.306239639827506 ], [ 42.557211775506318, 9.322058155002759 ], [ 42.55250180198518, 9.34624599359616 ], [ 42.538374434477973, 9.373984087663001 ], [ 42.553103311147773, 9.383100789459993 ], [ 42.568043956836796, 9.397105858820957 ], [ 42.585785951908584, 9.41017723339564 ], [ 42.60446169720047, 9.417646538827022 ], [ 42.618468534646134, 9.427916903660694 ], [ 42.641813285454909, 9.448457661697503 ], [ 42.656753896666501, 9.456860665940797 ], [ 42.667025548526716, 9.459661635157964 ], [ 42.682899961537757, 9.47086566565709 ], [ 42.71558246332669, 9.475533851633982 ], [ 42.729589289529414, 9.483936860733825 ], [ 42.737059644957725, 9.4960746189965 ], [ 42.748265104489398, 9.502610290029757 ], [ 42.777212501059687, 9.51288056094231 ], [ 42.788417989717104, 9.524084618348088 ], [ 42.814564278298221, 9.573569347314498 ], [ 42.841644104610118, 9.583839627644455 ], [ 42.864988750231134, 9.587574190557701 ], [ 42.880863081718033, 9.585706737452567 ], [ 42.893002219213358, 9.575436212807032 ], [ 42.909810275990615, 9.564231982385026 ], [ 42.921949490477417, 9.566099260592548 ], [ 42.944360468773901, 9.588507371623338 ], [ 42.969572688287727, 9.593175598554986 ], [ 42.980778201228127, 9.608114361975433 ], [ 42.978910769156421, 9.629588946954472 ], [ 42.964904170196874, 9.656665671123246 ], [ 42.951831290793812, 9.673471942355835 ], [ 42.935956995568958, 9.680941459980065 ], [ 42.926619099596884, 9.673472101518859 ], [ 42.918214940106978, 9.658533320552399 ], [ 42.908877043028568, 9.651063962181958 ], [ 42.898605410270463, 9.651064026438039 ], [ 42.854717597145076, 9.663202105205375 ], [ 42.823902772841457, 9.675340102318764 ], [ 42.791220419173641, 9.694013852069784 ], [ 42.751067778667498, 9.711753972422349 ], [ 42.731458359376866, 9.722024545628454 ], [ 42.714650354637904, 9.741631873432823 ], [ 42.704378831991775, 9.759371807149661 ], [ 42.695041048256861, 9.769642316498064 ], [ 42.681968092740568, 9.775244462904274 ], [ 42.664719414776592, 9.777515212842083 ], [ 42.648351836960479, 9.776178351292343 ], [ 42.61940439217625, 9.759372340691872 ], [ 42.568979861749739, 9.737898076442454 ], [ 42.499879662355482, 9.722025990097469 ], [ 42.449455270150224, 9.722959980089859 ], [ 42.377490789151139, 9.714812093998987 ], [ 42.356679217882196, 9.718833476556322 ], [ 42.347108997186034, 9.722333218825616 ], [ 42.34069066227628, 9.720589698057674 ], [ 42.329258503828953, 9.714354053035807 ], [ 42.31905819822088, 9.706634811150051 ], [ 42.286857206084498, 9.677117675938193 ], [ 42.272766794489776, 9.667928591166479 ], [ 42.259551370504056, 9.652560058670256 ], [ 42.241685950993848, 9.657619708908719 ], [ 42.22143543886763, 9.657139879777352 ], [ 42.201444921520363, 9.654120269720893 ], [ 42.181294362502427, 9.645321186201791 ], [ 42.143163256140745, 9.621273588241502 ], [ 42.125772785525143, 9.615504207936999 ], [ 42.128762761728815, 9.59935564924932 ], [ 42.134322801106599, 9.583477052252876 ], [ 42.147043052858358, 9.571618040727536 ], [ 42.153513123124931, 9.557359295461573 ], [ 42.139812646254597, 9.535681328143879 ], [ 42.11059175087248, 9.508953913927614 ], [ 42.097171380022367, 9.50230459224441 ], [ 42.081970914589334, 9.489155870239097 ], [ 42.07568267213702, 9.474711215279484 ], [ 42.068525495861046, 9.475802156009905 ], [ 42.053050207758183, 9.492945704573581 ], [ 42.044820046019723, 9.499305174715435 ], [ 42.03262976810592, 9.505394697443263 ], [ 42.020009478471877, 9.509164433263283 ], [ 41.996268869248844, 9.507454729797766 ], [ 41.983433557568539, 9.509484622345941 ], [ 41.939657277119096, 9.480537491230095 ], [ 41.914286593140694, 9.473458274250659 ], [ 41.860615333087608, 9.489007189918121 ], [ 41.839584740132096, 9.47890822304946 ], [ 41.816104140747541, 9.477738463243096 ], [ 41.793453639493094, 9.490507442194156 ], [ 41.773903157609354, 9.492047422320431 ], [ 41.755432646338065, 9.485568111970966 ], [ 41.735522064350967, 9.472479406105137 ], [ 41.722851724288091, 9.468529835108363 ], [ 41.703181218184461, 9.467650025335113 ], [ 41.671100424604333, 9.471629855564363 ], [ 41.655060082016583, 9.482228995230269 ], [ 41.643499986364169, 9.51613601016002 ], [ 41.633639727275373, 9.514316229298613 ], [ 41.598628826828978, 9.512406606116613 ], [ 41.565057946213138, 9.507937195877837 ], [ 41.541507299788115, 9.500577996614638 ], [ 41.522966742018099, 9.486319383221801 ], [ 41.491865789282599, 9.458422065407646 ], [ 41.479935504435879, 9.461021906855152 ], [ 41.433514410229797, 9.476850744441638 ], [ 41.393983455207767, 9.486750083492167 ], [ 41.359932606798637, 9.49111988105683 ], [ 41.337392060345287, 9.495629605050487 ], [ 41.309591395115497, 9.504069007904812 ], [ 41.280570638057696, 9.502529305343957 ], [ 41.268450321085929, 9.500359572090415 ], [ 41.253144929834555, 9.501374567600568 ], [ 41.240209591004948, 9.499789782781411 ], [ 41.220779041936879, 9.49171061905683 ], [ 41.212463221381093, 9.481989311993148 ], [ 41.217698887993485, 9.477791884045832 ], [ 41.233718874087259, 9.403068497755115 ], [ 41.260259248083038, 9.349563150235486 ], [ 41.266787292274401, 9.327133134252431 ], [ 41.268479233154629, 9.309226726725944 ], [ 41.277739335941135, 9.285588799440891 ], [ 41.291899608238637, 9.269480172454955 ], [ 41.298889677628459, 9.249981882535588 ], [ 41.247047969700667, 9.180968362751875 ], [ 41.254018018264844, 9.156890486993669 ], [ 41.278718525252238, 9.134312382894816 ], [ 41.298818921438709, 9.113594137794605 ], [ 41.313389165803954, 9.090846098113026 ], [ 41.312529007415279, 9.065678366256334 ], [ 41.308888768774572, 9.0396107310271 ], [ 41.306848553536589, 9.009413459187266 ], [ 41.299528219337446, 8.982455921617317 ], [ 41.290647884958311, 8.961907810828549 ], [ 41.274607340872613, 8.936370197638347 ], [ 41.252256544752157, 8.893704147727009 ], [ 41.222115567501504, 8.855407748806128 ], [ 41.179362011951198, 8.76636397808644 ], [ 41.175463803896228, 8.746237808808104 ], [ 41.179703795289086, 8.724239764089587 ], [ 41.1945641009113, 8.709521010025732 ], [ 41.22113468453977, 8.691992446955272 ], [ 41.242175117159682, 8.672434095000357 ], [ 41.256325391863264, 8.655885513891482 ], [ 41.264945497340896, 8.635237326636194 ], [ 41.267085411648374, 8.608219746153031 ], [ 41.26664521231384, 8.570693119275331 ], [ 41.269755191096451, 8.551454835400564 ], [ 41.274715223543183, 8.533126458039256 ], [ 41.275525144712944, 8.514348151093486 ], [ 41.26875487288612, 8.494699948061838 ], [ 41.25955440661636, 8.448744128398785 ], [ 41.259904306427643, 8.427456044873979 ], [ 41.266444354823797, 8.404308097609471 ], [ 41.276214501646137, 8.384589820788943 ], [ 41.312555238432964, 8.348952845083232 ], [ 41.322635476721857, 8.345253132739771 ], [ 41.361196440543644, 8.342793158551334 ], [ 41.383866949788214, 8.330114185533988 ], [ 41.407397430025533, 8.308036059721296 ], [ 41.42465768831871, 8.272959133320546 ], [ 41.441998024209177, 8.253440805778494 ], [ 41.46907848756851, 8.210084576283871 ], [ 41.48482880087424, 8.193775969965472 ], [ 41.533699816089722, 8.150559626103057 ], [ 41.553310190954249, 8.128061557548147 ], [ 41.568550458516228, 8.103753675253017 ], [ 41.570960406638463, 8.082245605629955 ], [ 41.564090024954865, 8.038369596855945 ], [ 41.563929867701937, 8.007272397327936 ], [ 41.54942941462469, 7.988844136110894 ], [ 41.547484324545522, 7.980974851071376 ], [ 41.534768933550922, 7.965456313787552 ], [ 41.525363657958835, 7.957562074579546 ], [ 41.524378602279711, 7.950337728187074 ], [ 41.526278591748273, 7.939468696604256 ], [ 41.544298918151526, 7.912931007965071 ], [ 41.551728869029418, 7.865245269238315 ], [ 41.566249174570878, 7.852486353383689 ], [ 41.585719643163522, 7.84904657080183 ], [ 41.595119793199011, 7.830848164972817 ], [ 41.594069628321108, 7.802490735415256 ], [ 41.590689393632537, 7.770963595415332 ], [ 41.595168549159453, 7.746434674286047 ], [ 41.607649641279259, 7.73346689860228 ], [ 41.625170015534103, 7.721357906634689 ], [ 41.640210356312899, 7.713628533657702 ], [ 41.652550644922592, 7.709358866210933 ], [ 41.649240523644508, 7.701619574620802 ], [ 41.654460549522796, 7.678911604791615 ], [ 41.677951082723368, 7.668792404580306 ], [ 41.675020939255845, 7.653953758746384 ], [ 41.677150932675204, 7.640894931343992 ], [ 41.696361386428848, 7.636775213888436 ], [ 41.701551484064716, 7.630075793027568 ], [ 41.70214146626094, 7.622296492365897 ], [ 41.707741554825553, 7.61193740009309 ], [ 41.724451955196244, 7.609447547486486 ], [ 41.742432353779463, 7.598938415767754 ], [ 41.762962823884067, 7.590459088076784 ], [ 41.78126317915055, 7.56874096615017 ], [ 41.797393518280813, 7.557341914574626 ], [ 41.836974473090841, 7.551612252298915 ], [ 41.84272453848854, 7.535083720196721 ], [ 41.843874480581988, 7.517225326610496 ], [ 41.865735018878198, 7.516115323396505 ], [ 41.868005156402035, 7.53394370750703 ] ], [ [ 42.074599147094347, 9.22198002931699 ], [ 42.062242874346019, 9.227475605285152 ], [ 42.06064889743152, 9.238668604272133 ], [ 42.05978894640171, 9.250447546614803 ], [ 42.061419083786511, 9.266886057262532 ], [ 42.065589300027824, 9.285904314328215 ], [ 42.071379552738307, 9.304952563197709 ], [ 42.086170078410355, 9.330120204016769 ], [ 42.109620868629314, 9.365126901279693 ], [ 42.115141057477651, 9.37351611336835 ], [ 42.13006153119273, 9.38967457135483 ], [ 42.147531957378987, 9.388514570122668 ], [ 42.169492365798199, 9.363836674124457 ], [ 42.188352829105057, 9.362686662438637 ], [ 42.222793800987965, 9.380474857379664 ], [ 42.238994237682775, 9.385944267710341 ], [ 42.253914599528407, 9.384804276408532 ], [ 42.262184747925133, 9.374515161217605 ], [ 42.271228090439969, 9.362668401070184 ], [ 42.259434444037595, 9.335418711565151 ], [ 42.26588452441667, 9.322329857824029 ], [ 42.266964488895681, 9.31078089338507 ], [ 42.260824269714611, 9.299841917446658 ], [ 42.25122395224011, 9.286543174498133 ], [ 42.250263836710651, 9.271044579039664 ], [ 42.257243902314102, 9.253566125885438 ], [ 42.26317399668082, 9.244636893373695 ], [ 42.269634078329695, 9.230618126691681 ], [ 42.272954076486535, 9.21668436466668 ], [ 42.265633791719353, 9.198906015983406 ], [ 42.260363630196039, 9.193291554339309 ], [ 42.246943263887069, 9.188022103984681 ], [ 42.234632945276729, 9.186932276602063 ], [ 42.221702684952128, 9.197391409778426 ], [ 42.209402469639819, 9.212950068571526 ], [ 42.198372244630207, 9.220889416632088 ], [ 42.183061839860486, 9.217909773424037 ], [ 42.166631393794184, 9.211440458017137 ], [ 42.14947094200533, 9.207280930446945 ], [ 42.128260529208085, 9.227569222509169 ], [ 42.113320178785308, 9.231758928403242 ], [ 42.074599147094347, 9.22198002931699 ] ] ] } },
{ "type": "Feature", "properties": { "shapeName": "East Shewa", "shapeISO": "", "shapeID": "57463737B77878883306359", "shapeGroup": "ETH", "shapeType": "ADM2" }, "geometry": { "type": "Polygon", "coordinates": [ [ [ 38.419743047870455, 7.570629664856178 ], [ 38.433767111137058, 7.578584174047586 ], [ 38.450457603170598, 7.590953013667487 ], [ 38.458167882947627, 7.610041291897438 ], [ 38.475088383538044, 7.623090077111878 ], [ 38.499159062738968, 7.634498972840166 ], [ 38.512629482810439, 7.650337520302226 ], [ 38.536050179049411, 7.669805705874119 ], [ 38.565840978726968, 7.669895586560068 ], [ 38.586561485337803, 7.659206450363214 ], [ 38.609662102611033, 7.66116618928501 ], [ 38.668403737366226, 7.67930435031278 ], [ 38.697044508603213, 7.683543870186608 ], [ 38.72424520351916, 7.675344485960747 ], [ 38.754905986480544, 7.668744952333039 ], [ 38.786426820589234, 7.668194883817819 ], [ 38.78570687188116, 7.686543257092303 ], [ 38.777996768418944, 7.710981117286336 ], [ 38.762686461006751, 7.736838888898988 ], [ 38.74108596175256, 7.755607303594965 ], [ 38.716675352687503, 7.765856493628457 ], [ 38.695974859719158, 7.780235300191531 ], [ 38.687764712552621, 7.797083841502557 ], [ 38.697975022752914, 7.806932924009143 ], [ 38.709375384014237, 7.8218415620557 ], [ 38.708325420506036, 7.838650076489229 ], [ 38.71785571619867, 7.849189097852418 ], [ 38.736616254392828, 7.858528197890442 ], [ 38.807478347033047, 7.910513302781587 ], [ 38.820168749247465, 7.927581737149292 ], [ 38.873205398185171, 7.986201322968615 ], [ 38.895021026989113, 7.998845113999275 ], [ 38.906061397203075, 8.017053454330926 ], [ 38.934372290314528, 8.051390284631523 ], [ 38.941042534330329, 8.067958787987582 ], [ 38.942632652049824, 8.086367145055874 ], [ 38.947662898698873, 8.113514719832935 ], [ 38.957553247376474, 8.132862961144772 ], [ 38.971143662122422, 8.147381612557387 ], [ 38.982654062120936, 8.168099730447123 ], [ 38.988144382870338, 8.209965988944527 ], [ 38.992964602951226, 8.23228399015578 ], [ 39.000324898700839, 8.254841949502588 ], [ 39.012995324406987, 8.276709956885336 ], [ 39.030515861010855, 8.292608471280714 ], [ 39.056786619836735, 8.307427044472863 ], [ 39.080117224099077, 8.304177230081153 ], [ 39.100657720005287, 8.293398099254901 ], [ 39.121188281160272, 8.297337662127681 ], [ 39.141203860597926, 8.308316599748235 ], [ 39.157859320358703, 8.313256087562344 ], [ 39.174239707481831, 8.301547061215551 ], [ 39.187399965430963, 8.281338794622718 ], [ 39.195020088687571, 8.263640332047995 ], [ 39.196640063707079, 8.247551756820107 ], [ 39.208156273927329, 8.226153610098267 ], [ 39.217870513773192, 8.222743869032238 ], [ 39.234931004313836, 8.231043064327537 ], [ 39.251759498994311, 8.242533965818899 ], [ 39.270442075512726, 8.262580105748297 ], [ 39.29487308702565, 8.346042573965175 ], [ 39.310783621870925, 8.372030195415451 ], [ 39.332234244520187, 8.383309097673029 ], [ 39.341004464557564, 8.381699205854437 ], [ 39.352304781922946, 8.386538719301166 ], [ 39.365915128501335, 8.382409028201906 ], [ 39.38343558295071, 8.381729011261989 ], [ 39.401206133571719, 8.400127294032133 ], [ 39.418046638942364, 8.412996073565761 ], [ 39.426768878518054, 8.415255837333321 ], [ 39.446551721890806, 8.4144470939217 ], [ 39.474788158018825, 8.418305353369446 ], [ 39.494618700441734, 8.423594787864152 ], [ 39.514929310119015, 8.440363209132459 ], [ 39.531089853613452, 8.465410905941923 ], [ 39.546100381608731, 8.494588238816348 ], [ 39.571951160702746, 8.516636158525229 ], [ 39.609102206004486, 8.530874717897332 ], [ 39.634932907406103, 8.535454197798535 ], [ 39.65755356940889, 8.550152779966611 ], [ 39.698512841925847, 8.59302077303796 ], [ 39.714375365592261, 8.615566691800344 ], [ 39.724785739879131, 8.636234798486438 ], [ 39.758026688425637, 8.65274317426613 ], [ 39.798157751699712, 8.655682722654021 ], [ 39.824928496731388, 8.663921861311147 ], [ 39.848019162761936, 8.677210570317088 ], [ 39.873889946926965, 8.698988505139672 ], [ 39.894000567669195, 8.719166612874536 ], [ 39.926531466451252, 8.728525623139086 ], [ 39.974292765802439, 8.738314516668517 ], [ 40.0029135619165, 8.748593459968673 ], [ 40.024394195073384, 8.763012072084324 ], [ 40.041274732348292, 8.783180194024276 ], [ 40.06725567379582, 8.835685383645686 ], [ 40.067820730577985, 8.845024542853025 ], [ 40.052055301916823, 8.841684919802811 ], [ 40.041215021792894, 8.842164926096334 ], [ 40.025084618995514, 8.846104654355644 ], [ 40.011274311555923, 8.857143739573823 ], [ 40.011784396458857, 8.871832423690858 ], [ 40.020134705827019, 8.890180751253281 ], [ 40.037485249673267, 8.907579111099533 ], [ 40.044745620133753, 8.943365887103926 ], [ 40.05196590465269, 8.962404148893256 ], [ 40.048325888929639, 8.978932692603024 ], [ 40.035685641885749, 8.995491281817481 ], [ 40.02279533978016, 9.003320649239589 ], [ 40.000424782365457, 9.008200321406688 ], [ 39.969033936365555, 9.004600796743203 ], [ 39.948493398891557, 9.00464089631388 ], [ 39.952733640808013, 9.031028524888946 ], [ 39.943323489276068, 9.048726996369966 ], [ 39.929263146875442, 9.055186486051506 ], [ 39.919612965057098, 9.069445265589408 ], [ 39.916473033185362, 9.098372705118061 ], [ 39.909883032768711, 9.132829668845524 ], [ 39.899282789678082, 9.139969081513966 ], [ 39.878522272249917, 9.145758672940531 ], [ 39.849871484153553, 9.13915940327454 ], [ 39.818282932579201, 9.137344208658289 ], [ 39.808596619203513, 9.136475253009982 ], [ 39.802823728398984, 9.127082356551641 ], [ 39.7979926148004, 9.122498093061338 ], [ 39.79466607559754, 9.113775915139591 ], [ 39.781109370767197, 9.105383962870311 ], [ 39.764779020277643, 9.096163655071987 ], [ 39.743312622120314, 9.092292003262463 ], [ 39.7483563742529, 9.064171603759617 ], [ 39.747027977314538, 9.056194556563359 ], [ 39.741102585559787, 9.040581401091828 ], [ 39.742016034777016, 9.024064910979012 ], [ 39.747021612837813, 9.016301587707133 ], [ 39.747372465857602, 9.010801269546244 ], [ 39.748873080310091, 8.911328077973785 ], [ 39.739357365095572, 8.873114198547992 ], [ 39.737744028570141, 8.858264373984806 ], [ 39.732192389608556, 8.845247392862872 ], [ 39.734136893494195, 8.827297741156505 ], [ 39.717587172853122, 8.817139130571302 ], [ 39.680026822225791, 8.81671123097991 ], [ 39.662995337346473, 8.814251426682024 ], [ 39.650957914941309, 8.803812917258673 ], [ 39.634926116473203, 8.799855803727766 ], [ 39.617879789449049, 8.787930341502095 ], [ 39.599862018453067, 8.793936603632169 ], [ 39.592356815371566, 8.797933219319523 ], [ 39.562842708676747, 8.818898378391955 ], [ 39.552641838432898, 8.769813719081462 ], [ 39.53463131369535, 8.759024757869151 ], [ 39.501604556268703, 8.715880537517915 ], [ 39.493106887062645, 8.726351709922794 ], [ 39.471097279530056, 8.74281700233213 ], [ 39.45007994430474, 8.753302758162024 ], [ 39.440584407756873, 8.768755013066036 ], [ 39.432097788059238, 8.791179243581976 ], [ 39.41860434789168, 8.815601344060063 ], [ 39.406338162854176, 8.811020735855426 ], [ 39.387036251587837, 8.799696288282199 ], [ 39.37901586106026, 8.792233023639406 ], [ 39.375498730435972, 8.780780275194379 ], [ 39.374484094651592, 8.767830682884391 ], [ 39.377952870765021, 8.731963941613671 ], [ 39.361920614531826, 8.722017667984401 ], [ 39.34289978295763, 8.728012720099805 ], [ 39.332397516488527, 8.74196905374486 ], [ 39.325392663876897, 8.747952437886974 ], [ 39.306156883428173, 8.722793608128585 ], [ 39.299832519409385, 8.719581765580868 ], [ 39.286664564149376, 8.7188594787456 ], [ 39.271297366872744, 8.72558073387221 ], [ 39.26280133434561, 8.748001583892107 ], [ 39.273832182040508, 8.767917897257966 ], [ 39.272842628674013, 8.784107038923365 ], [ 39.255336235645345, 8.814254813397053 ], [ 39.244703960858025, 8.828739913056976 ], [ 39.244834627182136, 8.837672819277181 ], [ 39.266376003737484, 8.844133298881943 ], [ 39.26137272830924, 8.851608421517168 ], [ 39.238340100416046, 8.863080390218599 ], [ 39.24186417062019, 8.889975696301267 ], [ 39.259931911275267, 8.911068418275054 ], [ 39.266231138278634, 8.923435289653083 ], [ 39.259449251846476, 8.963682772858169 ], [ 39.270485217882722, 8.98160637188619 ], [ 39.289038769372091, 9.000021803984533 ], [ 39.297602003356964, 9.054307533413084 ], [ 39.316150596126043, 9.061265169999258 ], [ 39.347877399476808, 9.065212044981799 ], [ 39.357864298362365, 9.063117992542141 ], [ 39.355061076010109, 9.071778199473238 ], [ 39.349320738515154, 9.077616086719699 ], [ 39.349454818300984, 9.089098551380097 ], [ 39.343781083748119, 9.100677591720228 ], [ 39.329695626435125, 9.138237243540837 ], [ 39.32101596096755, 9.141253387565648 ], [ 39.324020525378494, 9.149816560715148 ], [ 39.294977186459484, 9.150299468909102 ], [ 39.250372071407092, 9.136617452280783 ], [ 39.231574974828376, 9.115624515906291 ], [ 39.214454462961797, 9.103445677459526 ], [ 39.189503879698357, 9.121614184276766 ], [ 39.166613256505599, 9.117944619360422 ], [ 39.147182689117493, 9.108755525500177 ], [ 39.128672103021067, 9.089437323080436 ], [ 39.11455161206144, 9.065069550203939 ], [ 39.101811145073945, 9.038861939564441 ], [ 39.081000469965666, 9.013794255080937 ], [ 39.060409819703111, 8.992636228086292 ], [ 39.047449340920238, 8.964798760947778 ], [ 39.039348969379169, 8.930761812449246 ], [ 39.032099528380421, 8.911396975288508 ], [ 39.017388295027189, 8.91304348550376 ], [ 39.00652805728798, 8.923392613922603 ], [ 39.000287968393017, 8.940861096221438 ], [ 38.988047708693117, 8.955349869638848 ], [ 38.955651938873451, 8.976498145932469 ], [ 38.937416477591064, 8.981077822509988 ], [ 38.92568620084409, 8.989087167317216 ], [ 38.919465991302786, 8.980262980346852 ], [ 38.903626512920702, 8.963459231855261 ], [ 38.897076455951897, 8.955885646522562 ], [ 38.901940691175938, 8.947190032161291 ], [ 38.897600870046645, 8.938076693058409 ], [ 38.892265051658434, 8.935382079384672 ], [ 38.862259289005401, 8.943726477872387 ], [ 38.856395976093502, 8.939342586865086 ], [ 38.861674578967857, 8.933228247127669 ], [ 38.880288305236107, 8.919365672780966 ], [ 38.87415039865872, 8.906147602690927 ], [ 38.87833274856181, 8.896840678298226 ], [ 38.870672229607564, 8.881829708463131 ], [ 38.869557965855755, 8.874091139958351 ], [ 38.864649760181173, 8.883905249853141 ], [ 38.859228632549048, 8.884692877636033 ], [ 38.847917829296698, 8.881074983718719 ], [ 38.841528210622478, 8.880906555448624 ], [ 38.833823841029471, 8.88396669317517 ], [ 38.826841379361873, 8.881242193381725 ], [ 38.827775956410385, 8.874721369922614 ], [ 38.83024972952245, 8.869838091514254 ], [ 38.824747524516035, 8.853815667457576 ], [ 38.82523283116808, 8.842390619214164 ], [ 38.818329641072488, 8.84035162973972 ], [ 38.813386780673788, 8.841073765080388 ], [ 38.798423147020387, 8.834544389375033 ], [ 38.792863934195751, 8.836835538689007 ], [ 38.781433723361381, 8.836978486428491 ], [ 38.779222041622567, 8.842867183079376 ], [ 38.778304108916537, 8.853482431873724 ], [ 38.773830491080972, 8.858524435925826 ], [ 38.762397196801103, 8.854671957198624 ], [ 38.767521309010597, 8.847950390288833 ], [ 38.756421001409699, 8.84609060456588 ], [ 38.753190858142084, 8.833201756154468 ], [ 38.754590809033509, 8.813653485135376 ], [ 38.745590459570671, 8.790625565957203 ], [ 38.740520239276442, 8.771987235294882 ], [ 38.736620011542094, 8.744369695044908 ], [ 38.737559951137875, 8.724581449553476 ], [ 38.742199979925168, 8.703653282663142 ], [ 38.748920063951353, 8.682265141781635 ], [ 38.751480037932261, 8.661566963352515 ], [ 38.748499874065523, 8.641308772137117 ], [ 38.722817099463654, 8.621992597028719 ], [ 38.717788927431023, 8.614111316641695 ], [ 38.72313894051409, 8.584203943953648 ], [ 38.72962905182046, 8.569955174695993 ], [ 38.747189496940919, 8.564925545793473 ], [ 38.761289829480319, 8.554596400228357 ], [ 38.763531811762348, 8.536511991402385 ], [ 38.754199379691038, 8.493841815244323 ], [ 38.755379322804252, 8.473363625102431 ], [ 38.760259352674971, 8.451055576585908 ], [ 38.762599322286711, 8.428747547735767 ], [ 38.761929236242452, 8.41309893238569 ], [ 38.752948907332915, 8.393750685662809 ], [ 38.736338424635889, 8.383821637122098 ], [ 38.716727829192223, 8.367673152944237 ], [ 38.688156915908621, 8.331476479063792 ], [ 38.666860370761967, 8.328064275069885 ], [ 38.651787023116711, 8.286189879790642 ], [ 38.662897156188237, 8.271950476146307 ], [ 38.702887711822413, 8.24558151044236 ], [ 38.716757885127407, 8.232272054370569 ], [ 38.716854514166698, 8.220561304463354 ], [ 38.693988328913008, 8.204499048355213 ], [ 38.683022629959353, 8.191544027785532 ], [ 38.679477111775569, 8.172344814358134 ], [ 38.685347054852329, 8.123576942717239 ], [ 38.680093713808922, 8.096936371527988 ], [ 38.673677995831888, 8.09098904012723 ], [ 38.667427981131759, 8.096729049157139 ], [ 38.654927949376841, 8.114869085506008 ], [ 38.635967889922505, 8.133459128318384 ], [ 38.630857883714967, 8.145179145295133 ], [ 38.604377907400398, 8.224049232665232 ], [ 38.601557946739085, 8.250739256674491 ], [ 38.594377932482921, 8.261309273383022 ], [ 38.561577769546261, 8.267199338002367 ], [ 38.550091156784816, 8.26379341575077 ], [ 38.542885158786532, 8.247221930838871 ], [ 38.543385104995068, 8.226962822099944 ], [ 38.552425207969712, 8.214103361164794 ], [ 38.568855417955525, 8.195044149784513 ], [ 38.582295563167065, 8.172995078676578 ], [ 38.588095609034355, 8.157355751598601 ], [ 38.589315535042005, 8.128357026401371 ], [ 38.584777842926457, 8.109228133725232 ], [ 38.594245507859782, 8.092008614925371 ], [ 38.622685891416715, 8.06953951340477 ], [ 38.616945762120508, 8.057790050556889 ], [ 38.613515665896848, 8.04443064811487 ], [ 38.628535523110976, 8.034725432189413 ], [ 38.625378931661949, 8.027286665396897 ], [ 38.610798886140572, 8.012712466874421 ], [ 38.613032234998272, 8.007973392472758 ], [ 38.59820068654561, 7.991722963343221 ], [ 38.589505042265237, 7.962204338167342 ], [ 38.587339947544827, 7.939398645417031 ], [ 38.576589710519904, 7.925420334146573 ], [ 38.56743451983094, 7.906506857662087 ], [ 38.563919205483906, 7.886339670387958 ], [ 38.550316938655989, 7.872019161842754 ], [ 38.528986798864189, 7.859579191505206 ], [ 38.513738944708869, 7.850057184178392 ], [ 38.504293300210087, 7.832100315378209 ], [ 38.500793187827185, 7.812371190971515 ], [ 38.493273185908855, 7.79654486325789 ], [ 38.445676611738541, 7.76068870105063 ], [ 38.443452063729069, 7.739984538701073 ], [ 38.439481946756985, 7.720025425861578 ], [ 38.426649120911854, 7.697921229020193 ], [ 38.413261641929232, 7.682715196035985 ], [ 38.411711346932663, 7.663397990354965 ], [ 38.419051406371793, 7.643648837808439 ], [ 38.421091386574517, 7.625509625342579 ], [ 38.409388659768915, 7.60631139190336 ], [ 38.40165250705207, 7.596472595407086 ], [ 38.401870951580918, 7.579871682680547 ], [ 38.419743047870455, 7.570629664856178 ] ] ] } },
{ "type": "Feature", "properties": { "shapeName": "East Wellega", "shapeISO": "", "shapeID": "57463737B79125801583063", "shapeGroup": "ETH", "shapeType": "ADM2" }, "geometry": { "type": "Polygon", "coordinates": [ [ [ 36.834379924651721, 10.343402319357356 ], [ 36.81780645267272, 10.34267338670694 ], [ 36.812613951516717, 10.338207299104816 ], [ 36.807396817098706, 10.336303699651232 ], [ 36.799533736449099, 10.338773308932835 ], [ 36.792757409798035, 10.344317574728512 ], [ 36.777398118396626, 10.346900204536395 ], [ 36.767409454924255, 10.363270986217106 ], [ 36.762557341181996, 10.368239242574752 ], [ 36.753214619115923, 10.366914117013783 ], [ 36.746514047077412, 10.360900337293439 ], [ 36.732193319885923, 10.362282165037165 ], [ 36.724314144069517, 10.361730398636814 ], [ 36.718812040111303, 10.358852815020356 ], [ 36.692449365893708, 10.358250671953144 ], [ 36.688942563943037, 10.34593058120287 ], [ 36.681698066900836, 10.335547620433946 ], [ 36.686713814208808, 10.324063886916113 ], [ 36.686194935374573, 10.318529295777338 ], [ 36.689511078834776, 10.31235036946179 ], [ 36.692987207357902, 10.297225209807941 ], [ 36.660485633653643, 10.277978670034239 ], [ 36.611364267676457, 10.260161341612443 ], [ 36.575478578749355, 10.265112548658198 ], [ 36.576640853291245, 10.280173403328673 ], [ 36.555273487069137, 10.286009395735052 ], [ 36.55013583499349, 10.279764871743861 ], [ 36.545867580154301, 10.270196993825007 ], [ 36.523233065667675, 10.251376174484022 ], [ 36.516280029832345, 10.240872940517036 ], [ 36.491703860066117, 10.235210684801395 ], [ 36.446140874525909, 10.24678522437156 ], [ 36.416982449090817, 10.217708492242107 ], [ 36.396062572277742, 10.188044203406305 ], [ 36.370209955171745, 10.162601321238601 ], [ 36.333104291993138, 10.139345386566671 ], [ 36.27267787498112, 10.11404065458691 ], [ 36.268668320770658, 10.089443874420876 ], [ 36.259704894346477, 10.079408040275347 ], [ 36.219708560103534, 10.05417082649388 ], [ 36.185350646925762, 10.05062001955138 ], [ 36.140680830233464, 10.010667369831113 ], [ 36.121430676344474, 9.972538797481072 ], [ 36.120580625871604, 9.962299691538512 ], [ 36.134811581265147, 9.916859750595874 ], [ 36.152976273806765, 9.867337838044756 ], [ 36.153125815272624, 9.849907697842706 ], [ 36.128988908409511, 9.853189623576849 ], [ 36.137253044050432, 9.808427159525635 ], [ 36.106067733953822, 9.774306544681194 ], [ 36.144198894554329, 9.758735980102665 ], [ 36.159839507598669, 9.747921580767999 ], [ 36.162670263575677, 9.731453182398841 ], [ 36.178278715366851, 9.702303422302323 ], [ 36.192648752004487, 9.688867655336765 ], [ 36.19339454035029, 9.659488186614094 ], [ 36.201560295517403, 9.615925237588215 ], [ 36.229919557390012, 9.580824836919966 ], [ 36.232560541424391, 9.571323328259981 ], [ 36.267049771288789, 9.56969561095497 ], [ 36.301810271392874, 9.556516889844406 ], [ 36.314961337326345, 9.541691547050428 ], [ 36.336740878365028, 9.512999141612813 ], [ 36.355922654631527, 9.495729291956909 ], [ 36.381094668967698, 9.481488248525253 ], [ 36.40141672486574, 9.511993397592951 ], [ 36.461956798893674, 9.529061140874667 ], [ 36.495219196531217, 9.510370749647796 ], [ 36.499452904046493, 9.47389276372043 ], [ 36.515700743571614, 9.445144656085516 ], [ 36.508055032318623, 9.4203581740415 ], [ 36.484432790294441, 9.406174282608111 ], [ 36.475979516001111, 9.395652299498568 ], [ 36.484898430037632, 9.368884622785009 ], [ 36.462199334396949, 9.358175298959635 ], [ 36.375502822049668, 9.359037651000131 ], [ 36.350047142329707, 9.345911190440873 ], [ 36.33455325231467, 9.340819487910448 ], [ 36.326963809059244, 9.331794053056845 ], [ 36.319781100541611, 9.306873175125702 ], [ 36.296266858996326, 9.302715211080102 ], [ 36.290421028493554, 9.322551777089025 ], [ 36.27590139702334, 9.344852986311251 ], [ 36.271011458473879, 9.329391170651849 ], [ 36.253962810650151, 9.302846967654666 ], [ 36.219155651140099, 9.298142468025375 ], [ 36.215544831731073, 9.315893906615297 ], [ 36.2153695689004, 9.3334380413354 ], [ 36.235051793714469, 9.348026681627953 ], [ 36.206674977955551, 9.355758832481383 ], [ 36.195379346186016, 9.327310682088655 ], [ 36.195676757803568, 9.289998385914638 ], [ 36.227118738501972, 9.272754482145222 ], [ 36.22970786089747, 9.230061074794346 ], [ 36.204729864706295, 9.158383193935714 ], [ 36.17269343484994, 9.109337921065132 ], [ 36.162254313371619, 9.106392888332666 ], [ 36.185367272510817, 9.072995572751568 ], [ 36.20843231505571, 9.068197022171507 ], [ 36.236590381086948, 9.0519916613065 ], [ 36.247260504657049, 9.042008523147217 ], [ 36.226731396140394, 9.032015318054105 ], [ 36.177571659147723, 9.045571528379714 ], [ 36.16786871682794, 9.029040042539126 ], [ 36.160413686788559, 9.021708364218128 ], [ 36.13220906010752, 9.021836673710601 ], [ 36.157292653151366, 9.007509352923984 ], [ 36.171044222015752, 8.98457020156008 ], [ 36.175074123389216, 8.980474995025503 ], [ 36.179772059026746, 8.987368631301667 ], [ 36.221821090853041, 8.989588468425044 ], [ 36.24870438896604, 8.974582910146138 ], [ 36.222916647571203, 8.951248601762909 ], [ 36.229963203206374, 8.953944687303089 ], [ 36.238348833448391, 8.954203112758933 ], [ 36.245075811632745, 8.949715581380804 ], [ 36.252511029005596, 8.947844453046367 ], [ 36.258257806405553, 8.938007806248542 ], [ 36.265675479375957, 8.929696005897503 ], [ 36.26255537405055, 8.924530632475633 ], [ 36.279953206195408, 8.882947537776809 ], [ 36.286533341224946, 8.871228532246477 ], [ 36.303583766085993, 8.855899813933718 ], [ 36.31994415972099, 8.838711254050647 ], [ 36.330564360166456, 8.81363340401899 ], [ 36.337684470640362, 8.790375413318873 ], [ 36.350154725245964, 8.765547539789535 ], [ 36.370765201921351, 8.737769888429836 ], [ 36.384740498352365, 8.713067000737329 ], [ 36.386315505080219, 8.703732811679329 ], [ 36.40226585478549, 8.677775025312547 ], [ 36.413086079085531, 8.656396856086921 ], [ 36.426435273196653, 8.636772990910154 ], [ 36.441156731909736, 8.620829861611579 ], [ 36.459777208197615, 8.609440790072187 ], [ 36.482757825488797, 8.604311153899078 ], [ 36.506928458967259, 8.594571915521712 ], [ 36.527188978101911, 8.581103026373446 ], [ 36.535149158115622, 8.570083956615735 ], [ 36.537739207849235, 8.563874491292552 ], [ 36.549159487555436, 8.554735250557412 ], [ 36.565279930284987, 8.552905354672747 ], [ 36.584350478944536, 8.557994836535757 ], [ 36.604101001319066, 8.551225357104016 ], [ 36.61393121664122, 8.536296625877124 ], [ 36.616591237870935, 8.520388010470167 ], [ 36.623131381599187, 8.512128712678866 ], [ 36.640471886523102, 8.517338189742414 ], [ 36.654947281237348, 8.515773275780512 ], [ 36.661192459245875, 8.51751809672137 ], [ 36.668712676843462, 8.520547805261758 ], [ 36.682773110756266, 8.531036835109258 ], [ 36.699623610703803, 8.541075893098633 ], [ 36.726434394757462, 8.550734945103649 ], [ 36.760135401479175, 8.570813059727911 ], [ 36.777155946394259, 8.589851330506436 ], [ 36.795306547534352, 8.615129045107942 ], [ 36.816277194464462, 8.633967314358499 ], [ 36.845828081322075, 8.651695645618808 ], [ 36.871478809749824, 8.655962675995152 ], [ 36.911609910380207, 8.654215176070979 ], [ 36.94474083628792, 8.655354947523593 ], [ 36.952861048317303, 8.65217519850183 ], [ 36.98891211206935, 8.669703523510366 ], [ 37.005522615039112, 8.681802394119995 ], [ 37.013982928205991, 8.702160575124555 ], [ 37.017923201635853, 8.743706918122342 ], [ 37.026113540085596, 8.772584352767108 ], [ 37.046574228648076, 8.802931609300988 ], [ 37.064804790999986, 8.818030207577429 ], [ 37.1284091469606, 8.842730291081724 ], [ 37.153407367144808, 8.849447099214062 ], [ 37.174907996141407, 8.858336235973271 ], [ 37.187818413312854, 8.873164883138937 ], [ 37.18776845347444, 8.883773951573559 ], [ 37.184698417155936, 8.894822994533788 ], [ 37.178138289797097, 8.909321747976136 ], [ 37.144667445228684, 8.928510196701865 ], [ 37.137177302220756, 8.944608811020466 ], [ 37.125997031585996, 8.95376805685477 ], [ 37.088116064116193, 8.974316404686942 ], [ 37.0348047564217, 9.01576298586774 ], [ 37.028444665701528, 9.03556127510867 ], [ 37.033334968922041, 9.077797553187288 ], [ 37.028134906702789, 9.097375857162078 ], [ 37.03080507142063, 9.119993863780042 ], [ 37.050765815074776, 9.165549791692445 ], [ 37.066769763979096, 9.186690631324895 ], [ 37.087716979854918, 9.199196685899343 ], [ 37.115047786452621, 9.209715654940462 ], [ 37.155979031959866, 9.236913098910746 ], [ 37.153398995918948, 9.244052479316636 ], [ 37.149898917945031, 9.24864209612255 ], [ 37.132188499637721, 9.265850660049765 ], [ 37.114448106266053, 9.290438579498812 ], [ 37.089027511916775, 9.317516311773128 ], [ 37.075467231676519, 9.339594430527239 ], [ 37.070857182132507, 9.357672865609606 ], [ 37.054126845916961, 9.387910289925577 ], [ 37.049146805090189, 9.410488331133928 ], [ 37.050946889487598, 9.420017488995866 ], [ 37.026966297081159, 9.437596053330173 ], [ 37.018796111052467, 9.447695202514639 ], [ 37.012745959538357, 9.451124929052989 ], [ 36.996035488752312, 9.449655128191516 ], [ 36.960334444676242, 9.43838626343388 ], [ 36.939713833484568, 9.429047163924464 ], [ 36.913463109669131, 9.432127006832372 ], [ 36.901762857373129, 9.449135563370035 ], [ 36.897472838611051, 9.472873504852055 ], [ 36.881372447435446, 9.487782273015243 ], [ 36.861891881680556, 9.482132841776792 ], [ 36.838451207040471, 9.478303274275421 ], [ 36.814970570318216, 9.48255300514057 ], [ 36.794720045090116, 9.492352233678554 ], [ 36.770539387505501, 9.495902016922367 ], [ 36.725048086066401, 9.490322699452472 ], [ 36.703387522351058, 9.500801866920431 ], [ 36.68915717333703, 9.512250925587713 ], [ 36.673546765505485, 9.519770337855524 ], [ 36.664571519725733, 9.520930269402443 ], [ 36.659376368270905, 9.519450421984645 ], [ 36.652000346167313, 9.528170434476079 ], [ 36.657426376493952, 9.535359039337916 ], [ 36.65756645863938, 9.553127485655949 ], [ 36.666523582379028, 9.582871998329953 ], [ 36.668407004028481, 9.610652415958709 ], [ 36.67310754808463, 9.638509873234005 ], [ 36.68691776824668, 9.668457290127645 ], [ 36.743809408952259, 9.677566251034584 ], [ 36.774580389447969, 9.705653667196257 ], [ 36.785023198111553, 9.729577576728602 ], [ 36.799450451333371, 9.744958589720687 ], [ 36.866113200547304, 9.761068438105482 ], [ 36.908744533706319, 9.791975553334126 ], [ 36.91725478265748, 9.795825178134006 ], [ 36.912777961376733, 9.804694136634543 ], [ 36.915714842706755, 9.818773179802857 ], [ 36.914604867156406, 9.83192203443425 ], [ 36.90667790413849, 9.847463846619849 ], [ 36.906284825751186, 9.87454834799051 ], [ 36.914410876429912, 9.902970776444848 ], [ 36.915700958799953, 9.925808767284044 ], [ 36.908660793730562, 9.941007442713531 ], [ 36.90323068307768, 9.959895794249224 ], [ 36.897760589691785, 9.988703276855381 ], [ 36.89676862291239, 10.011028244364137 ], [ 36.899910731436542, 10.030229623324868 ], [ 36.899570771470785, 10.054917458544217 ], [ 36.888640585720466, 10.109762661242385 ], [ 36.888329091081062, 10.130670958492233 ], [ 36.876780356821754, 10.161378153417926 ], [ 36.869230566935499, 10.176621710306865 ], [ 36.876083237367993, 10.230512894287161 ], [ 36.834379924651721, 10.343402319357356 ] ] ] } },
{ "type": "Feature", "properties": { "shapeName": "Eastern\n", "shapeISO": "", "shapeID": "57463737B91204154361244", "shapeGroup": "ETH", "shapeType": "ADM2" }, "geometry": { "type": "Polygon", "coordinates": [ [ [ 39.402086322458032, 13.622700367480583 ], [ 39.408271282391233, 13.623983522030537 ], [ 39.413277873441345, 13.619662231428681 ], [ 39.425493993038302, 13.613118965907944 ], [ 39.432301101569038, 13.619874410297555 ], [ 39.4441189639074, 13.621322269840345 ], [ 39.463984972797647, 13.641496360927356 ], [ 39.474897167625429, 13.639647785095232 ], [ 39.477087907462767, 13.633569455938778 ], [ 39.477221664507525, 13.626325040976196 ], [ 39.483557612045004, 13.618879123753324 ], [ 39.491620776475408, 13.615739540101838 ], [ 39.496996252890654, 13.620223150791885 ], [ 39.506009737226023, 13.618712162180072 ], [ 39.514637484539868, 13.609808563344492 ], [ 39.516376278332864, 13.602062130353184 ], [ 39.528878972422319, 13.595296037791094 ], [ 39.533765847609551, 13.594169859644561 ], [ 39.543117189611053, 13.601274860768083 ], [ 39.554654237580102, 13.589591349974967 ], [ 39.557189080847976, 13.582619616008879 ], [ 39.573073869838488, 13.576107611591693 ], [ 39.586200257836182, 13.578410204979612 ], [ 39.592257187959511, 13.58360891040682 ], [ 39.598241059676752, 13.59474304153019 ], [ 39.602441640709507, 13.598775347232042 ], [ 39.608377501697142, 13.60155068917763 ], [ 39.618944645099276, 13.593314692255543 ], [ 39.620032391572778, 13.587509825206936 ], [ 39.633641792994027, 13.559680568029165 ], [ 39.644075490802763, 13.564957794384673 ], [ 39.649272608966847, 13.570137475372501 ], [ 39.655448279057218, 13.582141714815153 ], [ 39.659791756722917, 13.58681388848542 ], [ 39.670720661320793, 13.596607625652915 ], [ 39.68251748082227, 13.604493317911604 ], [ 39.683929128934459, 13.612388578918141 ], [ 39.717217613645992, 13.595180098692992 ], [ 39.722606036594108, 13.587882608220649 ], [ 39.735112836466378, 13.581756861912325 ], [ 39.74542121444243, 13.571457903196778 ], [ 39.763906558563953, 13.571917193399885 ], [ 39.784449448142375, 13.564029548281102 ], [ 39.794699134594751, 13.55637140075417 ], [ 39.804710987691934, 13.554372571844967 ], [ 39.817139056566702, 13.558417925401518 ], [ 39.836674891465137, 13.555973980227913 ], [ 39.844280849599421, 13.557150603737577 ], [ 39.854154684662959, 13.554738948930588 ], [ 39.864783795293519, 13.548808616304722 ], [ 39.864266670879523, 13.55900285621631 ], [ 39.866202142916862, 13.564352305014806 ], [ 39.86844833044821, 13.584453958350135 ], [ 39.866353073851592, 13.590955807409845 ], [ 39.865830530708728, 13.603309325354413 ], [ 39.87043553061951, 13.610148033005112 ], [ 39.869578614431525, 13.621120255327945 ], [ 39.867327829179338, 13.627580843473861 ], [ 39.869430861565959, 13.644178414786332 ], [ 39.86829970844429, 13.658919502081863 ], [ 39.877099483465791, 13.680890577233493 ], [ 39.878530172361266, 13.689407849246004 ], [ 39.878546148035127, 13.706611836331621 ], [ 39.87543134613945, 13.71111227560789 ], [ 39.874967343275557, 13.722802888669065 ], [ 39.876877450857052, 13.738839709662377 ], [ 39.884946570442352, 13.748877061950422 ], [ 39.875076094948724, 13.750034643471363 ], [ 39.864646224136465, 13.755740140395908 ], [ 39.85407452745217, 13.767140473019275 ], [ 39.854610732433507, 13.786860413413581 ], [ 39.853150375071046, 13.79552491934713 ], [ 39.849247289229659, 13.800621067333516 ], [ 39.842426593037523, 13.80412191555962 ], [ 39.837173957149041, 13.811979179466121 ], [ 39.834578289565741, 13.822008873554932 ], [ 39.843123543643166, 13.839026271121677 ], [ 39.841932610349787, 13.84773526298709 ], [ 39.837180376290789, 13.854752341310556 ], [ 39.838724013877233, 13.864831479492045 ], [ 39.829899258160822, 13.869123206662826 ], [ 39.829058285234794, 13.888570654203459 ], [ 39.830289581564351, 13.900238806049982 ], [ 39.834388700212372, 13.908460044037357 ], [ 39.834155971466451, 13.919020059904899 ], [ 39.826968673316642, 13.921994080107837 ], [ 39.826483313375689, 13.927186068218534 ], [ 39.828796274050354, 13.932241951232072 ], [ 39.818510197144505, 13.943195831886344 ], [ 39.813454977731737, 13.945475405694856 ], [ 39.802534710176865, 13.946216396931387 ], [ 39.813642852018468, 13.960829394402182 ], [ 39.816528023748482, 13.968852104462156 ], [ 39.830078426892172, 13.974894719018067 ], [ 39.836521646683273, 13.976258244959286 ], [ 39.860042509769812, 13.966385466326884 ], [ 39.859471750575629, 13.973798806992331 ], [ 39.869936306316866, 13.983534554215032 ], [ 39.869367607092862, 13.992852059340594 ], [ 39.886815834476728, 14.01281170577354 ], [ 39.883179822232769, 14.016668832670391 ], [ 39.867203170451305, 14.022207151708113 ], [ 39.861540019601783, 14.028839001496939 ], [ 39.855608130194859, 14.031588032302224 ], [ 39.844875080365391, 14.050864147934774 ], [ 39.845359002836652, 14.060713633265447 ], [ 39.84914670961588, 14.078564345907711 ], [ 39.844113586858612, 14.090471910043513 ], [ 39.842827961161568, 14.097640337634626 ], [ 39.843986173351489, 14.109967269369713 ], [ 39.839031687131701, 14.127141421608796 ], [ 39.838503086656353, 14.154795328830325 ], [ 39.827711236443491, 14.155549231654652 ], [ 39.810425812753202, 14.152243506937685 ], [ 39.79868243689782, 14.143126820187298 ], [ 39.791599934790717, 14.143141084762973 ], [ 39.776298243414992, 14.139663439509883 ], [ 39.768009713549006, 14.140641682146835 ], [ 39.750417697451084, 14.152395801623413 ], [ 39.721812646181654, 14.157615469239293 ], [ 39.715915848139353, 14.156911099464919 ], [ 39.682873396767576, 14.165283284500052 ], [ 39.674396021461895, 14.178311571975632 ], [ 39.658643195282515, 14.182998677828428 ], [ 39.650837065630171, 14.189207084827993 ], [ 39.657305806835069, 14.193418052982643 ], [ 39.659258040307293, 14.199275448927983 ], [ 39.664765321928051, 14.197512684376616 ], [ 39.673144477449071, 14.200928328040566 ], [ 39.677174226385176, 14.207693897681239 ], [ 39.686597577442008, 14.216768624141315 ], [ 39.688773540317271, 14.231935438502864 ], [ 39.694962945065448, 14.241901479212483 ], [ 39.707350570023777, 14.242652578144526 ], [ 39.743093096687353, 14.23553214869367 ], [ 39.753925803452859, 14.237638755827541 ], [ 39.758180953804121, 14.240433546422052 ], [ 39.75678962774969, 14.250629828564527 ], [ 39.758482721816407, 14.277764219464148 ], [ 39.742887737005333, 14.281856682661124 ], [ 39.734648936639729, 14.288533223804782 ], [ 39.727713577189803, 14.294612789181645 ], [ 39.727124132952973, 14.303547029073222 ], [ 39.734140981635058, 14.307178237036318 ], [ 39.74620825813269, 14.30923361469431 ], [ 39.751492587698799, 14.31340552327911 ], [ 39.763513287979961, 14.319279523912931 ], [ 39.772212006780848, 14.320437010295677 ], [ 39.780081777297575, 14.331114507489952 ], [ 39.780583602600615, 14.336380054641142 ], [ 39.775748622877494, 14.352030437375987 ], [ 39.772926748671374, 14.374429385859001 ], [ 39.788549219294694, 14.379308511722087 ], [ 39.796869794023344, 14.386559550780824 ], [ 39.801826510269066, 14.387755242876171 ], [ 39.820876476672098, 14.383080190641888 ], [ 39.828454292201926, 14.383296292192206 ], [ 39.838945035820181, 14.381075328968848 ], [ 39.848292409408693, 14.375623669686377 ], [ 39.85550704796394, 14.373737437835331 ], [ 39.853998271871347, 14.367677783279692 ], [ 39.878558493972847, 14.369407093480776 ], [ 39.885085223134759, 14.37108128087546 ], [ 39.890774648112426, 14.369725338570314 ], [ 39.896351410307183, 14.371159655643734 ], [ 39.902360605468509, 14.36725484246349 ], [ 39.909205419198017, 14.365955436267921 ], [ 39.917148310010631, 14.370837337909936 ], [ 39.939395070321979, 14.362015615604053 ], [ 39.951151020693267, 14.360997889112587 ], [ 39.97310457150364, 14.370734692594516 ], [ 39.980660004860532, 14.37155202556135 ], [ 39.991726326231493, 14.382544713989503 ], [ 39.988967806518176, 14.388681843586662 ], [ 39.982616581703297, 14.394349498431845 ], [ 39.980458779451581, 14.410450929877932 ], [ 39.984729375586959, 14.424181396100135 ], [ 39.985138966210563, 14.432913739728514 ], [ 39.981732649285931, 14.441352066783351 ], [ 39.972381203708728, 14.432157989814183 ], [ 39.972234524673809, 14.426901798180047 ], [ 39.958865987081765, 14.418465134744483 ], [ 39.950745471616543, 14.411220294122026 ], [ 39.939345992927983, 14.409324760764411 ], [ 39.924637259597375, 14.415569658160988 ], [ 39.896117888577528, 14.436423246752387 ], [ 39.891380852839191, 14.444144687132196 ], [ 39.880702237022362, 14.452676588785705 ], [ 39.87343373734199, 14.462468595592583 ], [ 39.862798024175333, 14.466390063464832 ], [ 39.857496085092016, 14.472596237063515 ], [ 39.847720730844884, 14.475057347083242 ], [ 39.84228973697644, 14.479970017848444 ], [ 39.832194601518218, 14.485424445047341 ], [ 39.826562109002339, 14.480712897778799 ], [ 39.820859911022836, 14.479520261511198 ], [ 39.814059921616092, 14.482940989269574 ], [ 39.807597020294551, 14.493941388196962 ], [ 39.801888521307951, 14.499793546826972 ], [ 39.793488761564674, 14.500760106039792 ], [ 39.792422218155068, 14.506907583425388 ], [ 39.786327773233829, 14.511651795015721 ], [ 39.775407126524101, 14.527710916329546 ], [ 39.769369023000266, 14.533753850335341 ], [ 39.767663915087716, 14.541326226174807 ], [ 39.751152779746526, 14.545780827306576 ], [ 39.729672970188766, 14.547354785688807 ], [ 39.716073984792601, 14.552223089723851 ], [ 39.710209692311089, 14.551932165117403 ], [ 39.699925600900244, 14.562573094545515 ], [ 39.697633872482839, 14.569575958949658 ], [ 39.68116624111677, 14.589314337458781 ], [ 39.674709659426512, 14.588754018043861 ], [ 39.667420733878835, 14.592713214878085 ], [ 39.658302316104724, 14.590384053687432 ], [ 39.638563358858107, 14.598994256402781 ], [ 39.629684047193692, 14.609324137470464 ], [ 39.623561899015698, 14.636501346921042 ], [ 39.606704481833866, 14.647665661734704 ], [ 39.592099783442684, 14.662702191499456 ], [ 39.576056783378718, 14.670445352987308 ], [ 39.556387136858319, 14.669335257193799 ], [ 39.544992599020972, 14.670906805632791 ], [ 39.538316869071487, 14.670073044935597 ], [ 39.531174346209575, 14.671595364866299 ], [ 39.516659644893565, 14.677616700083929 ], [ 39.510859465047446, 14.672336175631127 ], [ 39.503547847536929, 14.677564596440012 ], [ 39.497983615659813, 14.654903870741437 ], [ 39.489241694489635, 14.645830124545876 ], [ 39.487451963281771, 14.64079611551068 ], [ 39.490951270984951, 14.625594539061664 ], [ 39.478406273659402, 14.604189972373623 ], [ 39.478644436114557, 14.598172282376609 ], [ 39.492551819505508, 14.583037073748352 ], [ 39.495273568979023, 14.564926763024696 ], [ 39.501258857034721, 14.54436525667054 ], [ 39.493988126891757, 14.509438598186923 ], [ 39.485968357073673, 14.501994165728805 ], [ 39.473513595681176, 14.498820547472336 ], [ 39.47189288310156, 14.504982441259752 ], [ 39.468640694977012, 14.508967852519413 ], [ 39.470191807452508, 14.516177197614686 ], [ 39.462736427861508, 14.513614212134394 ], [ 39.457953698709844, 14.507811700848729 ], [ 39.452964305564542, 14.511507144636887 ], [ 39.454134618330038, 14.527435516076389 ], [ 39.436347821170102, 14.519838240282622 ], [ 39.429969569131345, 14.524921258646179 ], [ 39.429090100268972, 14.531236856026842 ], [ 39.413055843336743, 14.531571677567943 ], [ 39.399333291340014, 14.538767576442391 ], [ 39.384503621239944, 14.53636290866141 ], [ 39.369567951626813, 14.538880392760792 ], [ 39.365470695027895, 14.534555443778475 ], [ 39.368522028766733, 14.527215184564721 ], [ 39.369446481386447, 14.519257709735491 ], [ 39.365652920783532, 14.512407713479311 ], [ 39.365517275742718, 14.506390603738399 ], [ 39.37024661361216, 14.500364665274551 ], [ 39.372018263061797, 14.495185071461318 ], [ 39.365584787209592, 14.49683210342242 ], [ 39.354258695184811, 14.505581811230428 ], [ 39.340880748758394, 14.511878303729787 ], [ 39.324913886847376, 14.498839944309735 ], [ 39.324386159248498, 14.492974615797449 ], [ 39.330850551651089, 14.481007371366102 ], [ 39.314715911118398, 14.479452694381241 ], [ 39.31521304516162, 14.466332715310315 ], [ 39.317175312816893, 14.460413734500822 ], [ 39.323226668788564, 14.459612367117607 ], [ 39.318696851469568, 14.453415141663386 ], [ 39.324159607294156, 14.450608378164626 ], [ 39.320785274304335, 14.442513363481421 ], [ 39.315680723825466, 14.438132243530935 ], [ 39.298581445822443, 14.436757819057449 ], [ 39.29875272256465, 14.424779045832203 ], [ 39.301924884817453, 14.418801944272486 ], [ 39.30169984756148, 14.411966398102356 ], [ 39.293761464389952, 14.41116106189317 ], [ 39.291111919860263, 14.405312664908681 ], [ 39.27671202277665, 14.402733163326474 ], [ 39.261591492006964, 14.393679464374088 ], [ 39.256296971113684, 14.392925841816172 ], [ 39.250614095058125, 14.39283915294158 ], [ 39.247629976941852, 14.405912320767998 ], [ 39.239360286761347, 14.393979470574244 ], [ 39.234207673080412, 14.375155382389808 ], [ 39.234565328777364, 14.368242117671965 ], [ 39.242224567087646, 14.364615715699383 ], [ 39.246405551619816, 14.357983964338667 ], [ 39.243722843167468, 14.350269434823661 ], [ 39.240362593890517, 14.345479331101826 ], [ 39.243698839065573, 14.339046439769845 ], [ 39.240209535183439, 14.329995336041852 ], [ 39.238883106355509, 14.313099148606739 ], [ 39.236897529413746, 14.307751891303051 ], [ 39.229321128278052, 14.307953009417202 ], [ 39.220890358828029, 14.304079389584652 ], [ 39.220458878594883, 14.298947832454175 ], [ 39.225486294776445, 14.297456991326637 ], [ 39.232135690169805, 14.299204589194371 ], [ 39.239634594013303, 14.297201737142291 ], [ 39.242084507441263, 14.289838877820857 ], [ 39.23296365222923, 14.269946268458499 ], [ 39.228716402478902, 14.265002890633175 ], [ 39.236161251083161, 14.252871259254706 ], [ 39.249709460407331, 14.244339397628707 ], [ 39.258179425848013, 14.233852427692078 ], [ 39.257025899021706, 14.228536014840559 ], [ 39.259486404625015, 14.223297512803493 ], [ 39.259414571096215, 14.217198650523244 ], [ 39.256079064582238, 14.212970711828504 ], [ 39.254482622111411, 14.205064137876697 ], [ 39.257915001000796, 14.199682835113302 ], [ 39.280259315112012, 14.173872356213893 ], [ 39.290684535606772, 14.165601410130217 ], [ 39.292045809646659, 14.159436584208168 ], [ 39.30179931249716, 14.152667514536972 ], [ 39.323284920553839, 14.132648119212204 ], [ 39.326391051648038, 14.123484759913667 ], [ 39.331101658263222, 14.116008891832273 ], [ 39.335544539493284, 14.11260547871124 ], [ 39.338145130331554, 14.107168904015102 ], [ 39.34108628312925, 14.099663578832798 ], [ 39.342254150266008, 14.088686487108999 ], [ 39.334462045169431, 14.071764109913209 ], [ 39.331776679993467, 14.04982386851569 ], [ 39.328548495124011, 14.044308409401443 ], [ 39.324948054151321, 14.032386029791509 ], [ 39.315121559983247, 14.019371085195527 ], [ 39.314633149820665, 14.011792738867214 ], [ 39.305171239419046, 13.993056546214644 ], [ 39.30106559583691, 13.989083227067903 ], [ 39.293474248099521, 13.986666447363262 ], [ 39.284874897011932, 13.976017388461765 ], [ 39.278682682163506, 13.972444665409398 ], [ 39.272392760654434, 13.964726313421977 ], [ 39.259997653407325, 13.959854913974633 ], [ 39.247237921205141, 13.949767103342245 ], [ 39.244249953785335, 13.93705360065848 ], [ 39.231651234267737, 13.926013244925253 ], [ 39.229497294490002, 13.920237908411845 ], [ 39.22308533833219, 13.916185468859856 ], [ 39.219038020109295, 13.908566956129894 ], [ 39.214425045694739, 13.905001959542181 ], [ 39.209265843092133, 13.904319060597217 ], [ 39.195722058677099, 13.896573008310627 ], [ 39.190922262109439, 13.890785590900649 ], [ 39.210226751607181, 13.866234777318395 ], [ 39.217577200030725, 13.863180070512135 ], [ 39.218359010994199, 13.855376984606254 ], [ 39.224849745666631, 13.84511749111466 ], [ 39.225931258931745, 13.83242595804035 ], [ 39.222689172120035, 13.814287878345075 ], [ 39.217538193686892, 13.801299338651432 ], [ 39.221315732526939, 13.79726768128968 ], [ 39.239176641771436, 13.791986386017118 ], [ 39.261908307939798, 13.795556178324734 ], [ 39.268224957121504, 13.792451863299069 ], [ 39.28238673421275, 13.791359203454014 ], [ 39.30306309154853, 13.794314014203209 ], [ 39.31858686732383, 13.794069670661102 ], [ 39.320902898981799, 13.787084876136058 ], [ 39.317442503754954, 13.770381229890985 ], [ 39.318114568003054, 13.762405890949049 ], [ 39.311998176374715, 13.746785753416313 ], [ 39.314512634050075, 13.739501885017724 ], [ 39.336405717801931, 13.731380726540625 ], [ 39.353814532632242, 13.734545697095166 ], [ 39.368868180220964, 13.741725230641238 ], [ 39.376250245237358, 13.740842306848583 ], [ 39.391608993360066, 13.727607907791631 ], [ 39.395967565762234, 13.720637363603082 ], [ 39.396260431193184, 13.713567287167608 ], [ 39.410429502254793, 13.711357620090206 ], [ 39.420116238967609, 13.703497408236016 ], [ 39.41261824606525, 13.686463360348444 ], [ 39.408606750211732, 13.672986378125916 ], [ 39.40897617260471, 13.656551180842042 ], [ 39.412298027190872, 13.641170123452547 ], [ 39.402086322458032, 13.622700367480583 ] ] ] } },
{ "type": "Feature", "properties": { "shapeName": "Fafan", "shapeISO": "", "shapeID": "57463737B89594176742126", "shapeGroup": "ETH", "shapeType": "ADM2" }, "geometry": { "type": "Polygon", "coordinates": [ [ [ 42.858470018941944, 8.786177019781217 ], [ 42.88263659853591, 8.784695017686504 ], [ 42.891516785798892, 8.780165373530044 ], [ 42.892726776490846, 8.772646053246733 ], [ 42.909277168137749, 8.771116098478258 ], [ 42.939607828699344, 8.757207186417702 ], [ 42.947857959779867, 8.745328223854862 ], [ 42.948757917137421, 8.734139232426601 ], [ 42.956528007525684, 8.716760769210582 ], [ 42.964628121058354, 8.703051970835171 ], [ 42.976718360643105, 8.692682844798638 ], [ 42.991848622980115, 8.674614405175953 ], [ 43.001158726891973, 8.653386287013292 ], [ 43.030689307764632, 8.630298215551704 ], [ 43.067050269079104, 8.64359679950917 ], [ 43.101261157777571, 8.653385716543006 ], [ 43.116601556968412, 8.659375082228173 ], [ 43.126891879965797, 8.671383929493805 ], [ 43.136872170557957, 8.679713116004081 ], [ 43.150382529185421, 8.685872475937229 ], [ 43.169082996993637, 8.687842188959831 ], [ 43.179063287623862, 8.6961813728718 ], [ 43.203763925882583, 8.703150591481144 ], [ 43.21551424907102, 8.710274872010396 ], [ 43.226934543130625, 8.713959475048627 ], [ 43.241644891974737, 8.712599514516635 ], [ 43.253265080056316, 8.696720890837636 ], [ 43.261985256051354, 8.69036141897139 ], [ 43.261195183991674, 8.68117226043856 ], [ 43.263775163432285, 8.667973449473049 ], [ 43.274025353075288, 8.657774326081769 ], [ 43.293935801495671, 8.652224713183518 ], [ 43.314946353826201, 8.659543925893097 ], [ 43.325086652314944, 8.669712936891088 ], [ 43.329866842283074, 8.682221769867093 ], [ 43.333117019327567, 8.698590256138955 ], [ 43.335167206675571, 8.72246807150365 ], [ 43.334747298367901, 8.739166549720597 ], [ 43.327117222072218, 8.758384836189686 ], [ 43.315187010474851, 8.770593796244528 ], [ 43.308776922594994, 8.7822927643186 ], [ 43.294316858493595, 8.829918510803017 ], [ 43.300467047243515, 8.836757849129347 ], [ 43.307557327629638, 8.854606176189183 ], [ 43.318747600167285, 8.855426038806664 ], [ 43.331037979249139, 8.869094717190823 ], [ 43.347908398345204, 8.871244420671516 ], [ 43.363568836822402, 8.880903452094866 ], [ 43.382739337806399, 8.888382651319619 ], [ 43.399499876886871, 8.910900495740778 ], [ 43.434800865669743, 8.933558219086295 ], [ 43.450041392086575, 8.959915720403973 ], [ 43.46233177216854, 8.973584404569459 ], [ 43.475102201230193, 8.992772574098527 ], [ 43.487392582104192, 9.006441250272994 ], [ 43.503413186724202, 9.041987906668009 ], [ 43.522473810744927, 9.069845248669179 ], [ 43.536614237312214, 9.083343935885216 ], [ 43.54984471261772, 9.10804160109951 ], [ 43.568705093641015, 9.096872504580604 ], [ 43.590105494263497, 9.07903399643132 ], [ 43.611815928108122, 9.064695173731545 ], [ 43.628726281795252, 9.056085853751345 ], [ 43.655776721408238, 9.021868818940147 ], [ 43.668736942935077, 9.00833997458461 ], [ 43.679487088092735, 8.989721611019791 ], [ 43.69259732533876, 8.977942606259706 ], [ 43.70654752572117, 8.95550457049446 ], [ 43.73065818369458, 8.969133180040924 ], [ 43.748588635472871, 8.972762736070132 ], [ 43.779949355809144, 8.968092969718533 ], [ 43.860211332838901, 8.97829154473612 ], [ 43.878311797971527, 8.983660939700677 ], [ 43.89306219193849, 8.991110165980585 ], [ 43.934663260219068, 9.003118810195254 ], [ 43.954963801600194, 9.013577730937147 ], [ 43.971914287172289, 9.026096479194432 ], [ 43.976464472703945, 9.038015356841107 ], [ 43.959454242177657, 9.066012896077892 ], [ 43.91329338553458, 9.103759735349259 ], [ 43.88503284051383, 9.123988057025748 ], [ 43.867282536905428, 9.143256407848559 ], [ 43.843822068776674, 9.157755228549709 ], [ 43.804961397051429, 9.198351762872727 ], [ 43.771450728274985, 9.219070077416896 ], [ 43.762000589594308, 9.232278928211018 ], [ 43.736790078260597, 9.246937748358347 ], [ 43.725589891472794, 9.260306597576118 ], [ 43.710579597332845, 9.270505761866506 ], [ 43.683189005129016, 9.280095058988531 ], [ 43.667778795600519, 9.306182777390696 ], [ 43.654678558143011, 9.317961778977111 ], [ 43.644618358222225, 9.324181279989434 ], [ 43.629768071617868, 9.336130277497535 ], [ 43.625418037812423, 9.347099307879468 ], [ 43.59845748275697, 9.361928126261992 ], [ 43.582307207578801, 9.37927664099819 ], [ 43.570496965500929, 9.385656141158909 ], [ 43.555046623739294, 9.390605781913196 ], [ 43.54719650787024, 9.401904806623076 ], [ 43.53523624918283, 9.406534459195413 ], [ 43.497775359922109, 9.409074464665608 ], [ 43.493355334243809, 9.422433276764117 ], [ 43.483425183222757, 9.436312073924487 ], [ 43.467184822636398, 9.441521699532725 ], [ 43.456614611255191, 9.448051173309512 ], [ 43.448214471820272, 9.458090312182176 ], [ 43.416403826777831, 9.47784871156014 ], [ 43.406363802220206, 9.511825677909806 ], [ 43.388913474916528, 9.526364467759514 ], [ 43.380263367306753, 9.542973014213837 ], [ 43.368643183986741, 9.558411677697142 ], [ 43.356282929293997, 9.56530113652966 ], [ 43.357383043039356, 9.57812995822748 ], [ 43.346002882388277, 9.596418364696245 ], [ 43.336742719665644, 9.605897561053222 ], [ 43.318722436421389, 9.630545434709957 ], [ 43.307912230932764, 9.638724759401949 ], [ 43.302002182593696, 9.653643444915732 ], [ 43.298942205027053, 9.668292126293814 ], [ 43.289802053835921, 9.679191200043148 ], [ 43.28816210863674, 9.693709887518718 ], [ 43.27593186329311, 9.702019208735083 ], [ 43.272991897731238, 9.718097772493049 ], [ 43.275152003348502, 9.726516990848106 ], [ 43.275072108901625, 9.742325552428735 ], [ 43.265931956901177, 9.753224619156315 ], [ 43.264542035086919, 9.770593050597324 ], [ 43.257081943894924, 9.784211864723748 ], [ 43.250551833783305, 9.792001199223819 ], [ 43.25010189873047, 9.803540148922151 ], [ 43.252302122163854, 9.829187806365367 ], [ 43.238881867816566, 9.84048686559639 ], [ 43.232481775613785, 9.849696075915544 ], [ 43.223221605465241, 9.859175274673177 ], [ 43.214331482648916, 9.872924078454478 ], [ 43.200671204903088, 9.881373402375925 ], [ 43.168210451915435, 9.888682954180172 ], [ 43.15920030976104, 9.901011889306151 ], [ 43.143749965140202, 9.905311605577317 ], [ 43.137339866301701, 9.914530807673261 ], [ 43.099188980802595, 9.922370345767382 ], [ 43.093148922617083, 9.935859160994054 ], [ 43.081978673595287, 9.939758878916393 ], [ 43.079038701444823, 9.955837439587977 ], [ 43.066598549833095, 9.978535466832467 ], [ 43.063898608000358, 9.997463763862902 ], [ 43.052968381827945, 10.004223224063885 ], [ 43.041598227975037, 10.022511646555834 ], [ 43.027117972376303, 10.038220314441206 ], [ 43.022257923605522, 10.04871939331337 ], [ 43.013007758480761, 10.058198594814526 ], [ 43.005417649112033, 10.070387539940935 ], [ 42.994857463455013, 10.081416613868532 ], [ 42.97120694280698, 10.090785920417591 ], [ 42.967656914490036, 10.099735135349427 ], [ 42.954366667411641, 10.11245406799687 ], [ 42.938696409611538, 10.131152481925776 ], [ 42.909495874859779, 10.159710087894625 ], [ 42.884605444598677, 10.187367746919179 ], [ 42.830713847674652, 10.150151476788078 ], [ 42.803162993919649, 10.124563969882642 ], [ 42.770972096263371, 10.110645437771728 ], [ 42.747901478807236, 10.104336157880129 ], [ 42.715240535116521, 10.084858134339445 ], [ 42.721200514515211, 10.058850447904124 ], [ 42.729140611517025, 10.043291802172835 ], [ 42.747340889728868, 10.017524014211986 ], [ 42.758491028839401, 9.996115882611537 ], [ 42.759650865478363, 9.966368562323344 ], [ 42.746670253228984, 9.92310256134054 ], [ 42.737419883811143, 9.901724555536877 ], [ 42.730749495430921, 9.867147727477377 ], [ 42.702618638425754, 9.841960182695392 ], [ 42.688328179249439, 9.826601665893627 ], [ 42.677237771394054, 9.805403652853844 ], [ 42.663107329328824, 9.791884970100854 ], [ 42.664719414776592, 9.777515212842083 ], [ 42.681968092740568, 9.775244462904274 ], [ 42.695041048256861, 9.769642316498064 ], [ 42.704378831991775, 9.759371807149661 ], [ 42.714650354637904, 9.741631873432823 ], [ 42.731458359376866, 9.722024545628454 ], [ 42.751067778667498, 9.711753972422349 ], [ 42.791220419173641, 9.694013852069784 ], [ 42.823902772841457, 9.675340102318764 ], [ 42.854717597145076, 9.663202105205375 ], [ 42.898605410270463, 9.651064026438039 ], [ 42.908877043028568, 9.651063962181958 ], [ 42.918214940106978, 9.658533320552399 ], [ 42.926619099596884, 9.673472101518859 ], [ 42.935956995568958, 9.680941459980065 ], [ 42.951831290793812, 9.673471942355835 ], [ 42.964904170196874, 9.656665671123246 ], [ 42.978910769156421, 9.629588946954472 ], [ 42.980778201228127, 9.608114361975433 ], [ 42.969572688287727, 9.593175598554986 ], [ 42.944360468773901, 9.588507371623338 ], [ 42.921949490477417, 9.566099260592548 ], [ 42.909810275990615, 9.564231982385026 ], [ 42.893002219213358, 9.575436212807032 ], [ 42.880863081718033, 9.585706737452567 ], [ 42.864988750231134, 9.587574190557701 ], [ 42.841644104610118, 9.583839627644455 ], [ 42.814564278298221, 9.573569347314498 ], [ 42.788417989717104, 9.524084618348088 ], [ 42.777212501059687, 9.51288056094231 ], [ 42.748265104489398, 9.502610290029757 ], [ 42.737059644957725, 9.4960746189965 ], [ 42.729589289529414, 9.483936860733825 ], [ 42.71558246332669, 9.475533851633982 ], [ 42.682899961537757, 9.47086566565709 ], [ 42.667025548526716, 9.459661635157964 ], [ 42.656753896666501, 9.456860665940797 ], [ 42.641813285454909, 9.448457661697503 ], [ 42.618468534646134, 9.427916903660694 ], [ 42.60446169720047, 9.417646538827022 ], [ 42.585785951908584, 9.41017723339564 ], [ 42.568043956836796, 9.397105858820957 ], [ 42.553103311147773, 9.383100789459993 ], [ 42.538374434477973, 9.373984087663001 ], [ 42.55250180198518, 9.34624599359616 ], [ 42.557211775506318, 9.322058155002759 ], [ 42.547871445654756, 9.306239639827506 ], [ 42.552281440539709, 9.287581309108603 ], [ 42.562001589267339, 9.271312721477727 ], [ 42.571911756735723, 9.259193759213646 ], [ 42.580531846892804, 9.238515586842395 ], [ 42.58451181620017, 9.216397568042835 ], [ 42.596401981432912, 9.194609467147412 ], [ 42.615222324265496, 9.174981135445515 ], [ 42.63562273911635, 9.159542420637203 ], [ 42.636032659723654, 9.144993736937229 ], [ 42.626882364939966, 9.133104867110566 ], [ 42.610351876477765, 9.11948619810406 ], [ 42.600267269529049, 9.107200228586175 ], [ 42.620221947645646, 9.090308784872196 ], [ 42.645272468512132, 9.074010116571195 ], [ 42.663212768126179, 9.049992189017157 ], [ 42.681053005612291, 9.016055169007609 ], [ 42.70399337182063, 8.981948128205282 ], [ 42.731563858603984, 8.949060954773714 ], [ 42.762104427866156, 8.918753531878933 ], [ 42.806085229852279, 8.871077603086485 ], [ 42.850476166677034, 8.845339689028414 ], [ 42.866256434644448, 8.826161340966543 ], [ 42.866286318848324, 8.805403228162344 ], [ 42.858470018941944, 8.786177019781217 ] ] ] } },
{ "type": "Feature", "properties": { "shapeName": "Gamo Gofa", "shapeISO": "", "shapeID": "57463737B86635569864278", "shapeGroup": "ETH", "shapeType": "ADM2" }, "geometry": { "type": "Polygon", "coordinates": [ [ [ 36.684044771217152, 6.227172182432909 ], [ 36.700024846431113, 6.219850150500425 ], [ 36.709430860756001, 6.212182693726501 ], [ 36.73263496689556, 6.178880048380705 ], [ 36.735614969053159, 6.166440028240324 ], [ 36.736074954969332, 6.15309000396807 ], [ 36.727794886648553, 6.132579976439668 ], [ 36.720904842100026, 6.123829971479267 ], [ 36.687584642799038, 6.096159966979902 ], [ 36.683914610466758, 6.090399962831857 ], [ 36.711704735780408, 6.071539894309055 ], [ 36.71537474389833, 6.062559876720434 ], [ 36.718364727042974, 6.034229827374615 ], [ 36.718974679167495, 5.987499746771496 ], [ 36.72432469519314, 5.976429720334952 ], [ 36.726164688768144, 5.966759704820773 ], [ 36.725704675053613, 5.955469686564611 ], [ 36.727764670899248, 5.938659648226713 ], [ 36.732021785441674, 5.924695342408996 ], [ 36.739244699300343, 5.915179596241507 ], [ 36.754174768368891, 5.906209564171746 ], [ 36.766114830967723, 5.904609550995668 ], [ 36.794814987711817, 5.91177952999223 ], [ 36.806525042568907, 5.91155951600038 ], [ 36.817085096669246, 5.913179509009589 ], [ 36.824205149700994, 5.921929514724954 ], [ 36.837535252082077, 5.954649555539916 ], [ 36.845575300325407, 5.964319559020035 ], [ 36.855905357981754, 5.968709556702446 ], [ 36.865095413715622, 5.976309560429304 ], [ 36.870605456472155, 5.986449573096486 ], [ 36.877495498616646, 5.99358957277932 ], [ 36.887605553618215, 5.997509571149416 ], [ 36.896555603148364, 5.998899558696167 ], [ 36.905515655551064, 6.003509558211431 ], [ 36.911945694798163, 6.008809559881684 ], [ 36.922920750043154, 6.007919547305258 ], [ 36.933065795778809, 6.004909529587724 ], [ 36.966355947207092, 5.983739457186233 ], [ 37.004886062293807, 5.913989292155471 ], [ 37.009926058446716, 5.891429248065439 ], [ 37.011756047005917, 5.875779222572155 ], [ 37.008515983721509, 5.832259148443119 ], [ 37.008275948682929, 5.800949095637814 ], [ 37.009990931827758, 5.780919059346153 ], [ 37.00366582256094, 5.711848949110709 ], [ 37.000675787655304, 5.69387891738275 ], [ 37.004115781474312, 5.672928878820575 ], [ 37.016265815296514, 5.650608823655923 ], [ 37.024525837187205, 5.629208778867626 ], [ 37.030807832303623, 5.618657589926983 ], [ 37.03303348898519, 5.62533743817095 ], [ 37.030657671395169, 5.631533482255409 ], [ 37.03802467298646, 5.632241646368375 ], [ 37.043360439583182, 5.639040144866866 ], [ 37.04232922900507, 5.644307943830724 ], [ 37.045628485415435, 5.649280703806447 ], [ 37.047245983382268, 5.656158796027453 ], [ 37.050417611164704, 5.678768652579031 ], [ 37.047919184961287, 5.686092089822281 ], [ 37.052993433747126, 5.701212473202266 ], [ 37.056448579440463, 5.705222535189542 ], [ 37.061919567027523, 5.708358120352473 ], [ 37.069165951909966, 5.710195177338972 ], [ 37.074517485291125, 5.705147494943462 ], [ 37.090860299564703, 5.701866227364788 ], [ 37.096851769017952, 5.702934073517346 ], [ 37.104656114865669, 5.707553441073554 ], [ 37.110077563285138, 5.718792428403865 ], [ 37.126785788520486, 5.726947150568464 ], [ 37.132558126610391, 5.724801003464621 ], [ 37.137368837264347, 5.719330562870569 ], [ 37.150377902992211, 5.717764295753484 ], [ 37.161756632843414, 5.721608785847259 ], [ 37.198926815152262, 5.72392874587935 ], [ 37.225076949596868, 5.723938714334332 ], [ 37.239757023074887, 5.725778702927155 ], [ 37.253297098588064, 5.732228696256399 ], [ 37.265467172018333, 5.741668695232001 ], [ 37.273047217583297, 5.750878707518965 ], [ 37.282177276794187, 5.758248707629286 ], [ 37.312102421558563, 5.754213665947672 ], [ 37.324427473092797, 5.748588640261045 ], [ 37.332457515098731, 5.746288625201642 ], [ 37.342087557441907, 5.745598613599268 ], [ 37.349887603802159, 5.74766861041444 ], [ 37.35952766218918, 5.755258607248948 ], [ 37.366877706206957, 5.763778612612279 ], [ 37.376747760185673, 5.767458605032326 ], [ 37.390957821139466, 5.758948580626096 ], [ 37.402187862676151, 5.746978540763575 ], [ 37.41548792339006, 5.74145852273762 ], [ 37.4281979606627, 5.721898472137712 ], [ 37.442748021119435, 5.711538435002595 ], [ 37.464758117702914, 5.702108394340173 ], [ 37.471628151285003, 5.700498380461094 ], [ 37.479888192909137, 5.703718382028382 ], [ 37.486548236129529, 5.712228381946862 ], [ 37.495288303253503, 5.731558406197795 ], [ 37.504478367419892, 5.74719841868766 ], [ 37.536168569377175, 5.782858444422402 ], [ 37.545933638214557, 5.796978453356838 ], [ 37.556618704912438, 5.807238457371488 ], [ 37.58094884291598, 5.823788451088286 ], [ 37.600918954166509, 5.833448439751752 ], [ 37.608028991791528, 5.836208435425409 ], [ 37.64105915774838, 5.841248406705173 ], [ 37.652079222898195, 5.84606839763148 ], [ 37.659659267346335, 5.854118402928044 ], [ 37.681269414447577, 5.886308420866584 ], [ 37.689884470990187, 5.895968426863314 ], [ 37.717099638555823, 5.918488428715092 ], [ 37.759359885528688, 5.949038423578864 ], [ 37.768319945522563, 5.960308422983547 ], [ 37.778200004237455, 5.968808424614815 ], [ 37.797720115803273, 5.980978418838238 ], [ 37.802790147328821, 5.987888423056436 ], [ 37.804548083848196, 5.994491623034675 ], [ 37.792297479976284, 5.997222164864048 ], [ 37.783987381722071, 6.011911543981546 ], [ 37.790587566917999, 6.050749852182563 ], [ 37.785947544252537, 6.073938857274539 ], [ 37.778537476461587, 6.099427770000776 ], [ 37.776548379501129, 6.114877611833221 ], [ 37.775507487913586, 6.125156660364535 ], [ 37.778907593926071, 6.150895535995912 ], [ 37.791345241392847, 6.17375909375609 ], [ 37.810610465182229, 6.197388710803112 ], [ 37.826379836240278, 6.222024089032991 ], [ 37.841078786142241, 6.249541127752248 ], [ 37.848858976553757, 6.280109785381737 ], [ 37.852969099226208, 6.306068647705906 ], [ 37.851099119011714, 6.328127694707448 ], [ 37.849019096228162, 6.332947494071627 ], [ 37.840899071632279, 6.3800254641553 ], [ 37.820408782387453, 6.394704877616095 ], [ 37.808648629031495, 6.411454177134208 ], [ 37.79826850781869, 6.430513374208143 ], [ 37.797098532369347, 6.450732495150775 ], [ 37.800738658098496, 6.479451239637382 ], [ 37.808587744906909, 6.501922975044989 ], [ 37.815407785017669, 6.511838714111177 ], [ 37.818840995000976, 6.54486915972304 ], [ 37.816350999398445, 6.55545917911552 ], [ 37.804411621095625, 6.561235844867459 ], [ 37.794100901252676, 6.563319217573388 ], [ 37.774580804190308, 6.563819247884342 ], [ 37.763570745967677, 6.566369265290104 ], [ 37.73425064076558, 6.592179343257372 ], [ 37.720300595622533, 6.613139392437207 ], [ 37.70884055127479, 6.622129418073287 ], [ 37.694140473074853, 6.621229437721095 ], [ 37.678970394734549, 6.61573945447359 ], [ 37.664500318193525, 6.615989472653009 ], [ 37.654640269119781, 6.61830948869762 ], [ 37.632340148072942, 6.610529510134577 ], [ 37.62154008728384, 6.609619525379317 ], [ 37.602490003705945, 6.615179563132625 ], [ 37.592649971743406, 6.630829593318182 ], [ 37.58575993837178, 6.631539606994604 ], [ 37.577244901026539, 6.635839622965275 ], [ 37.569469861696106, 6.637079635473151 ], [ 37.546679720062905, 6.61893964091477 ], [ 37.536559662659414, 6.613199653871353 ], [ 37.525539612738221, 6.615749670886624 ], [ 37.519369591057888, 6.625649688816616 ], [ 37.501719524708989, 6.643619739475763 ], [ 37.480849437735962, 6.65745978415002 ], [ 37.46615937527887, 6.664609816329741 ], [ 37.449859295518245, 6.667619839752404 ], [ 37.435029214718142, 6.664189858578491 ], [ 37.406928823797365, 6.673203692492035 ], [ 37.391979011091514, 6.676439936092495 ], [ 37.3483488034746, 6.69145001617888 ], [ 37.329508711790048, 6.69631004788013 ], [ 37.296428552454742, 6.701630097753031 ], [ 37.281488471223227, 6.699810117667753 ], [ 37.269758403223008, 6.694530123835925 ], [ 37.257108329979665, 6.687870132705899 ], [ 37.234759302752728, 6.671110143824593 ], [ 37.223038114875692, 6.662120149011994 ], [ 37.203027997893976, 6.650860157467372 ], [ 37.197327962351466, 6.645352160241225 ], [ 37.192452942473381, 6.650520172199576 ], [ 37.163977814914837, 6.663780227962654 ], [ 37.146057723312481, 6.666780253336269 ], [ 37.129957632710891, 6.659200268016599 ], [ 37.117297547120273, 6.647930268420811 ], [ 37.07934733358033, 6.631600299537404 ], [ 37.005276896537254, 6.591120337530308 ], [ 36.996076841523625, 6.591350349073449 ], [ 36.988506813111123, 6.598490372373306 ], [ 36.985756810336134, 6.609080392077477 ], [ 36.987176862533225, 6.638320429222932 ], [ 36.98100686154207, 6.666180476560188 ], [ 36.965396805259253, 6.68138051397784 ], [ 36.93576667190974, 6.702340585381461 ], [ 36.925790623081063, 6.70235059655429 ], [ 36.915296558736884, 6.698440607514287 ], [ 36.869286291139872, 6.674960628882018 ], [ 36.857326224362623, 6.671740639947489 ], [ 36.846746165401683, 6.671050654185 ], [ 36.833646100679573, 6.673350676544275 ], [ 36.82191604407349, 6.677500700070538 ], [ 36.777795847167333, 6.704210790009056 ], [ 36.75480573160015, 6.712040832082367 ], [ 36.700985441690456, 6.706740892204416 ], [ 36.68523035452489, 6.702245903808952 ], [ 36.665765203281886, 6.662970872823691 ], [ 36.65425512883872, 6.651910871695738 ], [ 36.641605046649694, 6.643850875105867 ], [ 36.63010498561993, 6.638540882734878 ], [ 36.617684908565046, 6.634160888871813 ], [ 36.59651478388394, 6.622410900169594 ], [ 36.559474548064678, 6.591750895955963 ], [ 36.527034332529936, 6.555110883953654 ], [ 36.514384258026062, 6.546800881426519 ], [ 36.488174099066214, 6.532040895422069 ], [ 36.470463998626457, 6.526730909109996 ], [ 36.44838387125489, 6.515420913750742 ], [ 36.436883799734474, 6.507580914869228 ], [ 36.432973775386301, 6.502510910809382 ], [ 36.403083591641945, 6.481280915527314 ], [ 36.372033397278038, 6.452910905534699 ], [ 36.378933420548186, 6.442780878985537 ], [ 36.384923399490646, 6.398014138736533 ], [ 36.392963432532376, 6.386580775099586 ], [ 36.402853472616272, 6.378530749223913 ], [ 36.405843476640868, 6.36793073501253 ], [ 36.406763461002143, 6.35227070655124 ], [ 36.409753469828686, 6.346280694770482 ], [ 36.420563515722719, 6.333620657613455 ], [ 36.438263598086081, 6.322580625092067 ], [ 36.439183571671101, 6.297470576926673 ], [ 36.445853602232653, 6.294720570506087 ], [ 36.465623706763552, 6.291970541150889 ], [ 36.471317726164699, 6.284558522851571 ], [ 36.476883750573492, 6.282540514054417 ], [ 36.50584393064306, 6.303300514872819 ], [ 36.516873998149372, 6.314600518041528 ], [ 36.524694058824764, 6.329810532547396 ], [ 36.52756908421803, 6.337990545509855 ], [ 36.528144093273959, 6.345020551497617 ], [ 36.529984115275361, 6.353080563489968 ], [ 36.536684162095121, 6.364745575669057 ], [ 36.543084195971367, 6.364380571331825 ], [ 36.564234285688663, 6.345740512245984 ], [ 36.574574334750714, 6.34322049405423 ], [ 36.586064405400464, 6.350370494057501 ], [ 36.599404487208581, 6.363510499617345 ], [ 36.612504571081033, 6.371350496101653 ], [ 36.626924631885295, 6.363280467109488 ], [ 36.649644781205666, 6.386860477102335 ], [ 36.670504885786649, 6.381920448357124 ], [ 36.658164772356898, 6.342290397990548 ], [ 36.674089846608979, 6.333955363884773 ], [ 36.686104908188867, 6.332890347179446 ], [ 36.69005991849896, 6.324295331789239 ], [ 36.684654877412051, 6.311280315932542 ], [ 36.678214817706539, 6.294460297962315 ], [ 36.676144801222549, 6.285710287180458 ], [ 36.676374792808225, 6.277650273320495 ], [ 36.675674774256692, 6.268660262330586 ], [ 36.676364773803556, 6.260370248714601 ], [ 36.683024784146369, 6.239880202013939 ], [ 36.684044771217152, 6.227172182432909 ] ] ] } },
{ "type": "Feature", "properties": { "shapeName": "Gedio", "shapeISO": "", "shapeID": "57463737B31962206171619", "shapeGroup": "ETH", "shapeType": "ADM2" }, "geometry": { "type": "Polygon", "coordinates": [ [ [ 38.311215244923773, 5.865036200705974 ], [ 38.326152537143408, 5.87013754471559 ], [ 38.358962735196904, 5.903457540764199 ], [ 38.381702846262449, 5.905317511798646 ], [ 38.396910652468151, 5.921370809274139 ], [ 38.389253164112546, 5.934318246669082 ], [ 38.375633577857087, 5.944359696562641 ], [ 38.339076645120613, 5.956898952496376 ], [ 38.328352667381715, 5.956687659846343 ], [ 38.319772414369766, 5.976376350869047 ], [ 38.305366461469447, 5.981293849305596 ], [ 38.293952309930276, 5.97465357488532 ], [ 38.283082468166924, 5.972017746607754 ], [ 38.27253245004713, 5.987892031629308 ], [ 38.280062507102087, 6.007597801581271 ], [ 38.314703804075556, 6.029142436743732 ], [ 38.320692758941249, 6.048727798716769 ], [ 38.352329902931835, 6.097533580820514 ], [ 38.363336686671431, 6.121495537770409 ], [ 38.366107779692122, 6.144098684057936 ], [ 38.377798605335364, 6.16581338690596 ], [ 38.395043311264828, 6.183067862251451 ], [ 38.435508908802774, 6.200059333994846 ], [ 38.439798097906269, 6.218171154901804 ], [ 38.433808118178057, 6.266819052618249 ], [ 38.426218053558188, 6.291377996993605 ], [ 38.428288111026269, 6.301477551427838 ], [ 38.425758085352363, 6.30789727852984 ], [ 38.422601116050743, 6.349506731299075 ], [ 38.424577344222072, 6.366833083993248 ], [ 38.418621638502415, 6.36432397967075 ], [ 38.410082778743622, 6.3524360619741 ], [ 38.404236225198758, 6.346830145040182 ], [ 38.394690486245146, 6.351876695177804 ], [ 38.391929625750421, 6.357308191564329 ], [ 38.398463259293102, 6.381522451009275 ], [ 38.398830901062723, 6.388402376823509 ], [ 38.395364673264773, 6.393234085488833 ], [ 38.392633715227213, 6.403107571369053 ], [ 38.385176064056232, 6.40699395308796 ], [ 38.359231818480296, 6.40583858517491 ], [ 38.34095531486706, 6.411300538597569 ], [ 38.327510519595648, 6.408254484284146 ], [ 38.316901740381596, 6.408779685376 ], [ 38.31070454428955, 6.416920065330245 ], [ 38.303667035149445, 6.416027261012933 ], [ 38.297403270145097, 6.41697501309182 ], [ 38.29358313304467, 6.397198277484918 ], [ 38.294053104918639, 6.373318250703744 ], [ 38.289053662407561, 6.361121651287927 ], [ 38.27333580116953, 6.349165827852237 ], [ 38.2494253960256, 6.337561393429815 ], [ 38.232185115155872, 6.332386656132359 ], [ 38.214714844880874, 6.331456732738173 ], [ 38.198398971504083, 6.320286461500718 ], [ 38.189242491916993, 6.30553831796113 ], [ 38.182592429073729, 6.285558304072058 ], [ 38.174562359891674, 6.268098296817914 ], [ 38.172732337460843, 6.256618281065053 ], [ 38.179872344143817, 6.239628250278269 ], [ 38.194132397448676, 6.227468210519933 ], [ 38.198742393330051, 6.207728185900759 ], [ 38.188217590348309, 6.183505694518122 ], [ 38.171853805950427, 6.168183935687338 ], [ 38.15921359211157, 6.160824279448489 ], [ 38.142203312140254, 6.155754544419728 ], [ 38.125883059747686, 6.156424544776748 ], [ 38.117822959332884, 6.16835404772429 ], [ 38.103120416181937, 6.181744062507653 ], [ 38.087546889467639, 6.162342211355045 ], [ 38.080681689890113, 6.118288230078453 ], [ 38.099411739150206, 6.08838316077241 ], [ 38.100961736983599, 6.078578147358761 ], [ 38.105801738934957, 6.067338127023131 ], [ 38.117311773258265, 6.051508085694866 ], [ 38.122411756115397, 6.017988033685581 ], [ 38.139651826112342, 6.011577998880301 ], [ 38.151161868123367, 6.001717967426596 ], [ 38.160141896454228, 5.986337938128213 ], [ 38.170971911060079, 5.958337879412282 ], [ 38.181791936363219, 5.942967846287286 ], [ 38.204552041044074, 5.936337801355276 ], [ 38.212612055552135, 5.917987767137052 ], [ 38.215632033624395, 5.894567730574558 ], [ 38.209704659255863, 5.880381968892969 ], [ 38.200520137181137, 5.866124163815193 ], [ 38.199211896122051, 5.850777688775156 ], [ 38.208811928158369, 5.841517659262597 ], [ 38.224202001472015, 5.839937636176161 ], [ 38.240052085630587, 5.845697629756614 ], [ 38.255322180625377, 5.859832625443126 ], [ 38.271252267811661, 5.869847621035093 ], [ 38.30457242023973, 5.862767561415333 ], [ 38.311215244923773, 5.865036200705974 ] ] ] } },
{ "type": "Feature", "properties": { "shapeName": "Guji", "shapeISO": "", "shapeID": "57463737B6587793524925", "shapeGroup": "ETH", "shapeType": "ADM2" }, "geometry": { "type": "Polygon", "coordinates": [ [ [ 39.218443163852548, 6.292125488638816 ], [ 39.199502702521258, 6.301534716880515 ], [ 39.157421707611761, 6.331817163793779 ], [ 39.127752988255644, 6.337350120562776 ], [ 39.126588949652351, 6.323174934211876 ], [ 39.120387546368285, 6.300277796939823 ], [ 39.11028687629603, 6.288616885335445 ], [ 39.091691320062502, 6.272088708675836 ], [ 39.086808170347616, 6.253298094393203 ], [ 39.10054829582316, 6.219819525080091 ], [ 39.104438316316944, 6.203540233804654 ], [ 39.114048405714342, 6.177851332460165 ], [ 39.131258642654771, 6.167291754687078 ], [ 39.132701366016889, 6.160082173952515 ], [ 39.103736631079286, 6.15863674980728 ], [ 39.080556522938963, 6.154296781358763 ], [ 39.056456393880886, 6.147206816783281 ], [ 39.035326286134115, 6.138736834547315 ], [ 38.988966083790068, 6.148396923872667 ], [ 38.961435974304408, 6.160566974750313 ], [ 38.950885958152426, 6.18166702277777 ], [ 38.937345926077583, 6.201627059747932 ], [ 38.921755892186184, 6.229847121912592 ], [ 38.898575830097386, 6.259897187038288 ], [ 38.886415817707608, 6.286057237191438 ], [ 38.874945783676075, 6.302117274773896 ], [ 38.853375715490387, 6.321617332937807 ], [ 38.83286051688804, 6.344496427953668 ], [ 38.812965582480459, 6.357197430146472 ], [ 38.772325454196427, 6.401037541872866 ], [ 38.75879040804076, 6.410342577778098 ], [ 38.739485313602103, 6.410227604616922 ], [ 38.707995137888958, 6.393727640400808 ], [ 38.691455078967273, 6.407497680330499 ], [ 38.672844996482816, 6.410257713628462 ], [ 38.662284955808175, 6.420357741002923 ], [ 38.64584721067866, 6.424452151030789 ], [ 38.62757478824512, 6.418307795938828 ], [ 38.607147502994245, 6.424109419952056 ], [ 38.584144608712947, 6.438287884232547 ], [ 38.567374535168909, 6.441727914540871 ], [ 38.538409389202812, 6.438067954563698 ], [ 38.504624228530709, 6.43761800668683 ], [ 38.476114076758186, 6.431648043099049 ], [ 38.454118671588418, 6.418043249891133 ], [ 38.441863872590162, 6.406638069466645 ], [ 38.428471675498152, 6.387221872937934 ], [ 38.424577344222072, 6.366833083993248 ], [ 38.422601116050743, 6.349506731299075 ], [ 38.425758085352363, 6.30789727852984 ], [ 38.428288111026269, 6.301477551427838 ], [ 38.426218053558188, 6.291377996993605 ], [ 38.433808118178057, 6.266819052618249 ], [ 38.439798097906269, 6.218171154901804 ], [ 38.435508908802774, 6.200059333994846 ], [ 38.395043311264828, 6.183067862251451 ], [ 38.377798605335364, 6.16581338690596 ], [ 38.366107779692122, 6.144098684057936 ], [ 38.363336686671431, 6.121495537770409 ], [ 38.352329902931835, 6.097533580820514 ], [ 38.320692758941249, 6.048727798716769 ], [ 38.314703804075556, 6.029142436743732 ], [ 38.280062507102087, 6.007597801581271 ], [ 38.27253245004713, 5.987892031629308 ], [ 38.283082468166924, 5.972017746607754 ], [ 38.293952309930276, 5.97465357488532 ], [ 38.305366461469447, 5.981293849305596 ], [ 38.319772414369766, 5.976376350869047 ], [ 38.328352667381715, 5.956687659846343 ], [ 38.339076645120613, 5.956898952496376 ], [ 38.375633577857087, 5.944359696562641 ], [ 38.389253164112546, 5.934318246669082 ], [ 38.396910652468151, 5.921370809274139 ], [ 38.381702846262449, 5.905317511798646 ], [ 38.358962735196904, 5.903457540764199 ], [ 38.326152537143408, 5.87013754471559 ], [ 38.311215244923773, 5.865036200705974 ], [ 38.313726792951954, 5.843271393617674 ], [ 38.314805882223169, 5.808741316885226 ], [ 38.318043364100504, 5.779606557477915 ], [ 38.326676804276381, 5.755867107529301 ], [ 38.337468659594684, 5.746155493562349 ], [ 38.354735649197615, 5.737522926416481 ], [ 38.37739854940277, 5.71809969583583 ], [ 38.395744783706945, 5.729969356607781 ], [ 38.413011818382046, 5.737522760143337 ], [ 38.431357981988135, 5.724573931389104 ], [ 38.449704091490176, 5.692201935737208 ], [ 38.469129413214851, 5.668462456131083 ], [ 38.492871484853296, 5.64364390014267 ], [ 38.510138460400078, 5.63069507405949 ], [ 38.533880598567045, 5.629615942978817 ], [ 38.560860309912982, 5.631773996237846 ], [ 38.592156797648677, 5.642564554546184 ], [ 38.614819764359659, 5.647959813446926 ], [ 38.633165966130825, 5.649038826244626 ], [ 38.659878398404423, 5.638200086633154 ], [ 38.691837411037568, 5.61515708202132 ], [ 38.712737933057255, 5.606157822603303 ], [ 38.726885273785008, 5.58477199635792 ], [ 38.739068464246316, 5.551092616853325 ], [ 38.74359848105636, 5.515865714808133 ], [ 38.734368178693266, 5.494467634212024 ], [ 38.715267648803035, 5.480678902016998 ], [ 38.699147177238252, 5.462280573795301 ], [ 38.700717151606085, 5.43764274496761 ], [ 38.715367439005966, 5.405625536906955 ], [ 38.734167859309146, 5.378667866628842 ], [ 38.756878385273239, 5.356999712532088 ], [ 38.771318691840541, 5.33166191335789 ], [ 38.775721782890223, 5.310807663884352 ], [ 38.790109098423805, 5.302174465836056 ], [ 38.805029478388761, 5.2980147980857 ], [ 38.821309850731723, 5.28142622064719 ], [ 38.827472645504919, 5.257294307407616 ], [ 38.834350093780976, 5.243669516451574 ], [ 38.828940099275918, 5.213336178360887 ], [ 38.834187271912207, 5.197443532087557 ], [ 38.841896146024126, 5.189478562578123 ], [ 38.841125233816143, 5.180871281826875 ], [ 38.838809599360602, 5.174827773748487 ], [ 38.840772509288797, 5.169583826226992 ], [ 38.855579366348117, 5.163528209750393 ], [ 38.863288272888788, 5.167767597972408 ], [ 38.866660897303554, 5.161215776058733 ], [ 38.875815189091341, 5.153315036874302 ], [ 38.888534816817668, 5.134623067186342 ], [ 38.890654742314119, 5.126915047113267 ], [ 38.898749070669112, 5.122482917466817 ], [ 38.903484714207593, 5.114530389510651 ], [ 38.908551654171596, 5.10918120342752 ], [ 38.93255243420483, 5.126268453710097 ], [ 38.967143246128266, 5.138578449493143 ], [ 38.995160160644637, 5.128047595780346 ], [ 39.027884653852041, 5.078003642089428 ], [ 39.052415233418834, 5.060255143916238 ], [ 39.078565875567705, 5.047576201769961 ], [ 39.085676054503807, 5.04618630362592 ], [ 39.105706569466044, 5.046236247425985 ], [ 39.108826599615938, 5.027757869410396 ], [ 39.123926912096358, 4.998070457008648 ], [ 39.147957424723607, 4.957323992390536 ], [ 39.16150613297787, 4.94265833579968 ], [ 39.164111130556222, 4.937523746601822 ], [ 39.190548380685009, 4.904378568126501 ], [ 39.215988987693017, 4.886410087917449 ], [ 39.245559711987248, 4.873961117477891 ], [ 39.271930377137046, 4.868641515700676 ], [ 39.29899107777085, 4.871151227726251 ], [ 39.324671718743794, 4.865601648171942 ], [ 39.351932371559442, 4.84924302526659 ], [ 39.36199257392191, 4.82876481165546 ], [ 39.364022562517533, 4.803927006170883 ], [ 39.369252631822789, 4.777709309701534 ], [ 39.385733008463362, 4.760450794723638 ], [ 39.409323556591467, 4.73996254915762 ], [ 39.434974175608033, 4.724993803418262 ], [ 39.467525004438784, 4.725193707187302 ], [ 39.496530750804418, 4.727328442448559 ], [ 39.524136438352961, 4.720993939319869 ], [ 39.546806988567972, 4.710164840423875 ], [ 39.574747669469339, 4.69956570754355 ], [ 39.594888138786445, 4.682987123759482 ], [ 39.618708730876818, 4.678827429189024 ], [ 39.63923217838181, 4.66435164967127 ], [ 39.662439791191716, 4.656939257322584 ], [ 39.692470573613122, 4.666788305014466 ], [ 39.744412038001137, 4.724903029078849 ], [ 39.759362616522658, 4.802486108818607 ], [ 39.765922899684682, 4.848262035793747 ], [ 39.784843491775156, 4.891998103527561 ], [ 39.805304174489223, 4.952882649558725 ], [ 39.813714523803583, 5.003468138005232 ], [ 39.834445135594144, 5.034165353706523 ], [ 39.879256565872787, 5.141705671794257 ], [ 39.908157519584293, 5.220988545549888 ], [ 39.94314859875238, 5.286362630897117 ], [ 40.034541236810085, 5.398152413599481 ], [ 40.01002062430635, 5.401212212704688 ], [ 39.979979856063402, 5.397172666904715 ], [ 39.942878938189089, 5.405102067302653 ], [ 39.91478831651753, 5.43550944512158 ], [ 39.897017962219614, 5.46795661625483 ], [ 39.871197376571743, 5.491694582978009 ], [ 39.841676675874005, 5.507183289219095 ], [ 39.801575684820783, 5.516952539751006 ], [ 39.774965006301812, 5.517042615206628 ], [ 39.738254056437647, 5.512323142804185 ], [ 39.703603168669588, 5.510133439260688 ], [ 39.682532661569951, 5.518692743279954 ], [ 39.664982319659252, 5.553909670841843 ], [ 39.678412764114292, 5.588106588725787 ], [ 39.703083490066732, 5.620663617378801 ], [ 39.715573883834985, 5.646591276570603 ], [ 39.704443694325207, 5.676498649456993 ], [ 39.684793262890196, 5.698626739309833 ], [ 39.649062401194378, 5.716665246946732 ], [ 39.615101542300501, 5.719535098005709 ], [ 39.547769763493925, 5.699747062492248 ], [ 39.524139168638492, 5.703266826284161 ], [ 39.501958673282644, 5.726554818531723 ], [ 39.477728140130509, 5.756742216927421 ], [ 39.456257683967699, 5.788539452902522 ], [ 39.454433394347049, 5.794485366013939 ], [ 39.462431807543652, 5.807610652515301 ], [ 39.461755505613645, 5.815355705636533 ], [ 39.457796535417145, 5.819314247059247 ], [ 39.452352942568979, 5.822035752381976 ], [ 39.455322206317696, 5.830695026364879 ], [ 39.448394029408988, 5.844549899564121 ], [ 39.453342807514211, 5.860384000928897 ], [ 39.458786422027664, 5.864837328973899 ], [ 39.460518498913096, 5.871764750292941 ], [ 39.465714670825705, 5.874238814739324 ], [ 39.46967367700897, 5.881661044040587 ], [ 39.468683960801563, 5.891062553264223 ], [ 39.463735249026549, 5.896505547093856 ], [ 39.447145474688313, 5.897492666953982 ], [ 39.43474548425619, 5.908914498614974 ], [ 39.424591672708218, 5.92668176331212 ], [ 39.409360883646002, 5.930489075176247 ], [ 39.408091693939433, 5.944449047988257 ], [ 39.39413016236302, 5.955870884411374 ], [ 39.382707104890486, 5.969830889506278 ], [ 39.381437919618847, 5.985059949347448 ], [ 39.376361014138233, 5.993943582452633 ], [ 39.376361054925731, 6.006634462310864 ], [ 39.369380286946587, 6.011710837476963 ], [ 39.370025446295486, 6.021673541473834 ], [ 39.348365738424697, 6.051476437946789 ], [ 39.343472793581654, 6.079661681734003 ], [ 39.356053606556365, 6.096739778556792 ], [ 39.347169013158954, 6.109430687685795 ], [ 39.333267382901091, 6.120352217610118 ], [ 39.333805664437705, 6.144658206211283 ], [ 39.320865452783856, 6.183794772133603 ], [ 39.289534779438149, 6.224391269806501 ], [ 39.259824144798664, 6.265897681816037 ], [ 39.227493380600642, 6.287625856638868 ], [ 39.218443163852548, 6.292125488638816 ] ] ] } },
{ "type": "Feature", "properties": { "shapeName": "Gurage", "shapeISO": "", "shapeID": "57463737B1298615116598", "shapeGroup": "ETH", "shapeType": "ADM2" }, "geometry": { "type": "Polygon", "coordinates": [ [ [ 38.666860370761967, 8.328064275069885 ], [ 38.668067483641735, 8.351586949994017 ], [ 38.662477476134924, 8.377115837517675 ], [ 38.655287423141374, 8.39573503800594 ], [ 38.640477238286365, 8.413194318557116 ], [ 38.617586930574753, 8.432233546872448 ], [ 38.605106733806487, 8.43266357071639 ], [ 38.591716505187826, 8.427113859499569 ], [ 38.585006417754535, 8.433773587188108 ], [ 38.576618583667297, 8.445985575895319 ], [ 38.548935899492029, 8.454162798199272 ], [ 38.527675579620926, 8.458712666907726 ], [ 38.502285121978638, 8.44506334737679 ], [ 38.478714760582051, 8.448453270541496 ], [ 38.469119320124797, 8.436100127147483 ], [ 38.462437522529029, 8.400889594998631 ], [ 38.45253743661344, 8.386129613632145 ], [ 38.441557275322239, 8.336369614763129 ], [ 38.433297188646726, 8.313319617369833 ], [ 38.431038679291618, 8.299857919691075 ], [ 38.42246335981563, 8.29013041157298 ], [ 38.401692998081089, 8.280620890079096 ], [ 38.383232685560948, 8.274581212313739 ], [ 38.376323713563664, 8.267046957566798 ], [ 38.348172060399541, 8.255352162264723 ], [ 38.334002790867729, 8.259661565278197 ], [ 38.322711708879197, 8.273451444614105 ], [ 38.307861554423717, 8.300800288389746 ], [ 38.308701660718718, 8.330968960926809 ], [ 38.313031794069744, 8.353547952944259 ], [ 38.312291836277389, 8.371047191443513 ], [ 38.301651688898509, 8.377456937250896 ], [ 38.290081516300376, 8.381796781685738 ], [ 38.282871456807761, 8.400655972005012 ], [ 38.267141223366892, 8.407735712279592 ], [ 38.239160780248255, 8.410405677580087 ], [ 38.218370439442225, 8.409875766685376 ], [ 38.180854789295907, 8.393966580087723 ], [ 38.165005182517859, 8.409148606893512 ], [ 38.139779172670572, 8.410515973989012 ], [ 38.123368897675398, 8.407686148545723 ], [ 38.110823037279054, 8.391467913508615 ], [ 38.103778529462424, 8.390106976260867 ], [ 38.087358267030609, 8.391196982387973 ], [ 38.077918080540321, 8.381717426923963 ], [ 38.067527900249111, 8.377067658175031 ], [ 38.03974749284761, 8.390317160562773 ], [ 38.028862319451335, 8.391382146620868 ], [ 38.009056945944295, 8.373607986287379 ], [ 37.988986580049307, 8.360628614935266 ], [ 37.949195959647867, 8.368518387485334 ], [ 37.928805656958779, 8.379267972346639 ], [ 37.910805342396117, 8.371588363170762 ], [ 37.888444920370823, 8.350979333593697 ], [ 37.863764473793417, 8.336810027743358 ], [ 37.839964075508007, 8.3332502461807 ], [ 37.817073700470708, 8.332910327586562 ], [ 37.797403393764434, 8.335820260135197 ], [ 37.779813120917083, 8.340800091336575 ], [ 37.766267778343277, 8.348220479166141 ], [ 37.748782651004262, 8.352869652559912 ], [ 37.731702345817091, 8.344260083335762 ], [ 37.71786209620489, 8.335200517090056 ], [ 37.705361897365968, 8.338140422745267 ], [ 37.693031741425969, 8.354669735136426 ], [ 37.679521594215636, 8.378808718474289 ], [ 37.666876401517548, 8.384638500212713 ], [ 37.612780435424213, 8.355189940209435 ], [ 37.598850239362221, 8.366419487984162 ], [ 37.576890014943146, 8.415167425272671 ], [ 37.558789757982538, 8.426606971294373 ], [ 37.535743844262477, 8.424689750508005 ], [ 37.513018978151145, 8.418067477278413 ], [ 37.499379116823754, 8.404718728580747 ], [ 37.472192084355086, 8.351811434140101 ], [ 37.466962019252492, 8.332421435869191 ], [ 37.464196236600948, 8.312801111301837 ], [ 37.463381958184193, 8.307041424495448 ], [ 37.464891919050622, 8.283531404367151 ], [ 37.47283193563883, 8.267201375762125 ], [ 37.488981536033563, 8.253479045040752 ], [ 37.518072131301452, 8.2374812828564 ], [ 37.5743224165046, 8.226031176391993 ], [ 37.622492650623478, 8.21015107646476 ], [ 37.624698650484163, 8.20116106987439 ], [ 37.617782572165602, 8.178321065481571 ], [ 37.606572462222644, 8.151521067211897 ], [ 37.596242339647617, 8.112851054354437 ], [ 37.592948287386584, 8.094261047480108 ], [ 37.592612256744282, 8.075141037161988 ], [ 37.602392197421651, 8.011800972716665 ], [ 37.601887130577886, 7.975245945693706 ], [ 37.603640711780514, 7.965995933910968 ], [ 37.607662129677372, 7.958180919271692 ], [ 37.60736209994009, 7.940470905877204 ], [ 37.604350044236327, 7.916370892366323 ], [ 37.639472219605821, 7.910460828171574 ], [ 37.664542343042115, 7.901860782370735 ], [ 37.706812526895156, 7.878710686996203 ], [ 37.724072614864141, 7.876570655793558 ], [ 37.73787268379801, 7.872390629027129 ], [ 37.723725915623895, 7.845337668516824 ], [ 37.741429482732357, 7.838337747956464 ], [ 37.768115821683317, 7.835091187211691 ], [ 37.769182545392688, 7.861249184077293 ], [ 37.78381288461545, 7.848760531299567 ], [ 37.817103024285167, 7.828160459309484 ], [ 37.822593044664906, 7.82009044440762 ], [ 37.828903024289495, 7.793160415629965 ], [ 37.832323030339772, 7.7846404031175 ], [ 37.836213043471936, 7.780030390746073 ], [ 37.845633086091787, 7.775850371880487 ], [ 37.865154362757075, 7.753139311445268 ], [ 37.889201914015302, 7.767594821215839 ], [ 37.890893324261818, 7.774900292585436 ], [ 37.898583372852599, 7.778870278790067 ], [ 37.916073461309011, 7.776960253347788 ], [ 37.926463526742793, 7.783590236723759 ], [ 37.936933604454971, 7.796925229222797 ], [ 37.930256190577822, 7.819207561215063 ], [ 37.920520285849157, 7.843798143803302 ], [ 37.942599519882712, 7.843750055991506 ], [ 37.970644803060296, 7.865245751921792 ], [ 37.983939984479434, 7.835610640111189 ], [ 37.999072623024738, 7.818447133753497 ], [ 38.032424189074995, 7.844770098602369 ], [ 38.044724294214852, 7.863570088197072 ], [ 38.061130557016945, 7.884720690722219 ], [ 38.067220300531481, 7.895491501594051 ], [ 38.072177320319867, 7.918808927823711 ], [ 38.124149674824722, 7.954207068341097 ], [ 38.134477384854222, 7.993666114494648 ], [ 38.168216487081565, 8.053973209063134 ], [ 38.190165419399996, 8.060479953075145 ], [ 38.204035505240491, 8.066939927134463 ], [ 38.209815539519461, 8.071089921888236 ], [ 38.224625653215611, 8.088129903302624 ], [ 38.234105717284578, 8.095499892634917 ], [ 38.248540798422326, 8.097924866762863 ], [ 38.255437943164502, 8.100685538208262 ], [ 38.260186850932961, 8.094706839449389 ], [ 38.26039580802022, 8.070879824963034 ], [ 38.263615805275556, 8.060749817109865 ], [ 38.265215782875693, 8.046019798921876 ], [ 38.265195759581587, 8.032429790754129 ], [ 38.262888725439886, 8.020962790912339 ], [ 38.276025786426864, 8.01654976416202 ], [ 38.303515938888971, 8.022319714031104 ], [ 38.354816256258687, 8.045809635391159 ], [ 38.367516326493963, 8.048349612536077 ], [ 38.379526390867312, 8.048809588052134 ], [ 38.391286433178827, 8.040979560026136 ], [ 38.401406448405901, 8.018889525067744 ], [ 38.403821439905585, 8.009334518636503 ], [ 38.403156409599795, 7.995809509567509 ], [ 38.425209808891537, 7.989767480906873 ], [ 38.4334665485787, 7.985759448064313 ], [ 38.439646573972091, 7.980219434520127 ], [ 38.440506561307693, 7.972169425597611 ], [ 38.431606466539087, 7.947629428815559 ], [ 38.4384664918515, 7.940699410947786 ], [ 38.461616582947343, 7.927479361442409 ], [ 38.472586622747265, 7.916169330760256 ], [ 38.48929668162733, 7.902979297249733 ], [ 38.498666713167985, 7.894429271267716 ], [ 38.52010676930103, 7.866509214000914 ], [ 38.528986798864189, 7.859579191505206 ], [ 38.550316938655989, 7.872019161842754 ], [ 38.563919205483906, 7.886339670387958 ], [ 38.56743451983094, 7.906506857662087 ], [ 38.576589710519904, 7.925420334146573 ], [ 38.587339947544827, 7.939398645417031 ], [ 38.589505042265237, 7.962204338167342 ], [ 38.59820068654561, 7.991722963343221 ], [ 38.613032234998272, 8.007973392472758 ], [ 38.610798886140572, 8.012712466874421 ], [ 38.625378931661949, 8.027286665396897 ], [ 38.628535523110976, 8.034725432189413 ], [ 38.613515665896848, 8.04443064811487 ], [ 38.616945762120508, 8.057790050556889 ], [ 38.622685891416715, 8.06953951340477 ], [ 38.594245507859782, 8.092008614925371 ], [ 38.584777842926457, 8.109228133725232 ], [ 38.589315535042005, 8.128357026401371 ], [ 38.588095609034355, 8.157355751598601 ], [ 38.582295563167065, 8.172995078676578 ], [ 38.568855417955525, 8.195044149784513 ], [ 38.552425207969712, 8.214103361164794 ], [ 38.543385104995068, 8.226962822099944 ], [ 38.542885158786532, 8.247221930838871 ], [ 38.550091156784816, 8.26379341575077 ], [ 38.561577769546261, 8.267199338002367 ], [ 38.594377932482921, 8.261309273383022 ], [ 38.601557946739085, 8.250739256674491 ], [ 38.604377907400398, 8.224049232665232 ], [ 38.630857883714967, 8.145179145295133 ], [ 38.635967889922505, 8.133459128318384 ], [ 38.654927949376841, 8.114869085506008 ], [ 38.667427981131759, 8.096729049157139 ], [ 38.673677995831888, 8.09098904012723 ], [ 38.680093713808922, 8.096936371527988 ], [ 38.685347054852329, 8.123576942717239 ], [ 38.679477111775569, 8.172344814358134 ], [ 38.683022629959353, 8.191544027785532 ], [ 38.693988328913008, 8.204499048355213 ], [ 38.716854514166698, 8.220561304463354 ], [ 38.716757885127407, 8.232272054370569 ], [ 38.702887711822413, 8.24558151044236 ], [ 38.662897156188237, 8.271950476146307 ], [ 38.651787023116711, 8.286189879790642 ], [ 38.666860370761967, 8.328064275069885 ] ] ] } },
{ "type": "Feature", "properties": { "shapeName": "Hadiya", "shapeISO": "", "shapeID": "57463737B63499939283868", "shapeGroup": "ETH", "shapeType": "ADM2" }, "geometry": { "type": "MultiPolygon", "coordinates": [ [ [ [ 38.052595787111557, 7.296834077732 ], [ 38.044145184198086, 7.272765778878408 ], [ 38.025119838072222, 7.246049078696275 ], [ 38.006109070458876, 7.213615550204048 ], [ 37.983263985046818, 7.190700250866002 ], [ 37.94511521955453, 7.186803437654247 ], [ 37.908866304377447, 7.186718826186986 ], [ 37.895173149099485, 7.20790232248939 ], [ 37.874182281235477, 7.204069813916626 ], [ 37.850702150561325, 7.19714985012877 ], [ 37.820761971832816, 7.183069880276371 ], [ 37.776991705191193, 7.157659927055375 ], [ 37.713491361949529, 7.144480009763496 ], [ 37.707541328326549, 7.144318017658812 ], [ 37.714381350392152, 7.137810003148392 ], [ 37.755441521463482, 7.110799909841945 ], [ 37.793551701533445, 7.098509836467965 ], [ 37.808941776688137, 7.095249807814739 ], [ 37.818811825247408, 7.093839790545371 ], [ 37.840003949795125, 7.105591768767383 ], [ 37.850582006523986, 7.105939756861606 ], [ 37.878802130288619, 7.093899695618633 ], [ 37.886852174689089, 7.094339684704085 ], [ 37.906912301368159, 7.112679670696633 ], [ 37.914437021066135, 7.114048781034809 ], [ 37.922052369459209, 7.104359642434539 ], [ 37.931439669247133, 7.09929140808182 ], [ 37.945052497204102, 7.10957960731044 ], [ 37.960222575500147, 7.109529581184351 ], [ 37.966632595441098, 7.103759568598445 ], [ 37.97763264064325, 7.097289542307689 ], [ 37.983112654006369, 7.088769525212998 ], [ 37.991862659242415, 7.065059489225647 ], [ 37.998244692523095, 7.062985477126849 ], [ 38.020942815531633, 7.067499443363131 ], [ 38.028752850837172, 7.067469435485087 ], [ 38.048762965728976, 7.073849408849205 ], [ 38.062248437842712, 7.073429504064315 ], [ 38.067284337377984, 7.088924061822537 ], [ 38.070294470816457, 7.123602540258817 ], [ 38.077214664327869, 7.155291139948362 ], [ 38.078834758566771, 7.181469991175429 ], [ 38.087785463722454, 7.19614896712481 ], [ 38.101033454010604, 7.208299449091226 ], [ 38.095183459289771, 7.231169484462227 ], [ 38.0865234463745, 7.247979514730872 ], [ 38.084283456898746, 7.262009533581885 ], [ 38.081103448441475, 7.269609539871721 ], [ 38.074483433632672, 7.279519562455138 ], [ 38.052595787111557, 7.296834077732 ] ] ], [ [ [ 38.106656849188894, 7.451127241048712 ], [ 38.11419394429219, 7.460979655256258 ], [ 38.114933965016924, 7.470859661834347 ], [ 38.111523964433424, 7.479149674965234 ], [ 38.09710391015588, 7.492079708774617 ], [ 38.089803895145053, 7.503599728825804 ], [ 38.094213930634453, 7.511859732549138 ], [ 38.103443987497052, 7.520099722264076 ], [ 38.10176403890376, 7.55136974816154 ], [ 38.103634056631655, 7.556419753063495 ], [ 38.113334120590523, 7.564429742739093 ], [ 38.121854248171474, 7.612209765306094 ], [ 38.086946419400128, 7.612855688491181 ], [ 38.058728599033579, 7.623025262171362 ], [ 38.044540285835097, 7.643126823299366 ], [ 38.04579904749324, 7.672171736126371 ], [ 38.033561165128845, 7.699711760618984 ], [ 37.998366013426732, 7.699667236739276 ], [ 37.978257957132996, 7.703796689108573 ], [ 37.964273049057347, 7.697382312197232 ], [ 37.949832769430515, 7.684515117220458 ], [ 37.941072261312151, 7.671545781099167 ], [ 37.929348310519359, 7.671934509849626 ], [ 37.905873838621702, 7.683152655336618 ], [ 37.881116611100481, 7.683750576016283 ], [ 37.865154362757075, 7.753139311445268 ], [ 37.845633086091787, 7.775850371880487 ], [ 37.836213043471936, 7.780030390746073 ], [ 37.832323030339772, 7.7846404031175 ], [ 37.828903024289495, 7.793160415629965 ], [ 37.822593044664906, 7.82009044440762 ], [ 37.817103024285167, 7.828160459309484 ], [ 37.78381288461545, 7.848760531299567 ], [ 37.769182545392688, 7.861249184077293 ], [ 37.768115821683317, 7.835091187211691 ], [ 37.741429482732357, 7.838337747956464 ], [ 37.723725915623895, 7.845337668516824 ], [ 37.73787268379801, 7.872390629027129 ], [ 37.724072614864141, 7.876570655793558 ], [ 37.706812526895156, 7.878710686996203 ], [ 37.664542343042115, 7.901860782370735 ], [ 37.639472219605821, 7.910460828171574 ], [ 37.604350044236327, 7.916370892366323 ], [ 37.601232011851955, 7.909210893286675 ], [ 37.595296912365811, 7.868625871054872 ], [ 37.589662527116097, 7.85231682882764 ], [ 37.583154620502093, 7.843465273259533 ], [ 37.579184638214706, 7.828985261100303 ], [ 37.562324712997352, 7.76185521491655 ], [ 37.556284714002061, 7.749455197868275 ], [ 37.548824732239929, 7.727155181123529 ], [ 37.54849478552967, 7.702315171513781 ], [ 37.544142660932309, 7.685354730365908 ], [ 37.535511255043744, 7.666010800910598 ], [ 37.529951211876302, 7.655210796151484 ], [ 37.523121157894295, 7.646605800090054 ], [ 37.516281097507679, 7.632700799045881 ], [ 37.499150973744619, 7.609510805780568 ], [ 37.482290856667305, 7.592990816408348 ], [ 37.450890646933992, 7.567920846997114 ], [ 37.445910618288067, 7.565490853192383 ], [ 37.439460558004825, 7.547310840504713 ], [ 37.408025304012433, 7.493360837251118 ], [ 37.391090072069851, 7.403610778303444 ], [ 37.380538454837342, 7.381191214816388 ], [ 37.357393632165987, 7.3621239260594 ], [ 37.331960840040011, 7.350901685848973 ], [ 37.332028031566004, 7.344638444696382 ], [ 37.337369695213745, 7.341590792018934 ], [ 37.344709720525636, 7.333750772075878 ], [ 37.36097977085722, 7.311860724762153 ], [ 37.370429829033903, 7.315520715735247 ], [ 37.401970007294707, 7.323280679270805 ], [ 37.419470100860451, 7.325770653447297 ], [ 37.43351017720078, 7.32666063446345 ], [ 37.462700321980044, 7.318080581832542 ], [ 37.502980541484803, 7.323520521681306 ], [ 37.53933072978824, 7.323430462086145 ], [ 37.59196098610105, 7.31134037064819 ], [ 37.591940979219615, 7.304890366295057 ], [ 37.580120872863851, 7.278700352840711 ], [ 37.578950854175432, 7.272030349533187 ], [ 37.582130858873938, 7.261210332678293 ], [ 37.591090902341115, 7.258660317347315 ], [ 37.605160988809942, 7.268740307899825 ], [ 37.61555106079463, 7.280910306130668 ], [ 37.631501182365632, 7.304100304049267 ], [ 37.640471226493652, 7.302700286987041 ], [ 37.668211334598247, 7.278470215451106 ], [ 37.692781440495239, 7.267370171911346 ], [ 37.703151508052258, 7.274930162507808 ], [ 37.714810933877978, 7.293279810797771 ], [ 37.719836647599905, 7.307320162782666 ], [ 37.746711870270993, 7.358070171388795 ], [ 37.758491948840167, 7.370230163799961 ], [ 37.764041994748801, 7.378260159705886 ], [ 37.78745117905288, 7.417132697119367 ], [ 37.803015573907075, 7.420765865108988 ], [ 37.828071412863196, 7.44723289934407 ], [ 37.837255828722576, 7.474977530886242 ], [ 37.85710482454855, 7.471069177055746 ], [ 37.864429717737067, 7.473527064073552 ], [ 37.878012722710658, 7.461840052837752 ], [ 37.894231830766152, 7.454001469315773 ], [ 37.901412823114178, 7.448420000560112 ], [ 37.925797045232486, 7.415470385620988 ], [ 37.933912930129651, 7.411749914408653 ], [ 37.957443076236721, 7.427079890755536 ], [ 37.967553123946793, 7.425199874976578 ], [ 37.978093169041202, 7.418729849370176 ], [ 38.010713328783595, 7.410559786649029 ], [ 38.030390262618042, 7.419013947124651 ], [ 38.048881977455544, 7.41656012768358 ], [ 38.053611463888416, 7.424549899415637 ], [ 38.065523969683859, 7.430271132070468 ], [ 38.075203700766203, 7.434919699625264 ], [ 38.106656849188894, 7.451127241048712 ] ] ] ] } },
{ "type": "Feature", "properties": { "shapeName": "Hareri", "shapeISO": "", "shapeID": "57463737B51121866066295", "shapeGroup": "ETH", "shapeType": "ADM2" }, "geometry": { "type": "Polygon", "coordinates": [ [ [ 42.074599147094347, 9.22198002931699 ], [ 42.113320178785308, 9.231758928403242 ], [ 42.128260529208085, 9.227569222509169 ], [ 42.14947094200533, 9.207280930446945 ], [ 42.166631393794184, 9.211440458017137 ], [ 42.183061839860486, 9.217909773424037 ], [ 42.198372244630207, 9.220889416632088 ], [ 42.209402469639819, 9.212950068571526 ], [ 42.221702684952128, 9.197391409778426 ], [ 42.234632945276729, 9.186932276602063 ], [ 42.246943263887069, 9.188022103984681 ], [ 42.260363630196039, 9.193291554339309 ], [ 42.265633791719353, 9.198906015983406 ], [ 42.272954076486535, 9.21668436466668 ], [ 42.269634078329695, 9.230618126691681 ], [ 42.26317399668082, 9.244636893373695 ], [ 42.257243902314102, 9.253566125885438 ], [ 42.250263836710651, 9.271044579039664 ], [ 42.25122395224011, 9.286543174498133 ], [ 42.260824269714611, 9.299841917446658 ], [ 42.266964488895681, 9.31078089338507 ], [ 42.26588452441667, 9.322329857824029 ], [ 42.259434444037595, 9.335418711565151 ], [ 42.271228090439969, 9.362668401070184 ], [ 42.262184747925133, 9.374515161217605 ], [ 42.253914599528407, 9.384804276408532 ], [ 42.238994237682775, 9.385944267710341 ], [ 42.222793800987965, 9.380474857379664 ], [ 42.188352829105057, 9.362686662438637 ], [ 42.169492365798199, 9.363836674124457 ], [ 42.147531957378987, 9.388514570122668 ], [ 42.13006153119273, 9.38967457135483 ], [ 42.115141057477651, 9.37351611336835 ], [ 42.109620868629314, 9.365126901279693 ], [ 42.086170078410355, 9.330120204016769 ], [ 42.071379552738307, 9.304952563197709 ], [ 42.065589300027824, 9.285904314328215 ], [ 42.061419083786511, 9.266886057262532 ], [ 42.05978894640171, 9.250447546614803 ], [ 42.06064889743152, 9.238668604272133 ], [ 42.062242874346019, 9.227475605285152 ], [ 42.074599147094347, 9.22198002931699 ] ] ] } },
{ "type": "Feature", "properties": { "shapeName": "Horo Guduru", "shapeISO": "", "shapeID": "57463737B15837769236873", "shapeGroup": "ETH", "shapeType": "ADM2" }, "geometry": { "type": "Polygon", "coordinates": [ [ [ 37.046675662533829, 10.289335220810853 ], [ 37.040897569656899, 10.286295035732589 ], [ 37.014068228336441, 10.285874945461037 ], [ 37.008007742397083, 10.289786131599763 ], [ 36.997907071654275, 10.303903589093219 ], [ 36.980723049390505, 10.314960310894364 ], [ 36.972453296694638, 10.316027105220693 ], [ 36.965549111500273, 10.312816441914533 ], [ 36.954476843840688, 10.313437188547262 ], [ 36.931571095335684, 10.311874197223679 ], [ 36.925436363836987, 10.314728332992386 ], [ 36.9199737118917, 10.31512232366755 ], [ 36.898761606341296, 10.313782287849072 ], [ 36.889536357930218, 10.316450846826294 ], [ 36.883908515060597, 10.321588174752451 ], [ 36.876621277873213, 10.334701513861802 ], [ 36.870041334295983, 10.341624689314818 ], [ 36.840409587304066, 10.341732865698292 ], [ 36.834379924651721, 10.343402319357356 ], [ 36.876083237367993, 10.230512894287161 ], [ 36.869230566935499, 10.176621710306865 ], [ 36.876780356821754, 10.161378153417926 ], [ 36.888329091081062, 10.130670958492233 ], [ 36.888640585720466, 10.109762661242385 ], [ 36.899570771470785, 10.054917458544217 ], [ 36.899910731436542, 10.030229623324868 ], [ 36.89676862291239, 10.011028244364137 ], [ 36.897760589691785, 9.988703276855381 ], [ 36.90323068307768, 9.959895794249224 ], [ 36.908660793730562, 9.941007442713531 ], [ 36.915700958799953, 9.925808767284044 ], [ 36.914410876429912, 9.902970776444848 ], [ 36.906284825751186, 9.87454834799051 ], [ 36.90667790413849, 9.847463846619849 ], [ 36.914604867156406, 9.83192203443425 ], [ 36.915714842706755, 9.818773179802857 ], [ 36.912777961376733, 9.804694136634543 ], [ 36.91725478265748, 9.795825178134006 ], [ 36.908744533706319, 9.791975553334126 ], [ 36.866113200547304, 9.761068438105482 ], [ 36.799450451333371, 9.744958589720687 ], [ 36.785023198111553, 9.729577576728602 ], [ 36.774580389447969, 9.705653667196257 ], [ 36.743809408952259, 9.677566251034584 ], [ 36.68691776824668, 9.668457290127645 ], [ 36.67310754808463, 9.638509873234005 ], [ 36.668407004028481, 9.610652415958709 ], [ 36.666523582379028, 9.582871998329953 ], [ 36.65756645863938, 9.553127485655949 ], [ 36.657426376493952, 9.535359039337916 ], [ 36.652000346167313, 9.528170434476079 ], [ 36.659376368270905, 9.519450421984645 ], [ 36.664571519725733, 9.520930269402443 ], [ 36.673546765505485, 9.519770337855524 ], [ 36.68915717333703, 9.512250925587713 ], [ 36.703387522351058, 9.500801866920431 ], [ 36.725048086066401, 9.490322699452472 ], [ 36.770539387505501, 9.495902016922367 ], [ 36.794720045090116, 9.492352233678554 ], [ 36.814970570318216, 9.48255300514057 ], [ 36.838451207040471, 9.478303274275421 ], [ 36.861891881680556, 9.482132841776792 ], [ 36.881372447435446, 9.487782273015243 ], [ 36.897472838611051, 9.472873504852055 ], [ 36.901762857373129, 9.449135563370035 ], [ 36.913463109669131, 9.432127006832372 ], [ 36.939713833484568, 9.429047163924464 ], [ 36.960334444676242, 9.43838626343388 ], [ 36.996035488752312, 9.449655128191516 ], [ 37.012745959538357, 9.451124929052989 ], [ 37.018796111052467, 9.447695202514639 ], [ 37.026966297081159, 9.437596053330173 ], [ 37.050946889487598, 9.420017488995866 ], [ 37.049146805090189, 9.410488331133928 ], [ 37.054126845916961, 9.387910289925577 ], [ 37.070857182132507, 9.357672865609606 ], [ 37.075467231676519, 9.339594430527239 ], [ 37.089027511916775, 9.317516311773128 ], [ 37.114448106266053, 9.290438579498812 ], [ 37.132188499637721, 9.265850660049765 ], [ 37.149898917945031, 9.24864209612255 ], [ 37.153398995918948, 9.244052479316636 ], [ 37.155979031959866, 9.236913098910746 ], [ 37.175939585189269, 9.236553042725101 ], [ 37.218250663503461, 9.214404813701689 ], [ 37.232500963008619, 9.191186788674743 ], [ 37.247891309656737, 9.172118397674991 ], [ 37.262393672697655, 9.162821156560698 ], [ 37.313813067750147, 9.157919367174156 ], [ 37.338103798795586, 9.171178100724582 ], [ 37.35775440511631, 9.186716657781345 ], [ 37.401645807636321, 9.231412545605975 ], [ 37.482098346059317, 9.30323590009715 ], [ 37.516829383954075, 9.322504053840506 ], [ 37.542790117664389, 9.326763571075995 ], [ 37.577341084386376, 9.329203204306014 ], [ 37.599581722454964, 9.335282575418251 ], [ 37.646343146535337, 9.365879679537588 ], [ 37.660203613617774, 9.384357997556256 ], [ 37.661223683582861, 9.394042140763 ], [ 37.654543611037205, 9.418225043596918 ], [ 37.646133473342246, 9.440773100820541 ], [ 37.644183576788379, 9.474880115939687 ], [ 37.628733375961765, 9.525075776286567 ], [ 37.620973327537833, 9.562612510407771 ], [ 37.619293376159426, 9.58220080391761 ], [ 37.625453732929692, 9.623477146480706 ], [ 37.626093849928303, 9.645835185012876 ], [ 37.622493951481808, 9.68984133767712 ], [ 37.628474219623193, 9.712219348698966 ], [ 37.640034627216316, 9.731157627966935 ], [ 37.650885063662187, 9.759535094667081 ], [ 37.647355066960095, 9.781883148452543 ], [ 37.648875321579197, 9.827289157650013 ], [ 37.66252579652356, 9.848067268969585 ], [ 37.671913590517697, 9.855344089287936 ], [ 37.675311313001068, 9.862887006224398 ], [ 37.667743999097965, 9.86043616193408 ], [ 37.662669197605005, 9.861456093594812 ], [ 37.652400623400524, 9.870080386083735 ], [ 37.642197399197102, 9.883452259016765 ], [ 37.637440279715001, 9.886519009989462 ], [ 37.62438243601067, 9.890008768895521 ], [ 37.619042310040051, 9.894858367356269 ], [ 37.618269159764587, 9.902659019844977 ], [ 37.613643067383251, 9.910377865591981 ], [ 37.600132398346325, 9.918757358038754 ], [ 37.59321171289492, 9.919731307445399 ], [ 37.59048417367552, 9.927815609218422 ], [ 37.59144822876776, 9.933948068713956 ], [ 37.587749157757813, 9.940362855676367 ], [ 37.575137150238263, 9.942912689390633 ], [ 37.558046730879049, 9.954825056638631 ], [ 37.55374329988711, 9.959518001677301 ], [ 37.5521766598902, 9.974390039483042 ], [ 37.546975701230146, 9.978401378091608 ], [ 37.530050735080721, 9.997136896957745 ], [ 37.520545071390067, 10.000873698058708 ], [ 37.502417056947309, 9.998908119649903 ], [ 37.489358387075278, 10.0040043991297 ], [ 37.48394756982038, 10.004468384219344 ], [ 37.478886456012226, 10.010142246459106 ], [ 37.476561949041852, 10.015897594406669 ], [ 37.462142504376196, 10.013072232317057 ], [ 37.454028278651137, 10.013289250647817 ], [ 37.445281545520629, 10.015517996120302 ], [ 37.425165575013416, 10.034743505444531 ], [ 37.399086405237924, 10.047106543493317 ], [ 37.388114077084708, 10.047500143370826 ], [ 37.38121049210109, 10.044055393177729 ], [ 37.374385531369327, 10.04315583701867 ], [ 37.363004884630563, 10.044134970404302 ], [ 37.357793225224363, 10.041188418414825 ], [ 37.350111961792017, 10.012907762438289 ], [ 37.345560866811503, 10.006777970203592 ], [ 37.340112084021072, 10.005478353742316 ], [ 37.324063799945485, 10.009061382817814 ], [ 37.318632028670272, 10.019008873142356 ], [ 37.306418726839674, 10.027611174859642 ], [ 37.300533286564459, 10.039732139885055 ], [ 37.297348022921106, 10.053805210720979 ], [ 37.28852039574447, 10.06383408671971 ], [ 37.283316260507867, 10.065845935048873 ], [ 37.272448661716965, 10.074592885730455 ], [ 37.262690736008295, 10.077625667052098 ], [ 37.241553473960799, 10.076564189639106 ], [ 37.221306610717811, 10.084866556610702 ], [ 37.214122763695798, 10.088860738741777 ], [ 37.196311566342509, 10.105477409725054 ], [ 37.191543949885052, 10.11250680151336 ], [ 37.180582718322889, 10.145326941574853 ], [ 37.16850842548395, 10.164219809309511 ], [ 37.169113451811334, 10.169446847635195 ], [ 37.171761869359983, 10.174906364206334 ], [ 37.183328885664338, 10.188950106705192 ], [ 37.198294356673003, 10.214817802404054 ], [ 37.200703727479549, 10.224237683845658 ], [ 37.196804351290659, 10.231851308179497 ], [ 37.191174541338981, 10.23721085127608 ], [ 37.182617730601962, 10.242204182172292 ], [ 37.175338782549431, 10.244246934498864 ], [ 37.1356410258621, 10.246920113026391 ], [ 37.115410478321621, 10.251636410986578 ], [ 37.09497659725988, 10.259164124710882 ], [ 37.087906400807, 10.260432363788633 ], [ 37.078907621028506, 10.264312537284676 ], [ 37.075150381583036, 10.271666904807308 ], [ 37.070509525812355, 10.277020959274159 ], [ 37.062643481068491, 10.282670801869958 ], [ 37.051574778696633, 10.284540390193046 ], [ 37.046675662533829, 10.289335220810853 ] ] ] } },
{ "type": "Feature", "properties": { "shapeName": "Ilubabor", "shapeISO": "", "shapeID": "57463737B22829161726493", "shapeGroup": "ETH", "shapeType": "ADM2" }, "geometry": { "type": "Polygon", "coordinates": [ [ [ 34.996224908882887, 7.749136460844459 ], [ 35.077849335347999, 7.732168811393592 ], [ 35.11678783926763, 7.646263195236756 ], [ 35.173690149773591, 7.65539932646843 ], [ 35.213080581257778, 7.652667295623539 ], [ 35.221077902217409, 7.663766541846573 ], [ 35.220921998363224, 7.681410464446784 ], [ 35.223489594666198, 7.704268299611241 ], [ 35.248701267649707, 7.727675727679924 ], [ 35.276324969418191, 7.747169946545103 ], [ 35.290643940499265, 7.748395930386597 ], [ 35.293790346139261, 7.753061690132982 ], [ 35.311560665313699, 7.762141263728699 ], [ 35.32565591032742, 7.766491051116466 ], [ 35.341637246647544, 7.777769766750906 ], [ 35.342789291853805, 7.822524023468427 ], [ 35.350619108649418, 7.836028096456326 ], [ 35.358811631204183, 7.844147644295668 ], [ 35.372751851449763, 7.833628071038243 ], [ 35.389902129441296, 7.828178266451421 ], [ 35.40133989474721, 7.830728010853684 ], [ 35.410249706189688, 7.844513972762252 ], [ 35.419188478004656, 7.865286500930519 ], [ 35.429496733432742, 7.881975000224466 ], [ 35.434292999131657, 7.883905777874374 ], [ 35.460493416543756, 7.873666166340254 ], [ 35.47507366140885, 7.874656087699145 ], [ 35.490993955339938, 7.883715666947916 ], [ 35.49795406493508, 7.881445744761921 ], [ 35.505564203919178, 7.885855544490754 ], [ 35.51294434630902, 7.893495196622037 ], [ 35.521489494471986, 7.896755040070315 ], [ 35.531284628564862, 7.88113568990232 ], [ 35.536974658756691, 7.850536990165523 ], [ 35.545164756333243, 7.832147763199542 ], [ 35.555394902490718, 7.821368206289827 ], [ 35.570935153348017, 7.814078488571324 ], [ 35.590385472755358, 7.80978863096925 ], [ 35.606987447183727, 7.810733610283991 ], [ 35.619045968162006, 7.815898304479724 ], [ 35.642356389888739, 7.830047646026882 ], [ 35.667736851786707, 7.846046904986708 ], [ 35.677187025766074, 7.854616516568823 ], [ 35.694497342381801, 7.865506008951767 ], [ 35.704237497396342, 7.860256213911924 ], [ 35.717207708279453, 7.856626337581241 ], [ 35.740308117559607, 7.867775808525191 ], [ 35.762918534646261, 7.883755068927825 ], [ 35.793024170027159, 7.921845171766726 ], [ 35.800492054669014, 7.933753597122734 ], [ 35.80069207023017, 7.941813607031569 ], [ 35.796042056022834, 7.949163618597341 ], [ 35.783281984525701, 7.955093640953788 ], [ 35.772141936020688, 7.964033668685473 ], [ 35.768181922966015, 7.970253679076686 ], [ 35.739281777523701, 7.989963742344358 ], [ 35.723621735521682, 8.023603796197007 ], [ 35.728772627687484, 8.040704733349264 ], [ 35.744763420471628, 8.052076147228849 ], [ 35.75411116475474, 8.068974886290224 ], [ 35.7665390414667, 8.082366507823508 ], [ 35.798849582838116, 8.080266518738279 ], [ 35.817119899195056, 8.083556340106792 ], [ 35.861640635357439, 8.078366462462137 ], [ 35.869563444142933, 8.066428072270368 ], [ 35.874659004477266, 8.069889991149674 ], [ 35.885629357804206, 8.08309880023271 ], [ 35.895059691304198, 8.104596890078113 ], [ 35.901519950859303, 8.129784671905028 ], [ 35.914640393059024, 8.151472737492606 ], [ 35.934360972012442, 8.161171825520997 ], [ 35.955766133002705, 8.162016348184341 ], [ 35.974292080598239, 8.159221860275586 ], [ 36.026533550382361, 8.162911359802774 ], [ 36.073274874109664, 8.168200742556923 ], [ 36.088857329487219, 8.173954188163306 ], [ 36.107765934800433, 8.198297997354093 ], [ 36.127606521877631, 8.207717106450144 ], [ 36.142056885669184, 8.196768015681075 ], [ 36.162957445688377, 8.189328595217079 ], [ 36.184978048088922, 8.186988721021747 ], [ 36.214798906041537, 8.194407973116229 ], [ 36.244549783872046, 8.209906517127243 ], [ 36.26828049939796, 8.225125098508906 ], [ 36.284460914756011, 8.214875940930598 ], [ 36.294091165232636, 8.211496206640048 ], [ 36.306741562354922, 8.222915160575946 ], [ 36.316791902146569, 8.240543586260891 ], [ 36.331371313207036, 8.242929321754206 ], [ 36.343942632983186, 8.234544012442539 ], [ 36.35520288232243, 8.215475642700952 ], [ 36.370383243221852, 8.198527077132296 ], [ 36.382253540786039, 8.190317751149205 ], [ 36.393373847264023, 8.189947749901894 ], [ 36.406854199984132, 8.183828234866144 ], [ 36.417384441961481, 8.168679528909989 ], [ 36.415914335452854, 8.149741190952392 ], [ 36.408904067008471, 8.127983118337037 ], [ 36.397973681688214, 8.10457520568432 ], [ 36.393493491203394, 8.084456979647737 ], [ 36.399223568871918, 8.062108918871139 ], [ 36.41624399127619, 8.047250164759127 ], [ 36.441544653005188, 8.037080971238213 ], [ 36.471625493934347, 8.038020781244168 ], [ 36.495866186535906, 8.045840015846768 ], [ 36.5334772820597, 8.061388518811253 ], [ 36.570328276679525, 8.054988955360079 ], [ 36.590908743648889, 8.025621455913223 ], [ 36.598538853089124, 7.994984116339837 ], [ 36.612239199424195, 7.987474728738356 ], [ 36.634829868454695, 7.999663580720289 ], [ 36.643050149955471, 8.014722232704335 ], [ 36.645510256059886, 8.026981147016174 ], [ 36.653280518720983, 8.040189968016573 ], [ 36.668000968212141, 8.052538834409249 ], [ 36.691341629271669, 8.056878372546478 ], [ 36.72189246346813, 8.055958341203235 ], [ 36.743323101502263, 8.069277097229724 ], [ 36.749453328701506, 8.08501569472042 ], [ 36.76065370692374, 8.104633939723096 ], [ 36.777014195709747, 8.116372847375388 ], [ 36.78984449583492, 8.100324213341905 ], [ 36.799604744167738, 8.094624678887353 ], [ 36.808815022119653, 8.101844013438383 ], [ 36.817485328206203, 8.120142373300791 ], [ 36.820565491525223, 8.143240339969005 ], [ 36.816975464236748, 8.161668730004047 ], [ 36.803275234456741, 8.202865169936114 ], [ 36.788524915111104, 8.228143004984494 ], [ 36.76780441302882, 8.246681455466367 ], [ 36.750784006973817, 8.264779923063275 ], [ 36.743683900157336, 8.287567957957474 ], [ 36.738863864564266, 8.315455526991153 ], [ 36.73475397262365, 8.376110220809435 ], [ 36.724243862892607, 8.424496019101488 ], [ 36.722463903094351, 8.449633824156299 ], [ 36.707073539718074, 8.464982534965616 ], [ 36.693103192484109, 8.476191605585358 ], [ 36.68165292822431, 8.490640380592238 ], [ 36.669292633286112, 8.503239319399842 ], [ 36.661192459245875, 8.51751809672137 ], [ 36.654947281237348, 8.515773275780512 ], [ 36.640471886523102, 8.517338189742414 ], [ 36.623131381599187, 8.512128712678866 ], [ 36.616591237870935, 8.520388010470167 ], [ 36.61393121664122, 8.536296625877124 ], [ 36.604101001319066, 8.551225357104016 ], [ 36.584350478944536, 8.557994836535757 ], [ 36.565279930284987, 8.552905354672747 ], [ 36.549159487555436, 8.554735250557412 ], [ 36.537739207849235, 8.563874491292552 ], [ 36.535149158115622, 8.570083956615735 ], [ 36.527188978101911, 8.581103026373446 ], [ 36.506928458967259, 8.594571915521712 ], [ 36.482757825488797, 8.604311153899078 ], [ 36.459777208197615, 8.609440790072187 ], [ 36.441156731909736, 8.620829861611579 ], [ 36.426435273196653, 8.636772990910154 ], [ 36.413086079085531, 8.656396856086921 ], [ 36.40226585478549, 8.677775025312547 ], [ 36.386315505080219, 8.703732811679329 ], [ 36.384740498352365, 8.713067000737329 ], [ 36.370765201921351, 8.737769888429836 ], [ 36.350154725245964, 8.765547539789535 ], [ 36.337684470640362, 8.790375413318873 ], [ 36.330564360166456, 8.81363340401899 ], [ 36.31994415972099, 8.838711254050647 ], [ 36.303583766085993, 8.855899813933718 ], [ 36.286533341224946, 8.871228532246477 ], [ 36.279953206195408, 8.882947537776809 ], [ 36.26255537405055, 8.924530632475633 ], [ 36.265675479375957, 8.929696005897503 ], [ 36.258257806405553, 8.938007806248542 ], [ 36.252511029005596, 8.947844453046367 ], [ 36.245075811632745, 8.949715581380804 ], [ 36.238348833448391, 8.954203112758933 ], [ 36.229963203206374, 8.953944687303089 ], [ 36.222916647571203, 8.951248601762909 ], [ 36.175074123389216, 8.980474995025503 ], [ 36.171044222015752, 8.98457020156008 ], [ 36.157292653151366, 9.007509352923984 ], [ 36.13220906010752, 9.021836673710601 ], [ 36.129466429985314, 9.052163189621371 ], [ 36.109333095742059, 9.081074917462827 ], [ 36.095422704574453, 9.066023591033472 ], [ 36.084952530784633, 9.059465946536134 ], [ 36.076316104291401, 9.0636825586207 ], [ 36.097753886095774, 9.033462424749612 ], [ 36.087324816036912, 9.013666072985519 ], [ 36.06472007165307, 9.020956728718328 ], [ 36.04293338367426, 9.016096956394417 ], [ 36.036223484330776, 9.005027779952952 ], [ 36.035276763447634, 8.99810838689131 ], [ 36.03695678118995, 8.989749112271902 ], [ 36.037150722560582, 8.972616604265884 ], [ 36.018392365916668, 8.950876320751627 ], [ 36.017640101920293, 8.942592141841676 ], [ 36.012599236647191, 8.937752069242263 ], [ 36.009659539053708, 8.929343232140805 ], [ 36.007978502765646, 8.903092492977674 ], [ 36.010666617934973, 8.895808480450679 ], [ 35.999355369216772, 8.89307768586108 ], [ 35.982374899529454, 8.895287552942838 ], [ 35.977009739562469, 8.893567719453301 ], [ 35.965624393621709, 8.885808441537046 ], [ 35.942413622328267, 8.854581247620679 ], [ 35.929253175908364, 8.833133168124762 ], [ 35.908052522252603, 8.817724590654958 ], [ 35.882631725422755, 8.795926579381986 ], [ 35.89000183534958, 8.76808898587918 ], [ 35.905492181168313, 8.742251185948927 ], [ 35.907542135990184, 8.714233621603972 ], [ 35.87035102076856, 8.694135508669174 ], [ 35.863990798987608, 8.682496542186451 ], [ 35.859576618813868, 8.667043907481839 ], [ 35.836309958119379, 8.665298138854281 ], [ 35.807429154592512, 8.668067997980843 ], [ 35.768878101957796, 8.676437406037357 ], [ 35.750487625286389, 8.688066454514749 ], [ 35.745977545104715, 8.70141530880753 ], [ 35.731487168406645, 8.710724547026112 ], [ 35.707206488844861, 8.711164594328178 ], [ 35.684015806010194, 8.704695236731133 ], [ 35.666345274473279, 8.69474616122584 ], [ 35.639484413769921, 8.664668877412995 ], [ 35.612163635814653, 8.661909210577486 ], [ 35.594393149725505, 8.666188899296104 ], [ 35.569712479451475, 8.67510820562927 ], [ 35.500600648928376, 8.710095398469678 ], [ 35.483130197030789, 8.723094322550745 ], [ 35.471229915826626, 8.739022972141207 ], [ 35.459149651357826, 8.761161089483608 ], [ 35.4456193166559, 8.775719867163557 ], [ 35.422048664388477, 8.780499533297032 ], [ 35.405088160483999, 8.772140320756323 ], [ 35.395247823649726, 8.756371723719461 ], [ 35.389267572268949, 8.73231383432271 ], [ 35.374337104510218, 8.717735157696023 ], [ 35.359036650121844, 8.713255602187791 ], [ 35.336126001132605, 8.712965698023682 ], [ 35.311345292075394, 8.71039600935142 ], [ 35.289134660661638, 8.710566068299428 ], [ 35.277354337049594, 8.71386581732428 ], [ 35.268374103097997, 8.719665343444584 ], [ 35.252183643774096, 8.719785386516312 ], [ 35.243523361537058, 8.70768647200542 ], [ 35.232593022447496, 8.699497221773111 ], [ 35.224092805645952, 8.707596541459106 ], [ 35.224572874587324, 8.724075108309069 ], [ 35.207122395192911, 8.729064732968169 ], [ 35.193821972784292, 8.714006086998177 ], [ 35.185841690540855, 8.698677444533978 ], [ 35.153450673634481, 8.668830148707462 ], [ 35.143350316851539, 8.647772016694914 ], [ 35.123119694007435, 8.633683305752834 ], [ 35.106099147123075, 8.612925167176712 ], [ 35.110779209262525, 8.591057051784201 ], [ 35.127529615390564, 8.572108645773028 ], [ 35.147590157330967, 8.563019371699786 ], [ 35.172530843571352, 8.556649845177532 ], [ 35.190911313303161, 8.540681175166782 ], [ 35.190601169691071, 8.498204873720431 ], [ 35.178480782145911, 8.485196041860842 ], [ 35.167350446375487, 8.480456490123657 ], [ 35.146749858632923, 8.478526725914641 ], [ 35.09886849608683, 8.477476967925872 ], [ 35.057977356497993, 8.484176516664498 ], [ 35.034836694805435, 8.482036776095603 ], [ 35.015316097487734, 8.468388025368158 ], [ 34.992915392243638, 8.446362010511352 ], [ 34.981004978462032, 8.42221215307948 ], [ 34.963594345624877, 8.378925968103236 ], [ 34.958344120089478, 8.354388117707444 ], [ 34.957964041803358, 8.330970156811334 ], [ 34.963604139113158, 8.310951879981285 ], [ 34.972524343054992, 8.295513192602749 ], [ 34.976344395562528, 8.279184604303143 ], [ 34.973924275810745, 8.26289602703079 ], [ 34.965543952709737, 8.24846544557912 ], [ 35.019011954040288, 8.220764464663862 ], [ 35.074000299486059, 8.221305489067893 ], [ 35.119668800184058, 8.20173111768405 ], [ 35.138887172396323, 8.182950980580566 ], [ 35.158415374963994, 8.137837819253448 ], [ 35.144026981980829, 8.14398055214747 ], [ 35.104633591147547, 8.116247519340165 ], [ 35.089842192045005, 8.115052100749011 ], [ 35.11869131673204, 8.083720879754031 ], [ 35.1414718716632, 8.022827398110588 ], [ 35.14177951601836, 7.990168363945013 ], [ 35.109312593287385, 7.958256736228752 ], [ 35.049093804227972, 7.955580471965812 ], [ 35.009232341116309, 7.924648882126335 ], [ 35.013853636690634, 7.883608320665982 ], [ 35.001367249289999, 7.863473810677057 ], [ 34.951437521361889, 7.891436254423177 ], [ 34.945025873930156, 7.880544065657013 ], [ 34.933026711707392, 7.829109520944668 ], [ 34.937862298668364, 7.765954297118146 ], [ 34.932727725825899, 7.72933269524675 ], [ 34.996224908882887, 7.749136460844459 ] ] ] } },
{ "type": "Feature", "properties": { "shapeName": "Jarar", "shapeISO": "", "shapeID": "57463737B12747542791958", "shapeGroup": "ETH", "shapeType": "ADM2" }, "geometry": { "type": "Polygon", "coordinates": [ [ [ 45.621808625588493, 8.443989798989966 ], [ 44.157318128573252, 8.938993309502134 ], [ 44.12244744981772, 8.962961321695799 ], [ 44.062196177596043, 8.986979496657327 ], [ 44.05401606188547, 8.999258424803882 ], [ 44.036285697561212, 9.007807755044315 ], [ 44.019335410909463, 9.025506233370796 ], [ 44.003705071922305, 9.031565780122431 ], [ 43.976464472703945, 9.038015356841107 ], [ 43.971914287172289, 9.026096479194432 ], [ 43.954963801600194, 9.013577730937147 ], [ 43.934663260219068, 9.003118810195254 ], [ 43.89306219193849, 8.991110165980585 ], [ 43.878311797971527, 8.983660939700677 ], [ 43.860211332838901, 8.97829154473612 ], [ 43.779949355809144, 8.968092969718533 ], [ 43.748588635472871, 8.972762736070132 ], [ 43.73065818369458, 8.969133180040924 ], [ 43.70654752572117, 8.95550457049446 ], [ 43.69259732533876, 8.977942606259706 ], [ 43.679487088092735, 8.989721611019791 ], [ 43.668736942935077, 9.00833997458461 ], [ 43.655776721408238, 9.021868818940147 ], [ 43.628726281795252, 9.056085853751345 ], [ 43.611815928108122, 9.064695173731545 ], [ 43.590105494263497, 9.07903399643132 ], [ 43.568705093641015, 9.096872504580604 ], [ 43.54984471261772, 9.10804160109951 ], [ 43.536614237312214, 9.083343935885216 ], [ 43.522473810744927, 9.069845248669179 ], [ 43.503413186724202, 9.041987906668009 ], [ 43.487392582104192, 9.006441250272994 ], [ 43.475102201230193, 8.992772574098527 ], [ 43.46233177216854, 8.973584404569459 ], [ 43.450041392086575, 8.959915720403973 ], [ 43.434800865669743, 8.933558219086295 ], [ 43.399499876886871, 8.910900495740778 ], [ 43.382739337806399, 8.888382651319619 ], [ 43.363568836822402, 8.880903452094866 ], [ 43.347908398345204, 8.871244420671516 ], [ 43.331037979249139, 8.869094717190823 ], [ 43.318747600167285, 8.855426038806664 ], [ 43.307557327629638, 8.854606176189183 ], [ 43.300467047243515, 8.836757849129347 ], [ 43.294316858493595, 8.829918510803017 ], [ 43.308776922594994, 8.7822927643186 ], [ 43.315187010474851, 8.770593796244528 ], [ 43.327117222072218, 8.758384836189686 ], [ 43.334747298367901, 8.739166549720597 ], [ 43.335167206675571, 8.72246807150365 ], [ 43.333117019327567, 8.698590256138955 ], [ 43.329866842283074, 8.682221769867093 ], [ 43.325086652314944, 8.669712936891088 ], [ 43.314946353826201, 8.659543925893097 ], [ 43.293935801495671, 8.652224713183518 ], [ 43.274025353075288, 8.657774326081769 ], [ 43.263775163432285, 8.667973449473049 ], [ 43.261195183991674, 8.68117226043856 ], [ 43.261985256051354, 8.69036141897139 ], [ 43.253265080056316, 8.696720890837636 ], [ 43.241644891974737, 8.712599514516635 ], [ 43.226934543130625, 8.713959475048627 ], [ 43.21551424907102, 8.710274872010396 ], [ 43.203763925882583, 8.703150591481144 ], [ 43.179063287623862, 8.6961813728718 ], [ 43.169082996993637, 8.687842188959831 ], [ 43.150382529185421, 8.685872475937229 ], [ 43.136872170557957, 8.679713116004081 ], [ 43.126891879965797, 8.671383929493805 ], [ 43.116601556968412, 8.659375082228173 ], [ 43.101261157777571, 8.653385716543006 ], [ 43.067050269079104, 8.64359679950917 ], [ 43.030689307764632, 8.630298215551704 ], [ 43.001158726891973, 8.653386287013292 ], [ 42.991848622980115, 8.674614405175953 ], [ 42.976718360643105, 8.692682844798638 ], [ 42.964628121058354, 8.703051970835171 ], [ 42.956528007525684, 8.716760769210582 ], [ 42.948757917137421, 8.734139232426601 ], [ 42.947857959779867, 8.745328223854862 ], [ 42.939607828699344, 8.757207186417702 ], [ 42.909277168137749, 8.771116098478258 ], [ 42.892726776490846, 8.772646053246733 ], [ 42.891516785798892, 8.780165373530044 ], [ 42.88263659853591, 8.784695017686504 ], [ 42.858470018941944, 8.786177019781217 ], [ 42.844845527219498, 8.758977571660104 ], [ 42.838055190780551, 8.728890341276211 ], [ 42.832914872625437, 8.696293333048846 ], [ 42.839344853248711, 8.665456104739725 ], [ 42.860805221056822, 8.637368537614234 ], [ 42.899715979107469, 8.603741378477091 ], [ 42.906246017017558, 8.583293198452827 ], [ 42.908535887628496, 8.550106208027692 ], [ 42.913295849597787, 8.523178626890829 ], [ 42.911755683493851, 8.499860759900583 ], [ 42.897955115726212, 8.458834564410141 ], [ 42.899774894953062, 8.410188984212633 ], [ 42.885334485719163, 8.399600025066087 ], [ 42.859023804757825, 8.392780788739582 ], [ 42.799112229495194, 8.37116308447531 ], [ 42.780301792794425, 8.37435289986667 ], [ 42.769091462003118, 8.36426387710557 ], [ 42.754870974245243, 8.338216321178145 ], [ 42.735800278420257, 8.295470309054462 ], [ 42.720069631169395, 8.246764824532626 ], [ 42.712079225083812, 8.207868400015252 ], [ 42.70251885149932, 8.180720920082404 ], [ 42.679438118805365, 8.148433972852715 ], [ 42.685048198680242, 8.138404853072808 ], [ 42.68859817962872, 8.11832665969307 ], [ 42.702068363845477, 8.090739097886949 ], [ 42.703978285032456, 8.066851263389729 ], [ 42.714188431411678, 8.04746297084982 ], [ 42.716808250065768, 8.001127173404999 ], [ 42.72320831693618, 7.983408745450664 ], [ 42.725528193114307, 7.94895187370069 ], [ 42.736148294449833, 7.918994536600676 ], [ 42.732608072637547, 7.89298692102194 ], [ 42.732607835771809, 7.846881117033925 ], [ 42.72996769305805, 7.830232646359858 ], [ 42.730427609891009, 7.811944301874051 ], [ 42.733767646022976, 7.803525052132803 ], [ 42.745497904122459, 7.798385461253742 ], [ 42.754538055129544, 7.78539659894251 ], [ 42.755858049778034, 7.777167340093846 ], [ 42.774468417276253, 7.762178608314523 ], [ 42.789368746405685, 7.754769209555502 ], [ 42.807939178173093, 7.751729392319803 ], [ 42.839989885620746, 7.738960387866605 ], [ 42.865140456575375, 7.731730920336865 ], [ 42.893331062280154, 7.716862136720688 ], [ 42.911281466082777, 7.711522529371116 ], [ 42.923451755147106, 7.710392571741527 ], [ 42.976512970126244, 7.699363304938183 ], [ 43.013563874948858, 7.702062872294039 ], [ 43.030724283444066, 7.701702820507992 ], [ 43.059565009598494, 7.708842026903759 ], [ 43.068505248843017, 7.712911608644099 ], [ 43.093075842075244, 7.713091466208082 ], [ 43.151857233336138, 7.710141436922494 ], [ 43.138296743767484, 7.678794364052811 ], [ 43.127196302221336, 7.644497549767139 ], [ 43.124696176603358, 7.631148777298005 ], [ 43.118255964623572, 7.61950987430711 ], [ 43.102915495142277, 7.599191798507304 ], [ 43.091305173186818, 7.590762628796889 ], [ 43.087764959047853, 7.565274969436792 ], [ 43.072304481156763, 7.54360702385318 ], [ 43.070574342941185, 7.523388879394036 ], [ 43.052733744152818, 7.489722036987532 ], [ 43.051683663168475, 7.477583142641802 ], [ 43.037273266682277, 7.468054082050608 ], [ 43.033413112683036, 7.454825311378356 ], [ 43.032153012292341, 7.439996668585861 ], [ 43.025252758139359, 7.422968253639839 ], [ 43.013292410861816, 7.410489451063504 ], [ 43.000882027188879, 7.392621138183488 ], [ 42.994331807650489, 7.379642353794589 ], [ 42.991941695099612, 7.367633459661747 ], [ 42.980221365388154, 7.357854409867025 ], [ 42.976451137483068, 7.329666994449322 ], [ 42.970900924274623, 7.312518584020622 ], [ 42.963460709595907, 7.305059301142974 ], [ 42.959610555892176, 7.291830521527106 ], [ 42.941920052997474, 7.275802067995531 ], [ 42.929849697444325, 7.26197338610851 ], [ 42.923529496951524, 7.251694354795064 ], [ 42.91608928299631, 7.244235063850532 ], [ 42.91111911520769, 7.233826038832233 ], [ 42.902058770021341, 7.207488480219559 ], [ 42.88544821070461, 7.172341759696412 ], [ 42.881598057428313, 7.159112979055001 ], [ 42.874807817083095, 7.143444435890475 ], [ 42.865907561894055, 7.134755268770339 ], [ 42.86170738402943, 7.117476864178425 ], [ 42.856387191269334, 7.103028205632099 ], [ 42.85388706440871, 7.089669432235005 ], [ 42.852266943551392, 7.07080115300588 ], [ 42.852886884592721, 7.054822606882097 ], [ 42.868197227593498, 7.050312946662453 ], [ 42.879457519552936, 7.054702496241188 ], [ 42.902748086639278, 7.056622213970808 ], [ 42.915618500919457, 7.079890039276283 ], [ 42.922478663795786, 7.080609935540819 ], [ 42.952439454679492, 7.096858315874814 ], [ 42.972139966416087, 7.104547528878612 ], [ 42.996890566711848, 7.107687122042226 ], [ 43.016051107406909, 7.124935461928124 ], [ 43.032941544664567, 7.131524783381487 ], [ 43.055922156754846, 7.145703379235277 ], [ 43.087923031967257, 7.169921025112383 ], [ 43.103573446645179, 7.177980216402982 ], [ 43.179175516001436, 7.23483466869039 ], [ 43.212186396170409, 7.254882676582478 ], [ 43.228756883358976, 7.273720876998088 ], [ 43.252507481837768, 7.281040095252967 ], [ 43.269627929670001, 7.290319161675094 ], [ 43.295878658735738, 7.310987149851156 ], [ 43.329319497685397, 7.320126151480058 ], [ 43.343619872243494, 7.328315332031672 ], [ 43.356690231523608, 7.337974383274422 ], [ 43.388111062195676, 7.355442634502026 ], [ 43.40839160959235, 7.369871216736261 ], [ 43.425942015621061, 7.368251275171398 ], [ 43.440462417021244, 7.379130209429968 ], [ 43.453192741010582, 7.384749635960092 ], [ 43.45939293316605, 7.393678786121087 ], [ 43.468303186871751, 7.402367946460952 ], [ 43.491393815440269, 7.417896408763818 ], [ 43.511014386712361, 7.440534243977831 ], [ 43.539935092218521, 7.444653721738274 ], [ 43.551655419118546, 7.454432764796699 ], [ 43.564615768668652, 7.462741936950441 ], [ 43.600076687249924, 7.479840198991619 ], [ 43.638057741597294, 7.510297209964445 ], [ 43.655068178998491, 7.518226399753815 ], [ 43.675228724918206, 7.531305099946047 ], [ 43.685599013110682, 7.541224138592249 ], [ 43.695619282300363, 7.547083551976243 ], [ 43.704639546442515, 7.55712258547911 ], [ 43.725580068795637, 7.563331907820257 ], [ 43.75318082190541, 7.583879880379738 ], [ 43.791471816919525, 7.602068017871384 ], [ 43.873293912882282, 7.635414530689841 ], [ 43.883734195891797, 7.642743804571206 ], [ 43.896704508802692, 7.644553569080578 ], [ 43.975626522332085, 7.676430226130937 ], [ 44.012237428731041, 7.686259126665246 ], [ 44.022147686642285, 7.690778658240452 ], [ 44.037938043884758, 7.690078641225051 ], [ 44.073528918513908, 7.698397683289712 ], [ 44.097459523751041, 7.706346825508589 ], [ 44.122220103862297, 7.706956637983788 ], [ 44.242282850088472, 7.700206616730277 ], [ 44.321474635959369, 7.69143699116792 ], [ 44.430077013318055, 7.669768397567656 ], [ 44.465637779191958, 7.660679043223641 ], [ 44.51784893353647, 7.651879569882151 ], [ 44.518559008743907, 7.662158616743779 ], [ 44.604120855841323, 7.642269981276118 ], [ 44.64556177016626, 7.635650367990618 ], [ 44.664282140466241, 7.625041245421932 ], [ 44.903577430906694, 7.597202500705059 ], [ 44.933628293077248, 7.62955934536597 ], [ 44.974499321091741, 7.648817342181878 ], [ 45.000469951270844, 7.65563655989916 ], [ 45.030290759818051, 7.680534094732844 ], [ 45.061821572624908, 7.698362267961497 ], [ 45.086482231890074, 7.716820418360175 ], [ 45.10407272575371, 7.733628763351358 ], [ 45.131413474093044, 7.756456496673756 ], [ 45.170394489652359, 7.780504045741788 ], [ 45.251626658775606, 7.839828084505601 ], [ 45.265037089191978, 7.861635988415784 ], [ 45.294467855185168, 7.881963930024562 ], [ 45.346259253309626, 7.920960009639662 ], [ 45.376080063513491, 7.945857529824496 ], [ 45.403030776743982, 7.964105674143041 ], [ 45.446262020339752, 8.010811091569277 ], [ 45.467122656405031, 8.038838358863721 ], [ 45.473462924092338, 8.058996454984038 ], [ 45.514204103579573, 8.103622065880733 ], [ 45.530094599444517, 8.127509755477387 ], [ 45.55232537209578, 8.171545526049501 ], [ 45.559065671088632, 8.196273192747629 ], [ 45.565856144854934, 8.248658280766463 ], [ 45.575076521653472, 8.275455742615543 ], [ 45.590307300578168, 8.345499137765003 ], [ 45.603897756363907, 8.369586815545873 ], [ 45.613128127879023, 8.396394273248394 ], [ 45.621808625588493, 8.443989798989966 ] ] ] } },
{ "type": "Feature", "properties": { "shapeName": "Jimma", "shapeISO": "", "shapeID": "57463737B95697256598451", "shapeGroup": "ETH", "shapeType": "ADM2" }, "geometry": { "type": "Polygon", "coordinates": [ [ [ 37.332028031566004, 7.344638444696382 ], [ 37.331960840040011, 7.350901685848973 ], [ 37.357393632165987, 7.3621239260594 ], [ 37.380538454837342, 7.381191214816388 ], [ 37.391090072069851, 7.403610778303444 ], [ 37.408025304012433, 7.493360837251118 ], [ 37.439460558004825, 7.547310840504713 ], [ 37.445910618288067, 7.565490853192383 ], [ 37.436210597475643, 7.585230887333947 ], [ 37.420647783624204, 7.634971042240731 ], [ 37.407780564225341, 7.658770995636654 ], [ 37.402000569202386, 7.683831033734492 ], [ 37.40245061513459, 7.71072105223481 ], [ 37.400830662510579, 7.742211081276954 ], [ 37.405650826018423, 7.828411155132523 ], [ 37.412580907916507, 7.855071162047083 ], [ 37.435211102365763, 7.899211164965906 ], [ 37.437521149161554, 7.919671173201047 ], [ 37.429661129381984, 7.931851196584242 ], [ 37.41742108442309, 7.944721233154319 ], [ 37.399779976425073, 7.955160421788177 ], [ 37.390620970733679, 7.96311129247542 ], [ 37.388540978922585, 7.97552130612656 ], [ 37.392596571657648, 7.99403672022235 ], [ 37.404931034137299, 7.994726255579225 ], [ 37.410254465315738, 7.999447627865822 ], [ 37.417496261805624, 8.002295890301921 ], [ 37.460456976227405, 8.008785491606492 ], [ 37.478447288246059, 8.015345154722489 ], [ 37.491607515779542, 8.018194999097171 ], [ 37.497857604665512, 8.015695093765185 ], [ 37.50760774565893, 8.008605374262414 ], [ 37.514807844672106, 8.000805697173258 ], [ 37.51923789156838, 7.992996021775855 ], [ 37.521147901187732, 7.984646381506908 ], [ 37.522537908511708, 7.9782066602202 ], [ 37.525767945374206, 7.973156867926269 ], [ 37.529227990434485, 7.967177119821651 ], [ 37.533618038657963, 7.960747388634482 ], [ 37.540088130461648, 7.954997629320299 ], [ 37.550248282965924, 7.950397798599441 ], [ 37.55832840952251, 7.949477819263164 ], [ 37.573578673781476, 7.953377607111016 ], [ 37.603640711780514, 7.965995933910968 ], [ 37.601887130577886, 7.975245945693706 ], [ 37.602392197421651, 8.011800972716665 ], [ 37.592612256744282, 8.075141037161988 ], [ 37.592948287386584, 8.094261047480108 ], [ 37.596242339647617, 8.112851054354437 ], [ 37.606572462222644, 8.151521067211897 ], [ 37.617782572165602, 8.178321065481571 ], [ 37.624698650484163, 8.20116106987439 ], [ 37.622492650623478, 8.21015107646476 ], [ 37.5743224165046, 8.226031176391993 ], [ 37.518072131301452, 8.2374812828564 ], [ 37.488981536033563, 8.253479045040752 ], [ 37.47283193563883, 8.267201375762125 ], [ 37.464891919050622, 8.283531404367151 ], [ 37.463381958184193, 8.307041424495448 ], [ 37.464196236600948, 8.312801111301837 ], [ 37.450073404916544, 8.315692851402579 ], [ 37.434493044366484, 8.331971481541295 ], [ 37.388622015513377, 8.389816564781924 ], [ 37.375341724139723, 8.409564878234749 ], [ 37.357081387441262, 8.451891230930734 ], [ 37.324690670879598, 8.495287537542602 ], [ 37.305770293705031, 8.530684502389301 ], [ 37.287379867493861, 8.550872800345648 ], [ 37.262659330192967, 8.58624978646483 ], [ 37.225848312177916, 8.585569989344144 ], [ 37.210717954072329, 8.600018778290817 ], [ 37.202757802055473, 8.616807337057326 ], [ 37.190637526793651, 8.631956049546186 ], [ 37.181517343418378, 8.649654532139019 ], [ 37.179797374113171, 8.668552878691271 ], [ 37.166087033975465, 8.677932106582558 ], [ 37.142426397360104, 8.682871768509505 ], [ 37.137266307523184, 8.695290696833542 ], [ 37.144826580413508, 8.711479245733626 ], [ 37.159817042406999, 8.72517798507508 ], [ 37.19585811917954, 8.745906026663407 ], [ 37.216408745407193, 8.759634736154121 ], [ 37.225849049156544, 8.771213679513162 ], [ 37.226929138195565, 8.786212359216311 ], [ 37.22244908263896, 8.802330963056766 ], [ 37.212628893624384, 8.822339246806999 ], [ 37.206288781983574, 8.839137799030567 ], [ 37.210378969583097, 8.856686240880347 ], [ 37.201518768049525, 8.867245347707474 ], [ 37.187818413312854, 8.873164883138937 ], [ 37.174907996141407, 8.858336235973271 ], [ 37.153407367144808, 8.849447099214062 ], [ 37.1284091469606, 8.842730291081724 ], [ 37.064804790999986, 8.818030207577429 ], [ 37.046574228648076, 8.802931609300988 ], [ 37.026113540085596, 8.772584352767108 ], [ 37.017923201635853, 8.743706918122342 ], [ 37.013982928205991, 8.702160575124555 ], [ 37.005522615039112, 8.681802394119995 ], [ 36.98891211206935, 8.669703523510366 ], [ 36.952861048317303, 8.65217519850183 ], [ 36.94474083628792, 8.655354947523593 ], [ 36.911609910380207, 8.654215176070979 ], [ 36.871478809749824, 8.655962675995152 ], [ 36.845828081322075, 8.651695645618808 ], [ 36.816277194464462, 8.633967314358499 ], [ 36.795306547534352, 8.615129045107942 ], [ 36.777155946394259, 8.589851330506436 ], [ 36.760135401479175, 8.570813059727911 ], [ 36.726434394757462, 8.550734945103649 ], [ 36.699623610703803, 8.541075893098633 ], [ 36.682773110756266, 8.531036835109258 ], [ 36.668712676843462, 8.520547805261758 ], [ 36.661192459245875, 8.51751809672137 ], [ 36.669292633286112, 8.503239319399842 ], [ 36.68165292822431, 8.490640380592238 ], [ 36.693103192484109, 8.476191605585358 ], [ 36.707073539718074, 8.464982534965616 ], [ 36.722463903094351, 8.449633824156299 ], [ 36.724243862892607, 8.424496019101488 ], [ 36.73475397262365, 8.376110220809435 ], [ 36.738863864564266, 8.315455526991153 ], [ 36.743683900157336, 8.287567957957474 ], [ 36.750784006973817, 8.264779923063275 ], [ 36.76780441302882, 8.246681455466367 ], [ 36.788524915111104, 8.228143004984494 ], [ 36.803275234456741, 8.202865169936114 ], [ 36.816975464236748, 8.161668730004047 ], [ 36.820565491525223, 8.143240339969005 ], [ 36.817485328206203, 8.120142373300791 ], [ 36.808815022119653, 8.101844013438383 ], [ 36.799604744167738, 8.094624678887353 ], [ 36.78984449583492, 8.100324213341905 ], [ 36.777014195709747, 8.116372847375388 ], [ 36.76065370692374, 8.104633939723096 ], [ 36.749453328701506, 8.08501569472042 ], [ 36.743323101502263, 8.069277097229724 ], [ 36.72189246346813, 8.055958341203235 ], [ 36.691341629271669, 8.056878372546478 ], [ 36.668000968212141, 8.052538834409249 ], [ 36.653280518720983, 8.040189968016573 ], [ 36.645510256059886, 8.026981147016174 ], [ 36.643050149955471, 8.014722232704335 ], [ 36.634829868454695, 7.999663580720289 ], [ 36.612239199424195, 7.987474728738356 ], [ 36.598538853089124, 7.994984116339837 ], [ 36.590908743648889, 8.025621455913223 ], [ 36.570328276679525, 8.054988955360079 ], [ 36.5334772820597, 8.061388518811253 ], [ 36.495866186535906, 8.045840015846768 ], [ 36.471625493934347, 8.038020781244168 ], [ 36.441544653005188, 8.037080971238213 ], [ 36.41624399127619, 8.047250164759127 ], [ 36.399223568871918, 8.062108918871139 ], [ 36.393493491203394, 8.084456979647737 ], [ 36.397973681688214, 8.10457520568432 ], [ 36.408904067008471, 8.127983118337037 ], [ 36.415914335452854, 8.149741190952392 ], [ 36.417384441961481, 8.168679528909989 ], [ 36.406854199984132, 8.183828234866144 ], [ 36.393373847264023, 8.189947749901894 ], [ 36.382253540786039, 8.190317751149205 ], [ 36.370383243221852, 8.198527077132296 ], [ 36.35520288232243, 8.215475642700952 ], [ 36.343942632983186, 8.234544012442539 ], [ 36.331371313207036, 8.242929321754206 ], [ 36.316791902146569, 8.240543586260891 ], [ 36.306741562354922, 8.222915160575946 ], [ 36.294091165232636, 8.211496206640048 ], [ 36.284460914756011, 8.214875940930598 ], [ 36.26828049939796, 8.225125098508906 ], [ 36.244549783872046, 8.209906517127243 ], [ 36.214798906041537, 8.194407973116229 ], [ 36.184978048088922, 8.186988721021747 ], [ 36.162957445688377, 8.189328595217079 ], [ 36.142056885669184, 8.196768015681075 ], [ 36.127606521877631, 8.207717106450144 ], [ 36.107765934800433, 8.198297997354093 ], [ 36.088857329487219, 8.173954188163306 ], [ 36.073274874109664, 8.168200742556923 ], [ 36.026533550382361, 8.162911359802774 ], [ 35.974292080598239, 8.159221860275586 ], [ 35.955766133002705, 8.162016348184341 ], [ 35.934360972012442, 8.161171825520997 ], [ 35.914640393059024, 8.151472737492606 ], [ 35.901519950859303, 8.129784671905028 ], [ 35.895059691304198, 8.104596890078113 ], [ 35.885629357804206, 8.08309880023271 ], [ 35.874659004477266, 8.069889991149674 ], [ 35.869563444142933, 8.066428072270368 ], [ 35.87349079154869, 8.059907226276607 ], [ 35.888810918788181, 8.001659708639723 ], [ 35.899561035307379, 7.972230951063782 ], [ 35.905901081962959, 7.947162021947064 ], [ 35.903200989973811, 7.927352876042594 ], [ 35.887646659089867, 7.893686150996039 ], [ 35.874992408145381, 7.876933439994272 ], [ 35.859855162860875, 7.861288745675535 ], [ 35.851899955466756, 7.849106366461936 ], [ 35.84938989006271, 7.840116761876223 ], [ 35.860760062844328, 7.830487149419161 ], [ 35.875830296843652, 7.822947439184448 ], [ 35.898560645305743, 7.808068035928701 ], [ 35.923331013850813, 7.787858849960443 ], [ 35.942401304074423, 7.775079358927366 ], [ 35.987133311601241, 7.755816794935106 ], [ 35.998012170337397, 7.74628047369452 ], [ 36.021332438599458, 7.693182713754338 ], [ 36.042672760084592, 7.67553342708679 ], [ 36.05268287764617, 7.655074284766012 ], [ 36.04790275281691, 7.635495140932674 ], [ 36.033262418046412, 7.592627021578312 ], [ 36.036102421223454, 7.573757832843354 ], [ 36.045842570329377, 7.566658116041336 ], [ 36.062972832957115, 7.558658422856469 ], [ 36.087723238219787, 7.555068520317245 ], [ 36.128393918849419, 7.556818355209947 ], [ 36.157334370210975, 7.543798851171807 ], [ 36.181664737083636, 7.524779619169744 ], [ 36.20137501685717, 7.50482043559053 ], [ 36.225475372477526, 7.485571214795669 ], [ 36.2803102644639, 7.464471878783898 ], [ 36.30253657097655, 7.4510625313798 ], [ 36.349447339569295, 7.446602619896638 ], [ 36.375417699044981, 7.41676385026572 ], [ 36.40707821147528, 7.40973408790536 ], [ 36.453949006092955, 7.418613596127188 ], [ 36.47093879085125, 7.416586705713714 ], [ 36.484704503998742, 7.41719858853195 ], [ 36.599121281884344, 7.370225358886692 ], [ 36.60675140393711, 7.369555369202978 ], [ 36.623581710523986, 7.380414865221925 ], [ 36.633741873060877, 7.379054901403975 ], [ 36.638841938776139, 7.372395178964422 ], [ 36.652532106143454, 7.346206275002997 ], [ 36.673352408423838, 7.329236967872565 ], [ 36.694862724148322, 7.314327558910539 ], [ 36.72066870722125, 7.299700309397282 ], [ 36.76331374206233, 7.267109446298719 ], [ 36.785018254545975, 7.256497068604713 ], [ 36.791904077965008, 7.253486149892817 ], [ 36.841728911569597, 7.327186010054205 ], [ 36.879948149678874, 7.330890137666423 ], [ 36.95625946960358, 7.261692718936312 ], [ 36.966594281107142, 7.243127855029963 ], [ 36.965440475408634, 7.225937576715242 ], [ 37.004087595602016, 7.235640255080707 ], [ 37.040308197135694, 7.241219929635902 ], [ 37.068928656137359, 7.236450073560593 ], [ 37.105629223426057, 7.22570045055866 ], [ 37.129389616943236, 7.229650223618456 ], [ 37.154980063472799, 7.241869635199502 ], [ 37.183550588435352, 7.266058519388023 ], [ 37.212351117673066, 7.29391723472143 ], [ 37.238631591162665, 7.313256332750005 ], [ 37.263072018324536, 7.32662569292564 ], [ 37.288442452897506, 7.335615245777662 ], [ 37.332028031566004, 7.344638444696382 ] ] ] } },
{ "type": "Feature", "properties": { "shapeName": "Keffa", "shapeISO": "", "shapeID": "57463737B32863879872033", "shapeGroup": "ETH", "shapeType": "ADM2" }, "geometry": { "type": "Polygon", "coordinates": [ [ [ 35.971111028735322, 6.238810987954315 ], [ 35.98728611779751, 6.244570980654272 ], [ 35.996871183113093, 6.254380992319946 ], [ 36.013651276633738, 6.260870985470259 ], [ 36.021001325220425, 6.265490979058279 ], [ 36.028591369282509, 6.272650983736862 ], [ 36.039841449566303, 6.287650998695323 ], [ 36.04259147382902, 6.302181023368959 ], [ 36.036811476761052, 6.330521074722283 ], [ 36.039906499379484, 6.338816088300882 ], [ 36.058411615830138, 6.352451090166507 ], [ 36.087361808317098, 6.389141124557223 ], [ 36.097931872356853, 6.399301128954004 ], [ 36.120692017641147, 6.417321130247789 ], [ 36.132872091316209, 6.424711128947895 ], [ 36.165072270917847, 6.430521103142017 ], [ 36.179792348358852, 6.428931085353167 ], [ 36.189912392817725, 6.423191062548386 ], [ 36.195892417838621, 6.417201048266572 ], [ 36.220512525644239, 6.399030991865279 ], [ 36.237072606492234, 6.389840958012231 ], [ 36.246617661655613, 6.39181094745515 ], [ 36.265352765388577, 6.400020939199682 ], [ 36.283972879562242, 6.414560944069811 ], [ 36.292712936664913, 6.423100952662367 ], [ 36.313173077655804, 6.45008096965428 ], [ 36.32246313825361, 6.457590970058351 ], [ 36.321903153337139, 6.473820999065912 ], [ 36.325113209433425, 6.507231045513556 ], [ 36.329483262245823, 6.536271087745139 ], [ 36.328563277651327, 6.551711114800065 ], [ 36.329713300206009, 6.568761133762604 ], [ 36.330863320832478, 6.576591149649541 ], [ 36.340983400267156, 6.601261173426131 ], [ 36.343513429208215, 6.613471185343156 ], [ 36.346503461438552, 6.627301209211831 ], [ 36.346043474740526, 6.639971224833042 ], [ 36.340523477041401, 6.667841272106313 ], [ 36.339373487212427, 6.678901289558191 ], [ 36.341213506572018, 6.690651310750222 ], [ 36.346283548815698, 6.70264131846722 ], [ 36.363993674829658, 6.729151336735244 ], [ 36.384943803636361, 6.744831334654704 ], [ 36.394373870792251, 6.753821341249377 ], [ 36.406113953693534, 6.770881348634551 ], [ 36.413311824696379, 6.784651910570887 ], [ 36.450741251812062, 6.781858004590472 ], [ 36.477590515690068, 6.806267388881597 ], [ 36.47186918498894, 6.868258289321439 ], [ 36.464725687627315, 6.884675934500209 ], [ 36.450476890009917, 6.917418018659105 ], [ 36.458894443995206, 6.94254152480823 ], [ 36.476174580438638, 6.973191541967648 ], [ 36.48164644203176, 6.979755842477794 ], [ 36.490674667618414, 6.980571535441783 ], [ 36.499424716464176, 6.982411529704173 ], [ 36.505174746428281, 6.981721522902243 ], [ 36.513924793732976, 6.982421509858002 ], [ 36.525214864523676, 6.991171506517754 ], [ 36.539954970076941, 7.013061515876403 ], [ 36.554465063461841, 7.020661509892077 ], [ 36.581885253894079, 7.054291516824406 ], [ 36.587185288403219, 7.058441518649368 ], [ 36.590185313650416, 7.066731525959184 ], [ 36.58629531486924, 7.083781550833089 ], [ 36.587475360710791, 7.113491590422126 ], [ 36.596695422724572, 7.125011590982818 ], [ 36.609825503388208, 7.130991581790158 ], [ 36.62248556743446, 7.130761565041444 ], [ 36.651945720260358, 7.122001517435943 ], [ 36.665170782842395, 7.115436487011011 ], [ 36.674725836715595, 7.116471472482351 ], [ 36.700316012408528, 7.148251483004072 ], [ 36.721276139428156, 7.15653146658813 ], [ 36.731646202808854, 7.161131454337751 ], [ 36.740176257357078, 7.16896145389899 ], [ 36.748706316815216, 7.180011456688887 ], [ 36.761396414333134, 7.200961462073369 ], [ 36.767416472812485, 7.218921480281819 ], [ 36.77227652123733, 7.235501494168456 ], [ 36.785018254545975, 7.256497068604713 ], [ 36.76331374206233, 7.267109446298719 ], [ 36.72066870722125, 7.299700309397282 ], [ 36.694862724148322, 7.314327558910539 ], [ 36.673352408423838, 7.329236967872565 ], [ 36.652532106143454, 7.346206275002997 ], [ 36.638841938776139, 7.372395178964422 ], [ 36.633741873060877, 7.379054901403975 ], [ 36.623581710523986, 7.380414865221925 ], [ 36.60675140393711, 7.369555369202978 ], [ 36.599121281884344, 7.370225358886692 ], [ 36.484704503998742, 7.41719858853195 ], [ 36.47093879085125, 7.416586705713714 ], [ 36.453949006092955, 7.418613596127188 ], [ 36.40707821147528, 7.40973408790536 ], [ 36.375417699044981, 7.41676385026572 ], [ 36.349447339569295, 7.446602619896638 ], [ 36.30253657097655, 7.4510625313798 ], [ 36.2803102644639, 7.464471878783898 ], [ 36.225475372477526, 7.485571214795669 ], [ 36.20137501685717, 7.50482043559053 ], [ 36.181664737083636, 7.524779619169744 ], [ 36.157334370210975, 7.543798851171807 ], [ 36.128393918849419, 7.556818355209947 ], [ 36.087723238219787, 7.555068520317245 ], [ 36.062972832957115, 7.558658422856469 ], [ 36.045842570329377, 7.566658116041336 ], [ 36.036102421223454, 7.573757832843354 ], [ 36.033262418046412, 7.592627021578312 ], [ 36.04790275281691, 7.635495140932674 ], [ 36.05268287764617, 7.655074284766012 ], [ 36.042672760084592, 7.67553342708679 ], [ 36.021332438599458, 7.693182713754338 ], [ 35.998012170337397, 7.74628047369452 ], [ 35.987133311601241, 7.755816794935106 ], [ 35.942401304074423, 7.775079358927366 ], [ 35.923331013850813, 7.787858849960443 ], [ 35.898560645305743, 7.808068035928701 ], [ 35.875830296843652, 7.822947439184448 ], [ 35.860760062844328, 7.830487149419161 ], [ 35.84938989006271, 7.840116761876223 ], [ 35.851899955466756, 7.849106366461936 ], [ 35.859855162860875, 7.861288745675535 ], [ 35.874992408145381, 7.876933439994272 ], [ 35.887646659089867, 7.893686150996039 ], [ 35.903200989973811, 7.927352876042594 ], [ 35.905901081962959, 7.947162021947064 ], [ 35.899561035307379, 7.972230951063782 ], [ 35.888810918788181, 8.001659708639723 ], [ 35.87349079154869, 8.059907226276607 ], [ 35.869563444142933, 8.066428072270368 ], [ 35.861640635357439, 8.078366462462137 ], [ 35.817119899195056, 8.083556340106792 ], [ 35.798849582838116, 8.080266518738279 ], [ 35.7665390414667, 8.082366507823508 ], [ 35.75411116475474, 8.068974886290224 ], [ 35.744763420471628, 8.052076147228849 ], [ 35.728772627687484, 8.040704733349264 ], [ 35.723621735521682, 8.023603796197007 ], [ 35.739281777523701, 7.989963742344358 ], [ 35.768181922966015, 7.970253679076686 ], [ 35.772141936020688, 7.964033668685473 ], [ 35.783281984525701, 7.955093640953788 ], [ 35.796042056022834, 7.949163618597341 ], [ 35.80069207023017, 7.941813607031569 ], [ 35.800492054669014, 7.933753597122734 ], [ 35.793024170027159, 7.921845171766726 ], [ 35.762918534646261, 7.883755068927825 ], [ 35.740308117559607, 7.867775808525191 ], [ 35.717207708279453, 7.856626337581241 ], [ 35.704237497396342, 7.860256213911924 ], [ 35.694497342381801, 7.865506008951767 ], [ 35.677187025766074, 7.854616516568823 ], [ 35.667736851786707, 7.846046904986708 ], [ 35.642356389888739, 7.830047646026882 ], [ 35.619045968162006, 7.815898304479724 ], [ 35.606987447183727, 7.810733610283991 ], [ 35.61299079526701, 7.783963660351661 ], [ 35.613150767912003, 7.759373630106061 ], [ 35.615430769112635, 7.746043605741649 ], [ 35.612830732686128, 7.728133590608777 ], [ 35.608870689735632, 7.716193578331753 ], [ 35.589670573655916, 7.708223593902822 ], [ 35.590330563854941, 7.695353578338221 ], [ 35.61268066125546, 7.671833522554057 ], [ 35.604100598968742, 7.659913512258417 ], [ 35.590680513224932, 7.652383522402071 ], [ 35.58027044180119, 7.644603524726175 ], [ 35.575270405056258, 7.634053517488991 ], [ 35.573510384860889, 7.623943508363422 ], [ 35.575740357859196, 7.593603466369449 ], [ 35.579880364090329, 7.578753440153462 ], [ 35.583270361589989, 7.557733409997721 ], [ 35.588240335784207, 7.511983345690652 ], [ 35.57621025096325, 7.502603349067213 ], [ 35.537610022066922, 7.491703373543428 ], [ 35.52488994594804, 7.484623382736157 ], [ 35.517009881864276, 7.469483374726943 ], [ 35.510479810044139, 7.440783342082535 ], [ 35.489479675326663, 7.426509343693557 ], [ 35.500314704356363, 7.397248293149535 ], [ 35.492709644997745, 7.383403285848245 ], [ 35.487439589563969, 7.358193256568509 ], [ 35.488559545728421, 7.312563191267722 ], [ 35.483549490026171, 7.288503160105541 ], [ 35.481939457628521, 7.270573135373776 ], [ 35.484949469198895, 7.261983122156469 ], [ 35.491249492832317, 7.255853103977315 ], [ 35.500869547507847, 7.252873094815677 ], [ 35.523179675141506, 7.258583076685596 ], [ 35.54469979127721, 7.251413042963756 ], [ 35.556389861235481, 7.257363034969818 ], [ 35.567099916074895, 7.251813018229203 ], [ 35.573809945013963, 7.243602995626373 ], [ 35.583649992923256, 7.240152980792089 ], [ 35.594420060411146, 7.245892978874991 ], [ 35.603330106669539, 7.242692962004631 ], [ 35.60960013210078, 7.234952945979287 ], [ 35.618850184938303, 7.235662932252115 ], [ 35.623760215095011, 7.238312930546845 ], [ 35.631915252459748, 7.232137916106319 ], [ 35.652547037121074, 7.231289560652111 ], [ 35.658555401767615, 7.22916288350451 ], [ 35.664932412623045, 7.209888846803958 ], [ 35.671285190187149, 7.207659287205314 ], [ 35.69722053386694, 7.154302730955562 ], [ 35.712810573103546, 7.114962659738853 ], [ 35.719470596504479, 7.10276262939233 ], [ 35.715750561136531, 7.090822621211334 ], [ 35.709270516541977, 7.083262618241832 ], [ 35.708560506849118, 7.074302604663461 ], [ 35.72330057849581, 7.067592577986106 ], [ 35.729280602561062, 7.059992558460012 ], [ 35.721640548239243, 7.046232546727405 ], [ 35.698280385216883, 7.021952540202176 ], [ 35.691215338188151, 7.009452530405452 ], [ 35.690397046849526, 6.989465753349745 ], [ 35.715093608206409, 7.002948869350183 ], [ 35.751336967010438, 7.026669411765969 ], [ 35.778422846796332, 7.016295247908676 ], [ 35.789982360874887, 7.043364435772622 ], [ 35.815598188123417, 7.076397752388297 ], [ 35.839155720759884, 7.06717011653441 ], [ 35.822926405269527, 7.035374895331267 ], [ 35.842891510692098, 6.998199233327597 ], [ 35.847951206653441, 7.013162357462877 ], [ 35.856511266645199, 7.022782364829762 ], [ 35.867591328820829, 7.026642354886085 ], [ 35.879811404412834, 7.034702352781395 ], [ 35.867481375831218, 7.068462412329922 ], [ 35.86637138676106, 7.085002442334507 ], [ 35.869631419372297, 7.096482451504489 ], [ 35.876561463446301, 7.100592450131997 ], [ 35.914201685868889, 7.115152426226661 ], [ 35.922161735621955, 7.120432426791737 ], [ 35.935181795496412, 7.109322396022423 ], [ 35.947841861501409, 7.102842370326001 ], [ 35.954961887287844, 7.092702346204394 ], [ 35.963481925301132, 7.085322324619139 ], [ 35.981371986753075, 7.055042262798945 ], [ 35.996592026499485, 7.01681219251445 ], [ 36.006502058237295, 7.001612154967754 ], [ 36.010192071879779, 6.992392140878155 ], [ 36.012262076374505, 6.984562126052268 ], [ 36.016077048127869, 6.94630706753793 ], [ 36.019652061400031, 6.937322052736311 ], [ 36.025182081341072, 6.929032034023271 ], [ 36.039692138192862, 6.911311985013147 ], [ 36.051902162363092, 6.877901923474174 ], [ 36.059282169390137, 6.848071873542102 ], [ 36.074482220190717, 6.816861807673381 ], [ 36.074952199521213, 6.79935178417743 ], [ 36.069777146615323, 6.779176753844349 ], [ 36.069672111396109, 6.749561712296392 ], [ 36.064162062056063, 6.728121687175056 ], [ 36.082122130058387, 6.705101631969239 ], [ 36.082582118775314, 6.693811615578563 ], [ 36.079727068963585, 6.659351561019543 ], [ 36.081002055926341, 6.645641541881959 ], [ 36.084682058915035, 6.632511515987158 ], [ 36.09086208382363, 6.622306492250837 ], [ 36.133492254094492, 6.568281357880551 ], [ 36.134412247228305, 6.559301344011295 ], [ 36.132812224793163, 6.544541319658321 ], [ 36.126842164478106, 6.520341287733625 ], [ 36.122252121936569, 6.508351278316472 ], [ 36.116962085443554, 6.495661263225853 ], [ 36.107772020618015, 6.482511253242873 ], [ 36.097431948395425, 6.471671248151067 ], [ 36.088231894954582, 6.467731250368749 ], [ 36.079491845397186, 6.465181257506821 ], [ 36.054881711611209, 6.461921277354479 ], [ 36.041771639117599, 6.456821279103264 ], [ 36.030961571251765, 6.450351285314737 ], [ 36.01993150481502, 6.439731274464779 ], [ 36.003851386453704, 6.409741247434784 ], [ 35.996961333535829, 6.400051236653174 ], [ 35.993061302852574, 6.390591222431759 ], [ 35.985996256351406, 6.379996214894875 ], [ 35.984791227580367, 6.356571175582183 ], [ 35.979911182182917, 6.341651159084517 ], [ 35.980561167340809, 6.320971119870096 ], [ 35.974036080673478, 6.274316047851211 ], [ 35.971111028735322, 6.238810987954315 ] ] ] } },
{ "type": "Feature", "properties": { "shapeName": "Kelem Wellega", "shapeISO": "", "shapeID": "57463737B75894737720042", "shapeGroup": "ETH", "shapeType": "ADM2" }, "geometry": { "type": "Polygon", "coordinates": [ [ [ 34.965543952709737, 8.24846544557912 ], [ 34.973924275810745, 8.26289602703079 ], [ 34.976344395562528, 8.279184604303143 ], [ 34.972524343054992, 8.295513192602749 ], [ 34.963604139113158, 8.310951879981285 ], [ 34.957964041803358, 8.330970156811334 ], [ 34.958344120089478, 8.354388117707444 ], [ 34.963594345624877, 8.378925968103236 ], [ 34.981004978462032, 8.42221215307948 ], [ 34.992915392243638, 8.446362010511352 ], [ 35.015316097487734, 8.468388025368158 ], [ 35.034836694805435, 8.482036776095603 ], [ 35.057977356497993, 8.484176516664498 ], [ 35.09886849608683, 8.477476967925872 ], [ 35.146749858632923, 8.478526725914641 ], [ 35.167350446375487, 8.480456490123657 ], [ 35.178480782145911, 8.485196041860842 ], [ 35.190601169691071, 8.498204873720431 ], [ 35.190911313303161, 8.540681175166782 ], [ 35.172530843571352, 8.556649845177532 ], [ 35.147590157330967, 8.563019371699786 ], [ 35.127529615390564, 8.572108645773028 ], [ 35.110779209262525, 8.591057051784201 ], [ 35.106099147123075, 8.612925167176712 ], [ 35.123119694007435, 8.633683305752834 ], [ 35.143350316851539, 8.647772016694914 ], [ 35.153450673634481, 8.668830148707462 ], [ 35.185841690540855, 8.698677444533978 ], [ 35.193821972784292, 8.714006086998177 ], [ 35.207122395192911, 8.729064732968169 ], [ 35.224572874587324, 8.724075108309069 ], [ 35.224092805645952, 8.707596541459106 ], [ 35.232593022447496, 8.699497221773111 ], [ 35.243523361537058, 8.70768647200542 ], [ 35.252183643774096, 8.719785386516312 ], [ 35.268374103097997, 8.719665343444584 ], [ 35.277354337049594, 8.71386581732428 ], [ 35.289134660661638, 8.710566068299428 ], [ 35.311345292075394, 8.71039600935142 ], [ 35.336126001132605, 8.712965698023682 ], [ 35.359036650121844, 8.713255602187791 ], [ 35.374337104510218, 8.717735157696023 ], [ 35.389267572268949, 8.73231383432271 ], [ 35.395247823649726, 8.756371723719461 ], [ 35.405088160483999, 8.772140320756323 ], [ 35.422048664388477, 8.780499533297032 ], [ 35.423828784931352, 8.799767845082897 ], [ 35.423258823471464, 8.815386488376713 ], [ 35.428469016798637, 8.82934525873943 ], [ 35.430889131778535, 8.842414107868169 ], [ 35.418248811535435, 8.853303210204592 ], [ 35.429549208431112, 8.875941198208325 ], [ 35.420598991896817, 8.885190423725012 ], [ 35.408868691160542, 8.894469653389207 ], [ 35.398268410864397, 8.900519168561127 ], [ 35.357637308377178, 8.914608076679947 ], [ 35.342666915641637, 8.925057224590043 ], [ 35.333076700392894, 8.941425831719457 ], [ 35.326086579840037, 8.964203875569245 ], [ 35.315376351979829, 8.986331986136589 ], [ 35.312943101148207, 9.003679107855811 ], [ 35.308605703415033, 9.007982669586113 ], [ 35.303313629935253, 9.009869081266441 ], [ 35.29237490624304, 9.002898797821807 ], [ 35.277349229708442, 9.001150418810441 ], [ 35.272917745350071, 8.995547584852671 ], [ 35.266045983525729, 8.996247662404597 ], [ 35.26121278701104, 9.001823968601972 ], [ 35.255795210550531, 9.003080682239878 ], [ 35.255307703992621, 9.009882905023643 ], [ 35.258300252808723, 9.020498740121381 ], [ 35.259675724355674, 9.045080912432951 ], [ 35.224734045986146, 9.063005629670762 ], [ 35.193773196177723, 9.072644899516119 ], [ 35.177112723604786, 9.074834767143331 ], [ 35.157888169957204, 9.072391050451696 ], [ 35.165132413791078, 9.083184082935773 ], [ 35.157432277755234, 9.105972128955111 ], [ 35.154312242416388, 9.122760684358081 ], [ 35.145172036011751, 9.138439353166261 ], [ 35.130881667741562, 9.148868497565463 ], [ 35.124991555533413, 9.166137017003658 ], [ 35.125166794935772, 9.189147579848045 ], [ 35.118621532999747, 9.211873067189902 ], [ 35.10282612312394, 9.222552196339503 ], [ 35.091450842771152, 9.235031146845419 ], [ 35.0867207709761, 9.253199584812789 ], [ 35.056329993703322, 9.280057365075209 ], [ 35.038319514637095, 9.28982657821731 ], [ 35.0167889074188, 9.293426342116284 ], [ 34.999218427917214, 9.299285895301619 ], [ 34.984258052352011, 9.3138546809456 ], [ 34.96648758292902, 9.325233757602579 ], [ 34.939156807391726, 9.328633554771814 ], [ 34.924846425725754, 9.33768281623875 ], [ 34.926766511457224, 9.346622037996859 ], [ 34.916436293948308, 9.368680160053826 ], [ 34.903195881941116, 9.358271105084421 ], [ 34.890475412665388, 9.329643635697694 ], [ 34.886735293669702, 9.325534004752759 ], [ 34.873574823306356, 9.300596213913083 ], [ 34.851163985015575, 9.243561238473552 ], [ 34.826723233036489, 9.228332642236408 ], [ 34.800452441540223, 9.217933628110384 ], [ 34.773941632242625, 9.203864940621836 ], [ 34.749810882466832, 9.186606517962671 ], [ 34.694569296656873, 9.187586614892444 ], [ 34.652828398099935, 9.161426482143876 ], [ 34.617246994290539, 9.16438888424212 ], [ 34.594236305674414, 9.154179844550137 ], [ 34.586665999360058, 9.129192034782548 ], [ 34.571525526484976, 9.117103127766811 ], [ 34.557635137383684, 9.119712952245033 ], [ 34.541984737776701, 9.136331557536314 ], [ 34.529994431223976, 9.146740698281508 ], [ 34.506823766781949, 9.148010659576336 ], [ 34.496123437774756, 9.14233119186151 ], [ 34.480302948614451, 9.131162210618148 ], [ 34.458022291658196, 9.126452687458443 ], [ 34.424861324471451, 9.123183077232605 ], [ 34.394010415874348, 9.117373679338447 ], [ 34.427576132065646, 9.072843014527246 ], [ 34.459071868866396, 9.074230541712202 ], [ 34.484409072742181, 9.048195163746467 ], [ 34.504450749406914, 9.005187334301807 ], [ 34.431392001868886, 8.968493269753226 ], [ 34.145447272028605, 8.963296269865472 ], [ 34.141344982546073, 8.912027252501922 ], [ 34.142257201698044, 8.810901001723577 ], [ 34.14023202111278, 8.77218436031924 ], [ 34.142301977233004, 8.737077396801642 ], [ 34.14083189575414, 8.724108524498863 ], [ 34.145221634848319, 8.67085235260018 ], [ 34.142309771277645, 8.653036575669272 ], [ 34.190373826814259, 8.652717364282653 ], [ 34.224254255894223, 8.670850425030519 ], [ 34.235912492884779, 8.687228867016053 ], [ 34.256470089794362, 8.703718712011717 ], [ 34.280125967669612, 8.709916498141311 ], [ 34.313166724709752, 8.683181549556338 ], [ 34.346209672735917, 8.601188799481328 ], [ 34.358961824025982, 8.523139142409455 ], [ 34.358171235435293, 8.501025780747058 ], [ 34.344795202869484, 8.470341922170796 ], [ 34.335648459305851, 8.439709127796398 ], [ 34.315945054535348, 8.40789861449915 ], [ 34.31403356912282, 8.391035740186197 ], [ 34.329924977342429, 8.388067028136767 ], [ 34.348018062415193, 8.377755665789598 ], [ 34.43709269755432, 8.422878498017928 ], [ 34.471936802746619, 8.448678651494907 ], [ 34.523429250056395, 8.476644295010207 ], [ 34.557269643015907, 8.456235201182091 ], [ 34.575016697804266, 8.404585118249063 ], [ 34.631080381791627, 8.403106313666269 ], [ 34.668172015606977, 8.396145714839655 ], [ 34.729498553824151, 8.391128690201654 ], [ 34.768387454384523, 8.364487799056869 ], [ 34.785998389588627, 8.356352042142401 ], [ 34.795820174710812, 8.328021037080179 ], [ 34.786551201547113, 8.304753234576285 ], [ 34.827175836163754, 8.263053034464415 ], [ 34.855844186641193, 8.251765532398121 ], [ 34.883334457660176, 8.252049192670134 ], [ 34.965543952709737, 8.24846544557912 ] ] ] } },
{ "type": "Feature", "properties": { "shapeName": "Kemashi", "shapeISO": "", "shapeID": "57463737B3908522439812", "shapeGroup": "ETH", "shapeType": "ADM2" }, "geometry": { "type": "MultiPolygon", "coordinates": [ [ [ [ 36.175074123389216, 8.980474995025503 ], [ 36.222916647571203, 8.951248601762909 ], [ 36.24870438896604, 8.974582910146138 ], [ 36.221821090853041, 8.989588468425044 ], [ 36.179772059026746, 8.987368631301667 ], [ 36.175074123389216, 8.980474995025503 ] ] ], [ [ [ 35.325456408114498, 9.885771301917677 ], [ 35.350564700897358, 9.867052380702788 ], [ 35.364553281019028, 9.814024323084109 ], [ 35.387656374594982, 9.802875655689888 ], [ 35.408802587442779, 9.795502865142431 ], [ 35.420394027378144, 9.786128468921113 ], [ 35.379595667174286, 9.766391642973629 ], [ 35.383795770092441, 9.759982190683848 ], [ 35.376129058658513, 9.750937305703884 ], [ 35.36584512745015, 9.728454984454782 ], [ 35.369161200395695, 9.720278678898415 ], [ 35.390151178762608, 9.72103787299924 ], [ 35.411531464330935, 9.71466721110601 ], [ 35.456141045532632, 9.673223862757792 ], [ 35.469189928756521, 9.67136948834178 ], [ 35.505873389622558, 9.689693874340781 ], [ 35.534045185085972, 9.691409903253676 ], [ 35.534740229259889, 9.697409376344387 ], [ 35.540160388553673, 9.698629249220144 ], [ 35.554495787794593, 9.697109329824725 ], [ 35.561855985858259, 9.693009655484525 ], [ 35.57928638114889, 9.666511889316105 ], [ 35.595196798558433, 9.657032653194808 ], [ 35.625527648122286, 9.652162963465416 ], [ 35.635497928769077, 9.65248289248717 ], [ 35.654208399862661, 9.635924264472907 ], [ 35.651318234375978, 9.614026181092537 ], [ 35.644349849965806, 9.595549808271411 ], [ 35.648262152808776, 9.554313457500101 ], [ 35.672161745076274, 9.518240710877112 ], [ 35.68725784785326, 9.511422159116167 ], [ 35.711532191054587, 9.487780645816185 ], [ 35.732623696386597, 9.482507621756049 ], [ 35.753663521838689, 9.48270328028952 ], [ 35.765765674410268, 9.47436051037997 ], [ 35.778098724169112, 9.441152052840998 ], [ 35.779188277598067, 9.431712481319853 ], [ 35.766693841030303, 9.428613917984311 ], [ 35.75477496925226, 9.417562945654467 ], [ 35.750893531739351, 9.40409923053882 ], [ 35.755950259445768, 9.365807378004684 ], [ 35.749970025181639, 9.349633810602652 ], [ 35.751330000119772, 9.332150323677382 ], [ 35.75752014234358, 9.324660950124132 ], [ 35.774727160031297, 9.325346781419308 ], [ 35.797964745847871, 9.309641598068092 ], [ 35.80922624011432, 9.309899953874966 ], [ 35.860644844157775, 9.325994084705327 ], [ 35.911864438350975, 9.31698115692431 ], [ 35.918647718389558, 9.286664852018285 ], [ 35.931502690918634, 9.268259242507554 ], [ 35.950097411610834, 9.250182561159914 ], [ 35.976190146412556, 9.243936741708115 ], [ 36.032355419189329, 9.234456168208039 ], [ 36.044743567587254, 9.196096331724318 ], [ 36.054389131150991, 9.120477145693348 ], [ 36.034800849176364, 9.108457795469629 ], [ 36.028852276979705, 9.057022940232141 ], [ 36.0432271196537, 9.033225289246285 ], [ 36.04293338367426, 9.016096956394417 ], [ 36.06472007165307, 9.020956728718328 ], [ 36.087324816036912, 9.013666072985519 ], [ 36.097753886095774, 9.033462424749612 ], [ 36.076316104291401, 9.0636825586207 ], [ 36.084952530784633, 9.059465946536134 ], [ 36.095422704574453, 9.066023591033472 ], [ 36.109333095742059, 9.081074917462827 ], [ 36.129466429985314, 9.052163189621371 ], [ 36.13220906010752, 9.021836673710601 ], [ 36.160413686788559, 9.021708364218128 ], [ 36.16786871682794, 9.029040042539126 ], [ 36.177571659147723, 9.045571528379714 ], [ 36.226731396140394, 9.032015318054105 ], [ 36.247260504657049, 9.042008523147217 ], [ 36.236590381086948, 9.0519916613065 ], [ 36.20843231505571, 9.068197022171507 ], [ 36.185367272510817, 9.072995572751568 ], [ 36.162254313371619, 9.106392888332666 ], [ 36.17269343484994, 9.109337921065132 ], [ 36.204729864706295, 9.158383193935714 ], [ 36.22970786089747, 9.230061074794346 ], [ 36.227118738501972, 9.272754482145222 ], [ 36.195676757803568, 9.289998385914638 ], [ 36.195379346186016, 9.327310682088655 ], [ 36.206674977955551, 9.355758832481383 ], [ 36.235051793714469, 9.348026681627953 ], [ 36.2153695689004, 9.3334380413354 ], [ 36.215544831731073, 9.315893906615297 ], [ 36.219155651140099, 9.298142468025375 ], [ 36.253962810650151, 9.302846967654666 ], [ 36.271011458473879, 9.329391170651849 ], [ 36.27590139702334, 9.344852986311251 ], [ 36.290421028493554, 9.322551777089025 ], [ 36.296266858996326, 9.302715211080102 ], [ 36.319781100541611, 9.306873175125702 ], [ 36.326963809059244, 9.331794053056845 ], [ 36.33455325231467, 9.340819487910448 ], [ 36.350047142329707, 9.345911190440873 ], [ 36.375502822049668, 9.359037651000131 ], [ 36.462199334396949, 9.358175298959635 ], [ 36.484898430037632, 9.368884622785009 ], [ 36.475979516001111, 9.395652299498568 ], [ 36.484432790294441, 9.406174282608111 ], [ 36.508055032318623, 9.4203581740415 ], [ 36.515700743571614, 9.445144656085516 ], [ 36.499452904046493, 9.47389276372043 ], [ 36.495219196531217, 9.510370749647796 ], [ 36.461956798893674, 9.529061140874667 ], [ 36.40141672486574, 9.511993397592951 ], [ 36.381094668967698, 9.481488248525253 ], [ 36.355922654631527, 9.495729291956909 ], [ 36.336740878365028, 9.512999141612813 ], [ 36.314961337326345, 9.541691547050428 ], [ 36.301810271392874, 9.556516889844406 ], [ 36.267049771288789, 9.56969561095497 ], [ 36.232560541424391, 9.571323328259981 ], [ 36.229919557390012, 9.580824836919966 ], [ 36.201560295517403, 9.615925237588215 ], [ 36.19339454035029, 9.659488186614094 ], [ 36.192648752004487, 9.688867655336765 ], [ 36.178278715366851, 9.702303422302323 ], [ 36.162670263575677, 9.731453182398841 ], [ 36.159839507598669, 9.747921580767999 ], [ 36.144198894554329, 9.758735980102665 ], [ 36.106067733953822, 9.774306544681194 ], [ 36.137253044050432, 9.808427159525635 ], [ 36.128988908409511, 9.853189623576849 ], [ 36.153125815272624, 9.849907697842706 ], [ 36.152976273806765, 9.867337838044756 ], [ 36.134811581265147, 9.916859750595874 ], [ 36.120580625871604, 9.962299691538512 ], [ 36.121430676344474, 9.972538797481072 ], [ 36.140680830233464, 10.010667369831113 ], [ 36.185350646925762, 10.05062001955138 ], [ 36.219708560103534, 10.05417082649388 ], [ 36.259704894346477, 10.079408040275347 ], [ 36.268668320770658, 10.089443874420876 ], [ 36.27267787498112, 10.11404065458691 ], [ 36.333104291993138, 10.139345386566671 ], [ 36.370209955171745, 10.162601321238601 ], [ 36.396062572277742, 10.188044203406305 ], [ 36.416982449090817, 10.217708492242107 ], [ 36.446140874525909, 10.24678522437156 ], [ 36.491703860066117, 10.235210684801395 ], [ 36.516280029832345, 10.240872940517036 ], [ 36.523233065667675, 10.251376174484022 ], [ 36.545867580154301, 10.270196993825007 ], [ 36.55013583499349, 10.279764871743861 ], [ 36.555273487069137, 10.286009395735052 ], [ 36.576640853291245, 10.280173403328673 ], [ 36.575478578749355, 10.265112548658198 ], [ 36.611364267676457, 10.260161341612443 ], [ 36.660485633653643, 10.277978670034239 ], [ 36.692987207357902, 10.297225209807941 ], [ 36.689511078834776, 10.31235036946179 ], [ 36.686194935374573, 10.318529295777338 ], [ 36.669120615932194, 10.314753488100566 ], [ 36.662604751945167, 10.317472955277651 ], [ 36.656233187824881, 10.322910935062408 ], [ 36.637802214705054, 10.347567339344691 ], [ 36.618366464187076, 10.355899431678829 ], [ 36.6062654224623, 10.365650408127488 ], [ 36.590281880103852, 10.369788298636054 ], [ 36.573658963919016, 10.363806809868482 ], [ 36.557545505230046, 10.363603065469572 ], [ 36.549329264000619, 10.36181175832488 ], [ 36.540037351708065, 10.365909887022873 ], [ 36.533331294596152, 10.376883434345077 ], [ 36.531974063083915, 10.383038242905194 ], [ 36.523700226046522, 10.395119028046752 ], [ 36.52128822510177, 10.40048719120068 ], [ 36.521237897999789, 10.406866735189254 ], [ 36.524445946288729, 10.410920762337005 ], [ 36.533423231120231, 10.432044596165781 ], [ 36.544041929977475, 10.449626807523263 ], [ 36.547021301993425, 10.457819415139458 ], [ 36.538019370299615, 10.473982715897833 ], [ 36.527569782896833, 10.48381647639623 ], [ 36.5194146175971, 10.479795293856903 ], [ 36.511687897432402, 10.479725668312661 ], [ 36.486202314444249, 10.483725726472173 ], [ 36.463502526398216, 10.480102017599917 ], [ 36.456453304948901, 10.475567109614438 ], [ 36.450294060777708, 10.460381290702413 ], [ 36.446441434149889, 10.456605036254876 ], [ 36.436092458378674, 10.453448290069201 ], [ 36.428624588291108, 10.455534253145345 ], [ 36.426906486830426, 10.433995166435635 ], [ 36.427140373025438, 10.405481804286856 ], [ 36.423548707723057, 10.375036736695405 ], [ 36.416039265443551, 10.354065402618579 ], [ 36.391188648583352, 10.340558285343675 ], [ 36.374130099592847, 10.313806544615208 ], [ 36.3399412481821, 10.269806260957344 ], [ 36.340131627422657, 10.246996936139617 ], [ 36.33078925707553, 10.216506078542405 ], [ 36.315548131649315, 10.203074888298531 ], [ 36.279184649655456, 10.191369067046466 ], [ 36.26035253965415, 10.149394278644015 ], [ 36.243312823485702, 10.122640779089449 ], [ 36.212782750416316, 10.103376316257545 ], [ 36.170615676845479, 10.0992157928592 ], [ 36.109067143901214, 10.117687713447847 ], [ 36.076459200117263, 10.117399745450697 ], [ 36.045665969321135, 10.128527642776529 ], [ 36.005545191760362, 10.111061126808201 ], [ 35.982317292532521, 10.133653504053925 ], [ 35.972851985961483, 10.12026402444272 ], [ 35.955769747067613, 10.101103233055799 ], [ 35.936771831094745, 10.081924345733679 ], [ 35.917740095925986, 10.066545194372027 ], [ 35.896847269953263, 10.045447337879407 ], [ 35.895219516789524, 10.015028480949336 ], [ 35.882035106838792, 9.990202386049944 ], [ 35.834019548753929, 9.999250165283822 ], [ 35.803330171805456, 10.000856908200904 ], [ 35.77999014596346, 10.034832380524547 ], [ 35.760857484671632, 10.030846111459606 ], [ 35.73396268778756, 10.036282312786767 ], [ 35.734627118165321, 9.969790681076571 ], [ 35.713716008549895, 9.952486216979894 ], [ 35.675464585101466, 9.944508631619888 ], [ 35.631214634415066, 9.961163855051913 ], [ 35.627264758719377, 9.972522524823461 ], [ 35.627108275765615, 9.987718976210589 ], [ 35.613515903067658, 10.004678636457619 ], [ 35.601818849991126, 10.023556381002901 ], [ 35.595870437843672, 10.04249236660101 ], [ 35.570732656174876, 10.06312927842588 ], [ 35.539962820677978, 10.072306732615802 ], [ 35.524547043518758, 10.079743173121805 ], [ 35.497691379404458, 10.081358920391477 ], [ 35.497274406435956, 10.107574647035319 ], [ 35.481861437449638, 10.126777921248786 ], [ 35.424289669560977, 10.1318547843114 ], [ 35.380052165179244, 10.144665235061241 ], [ 35.354809848525591, 10.172874072273231 ], [ 35.334028186349322, 10.1794789630006 ], [ 35.32758040429426, 10.206754557306397 ], [ 35.331249607445329, 10.229157239251627 ], [ 35.317271317860161, 10.269309900059337 ], [ 35.334353939077914, 10.284696801835139 ], [ 35.329748010348531, 10.351115163135137 ], [ 35.319104696913257, 10.411373181698229 ], [ 35.305704643392524, 10.438198892592968 ], [ 35.301665366404237, 10.455243965022213 ], [ 35.268663173083688, 10.487142796944489 ], [ 35.241663594585532, 10.498218495104297 ], [ 35.23214584922637, 10.520968454757812 ], [ 35.206961746648268, 10.538975881809229 ], [ 35.179611017526653, 10.550645398926923 ], [ 35.15459440635879, 10.556038303798992 ], [ 35.152273187701617, 10.588289258978026 ], [ 35.1712992796812, 10.601812868588437 ], [ 35.176608145471434, 10.637955132751154 ], [ 35.157056366484291, 10.66619782557923 ], [ 35.170088990229374, 10.698637445178379 ], [ 35.188931202072851, 10.727350979305388 ], [ 35.19047019396416, 10.757751370862236 ], [ 35.184182813915449, 10.799448366830026 ], [ 35.197171522168503, 10.8356867069282 ], [ 35.212250795844277, 10.858659083374782 ], [ 35.208217019844128, 10.873800356467248 ], [ 35.215565387922247, 10.900475445783758 ], [ 35.18652956328274, 10.917204805647442 ], [ 35.178528408444024, 10.941789464311379 ], [ 35.170378497910022, 10.977764327544703 ], [ 35.179399291930487, 11.023449071621663 ], [ 35.178883230173554, 11.063317404607618 ], [ 35.189850699983424, 11.107128853132227 ], [ 35.174198283983507, 11.127816912772161 ], [ 35.13175153750489, 11.138665471121238 ], [ 35.092436376970767, 11.202708952237268 ], [ 35.065439000605437, 11.208049916770292 ], [ 35.034466147677882, 11.222827682035646 ], [ 35.015133019910976, 11.230163499749599 ], [ 34.985318974869514, 11.214377536891197 ], [ 34.997280446443959, 11.199457443929163 ], [ 35.001017130601852, 11.181492871314907 ], [ 34.984570828138779, 11.099281503435442 ], [ 34.971468503258855, 11.049232022113744 ], [ 34.960716623308642, 10.992138353924442 ], [ 34.95733923386581, 10.957923387232423 ], [ 34.983105029150202, 10.899413878517951 ], [ 35.02366731216452, 10.882856789713585 ], [ 35.081760479395392, 10.847530747527635 ], [ 35.082451469614178, 10.794378328601304 ], [ 35.077501709612072, 10.731661499833088 ], [ 35.068783704336518, 10.663202004646761 ], [ 35.052193601628872, 10.609833307453826 ], [ 35.031451719897333, 10.581094264992256 ], [ 35.016468926459552, 10.552427849654482 ], [ 35.011006770558822, 10.529577171712591 ], [ 35.037840800036413, 10.531812733998702 ], [ 35.05134293156506, 10.526285783581406 ], [ 35.040074325595043, 10.507159625504368 ], [ 35.034609827562967, 10.484308962875318 ], [ 35.063431255412766, 10.480870032346429 ], [ 35.090644081165102, 10.45272596302585 ], [ 35.10636747570981, 10.422539357609118 ], [ 35.118087050107903, 10.405593442756061 ], [ 35.145054736290973, 10.396425406652401 ], [ 35.181426525807886, 10.402557437697189 ], [ 35.195884303517481, 10.317279771158017 ], [ 35.21544533549757, 10.285227933317559 ], [ 35.192687144494364, 10.264073428776825 ], [ 35.18914801708722, 10.239346491888817 ], [ 35.200989208471476, 10.21100152613945 ], [ 35.211022848024179, 10.173139792995979 ], [ 35.220918926947029, 10.14666898021602 ], [ 35.2365841506126, 10.118364367073132 ], [ 35.242818630290643, 10.076657725980759 ], [ 35.248764827553046, 10.059634235507939 ], [ 35.275786732379594, 10.04284801047215 ], [ 35.300911841910718, 10.024138321706364 ], [ 35.331590161233819, 10.022579657823044 ], [ 35.34949230257714, 9.963901217647749 ], [ 35.349977295146196, 9.920224374267232 ], [ 35.340568335899505, 9.904928141295589 ], [ 35.325456408114498, 9.885771301917677 ] ] ] ] } },
{ "type": "Feature", "properties": { "shapeName": "Konta", "shapeISO": "", "shapeID": "57463737B85243758761860", "shapeGroup": "ETH", "shapeType": "ADM2" }, "geometry": { "type": "Polygon", "coordinates": [ [ [ 36.965440475408634, 7.225937576715242 ], [ 36.966594281107142, 7.243127855029963 ], [ 36.95625946960358, 7.261692718936312 ], [ 36.879948149678874, 7.330890137666423 ], [ 36.841728911569597, 7.327186010054205 ], [ 36.791904077965008, 7.253486149892817 ], [ 36.785018254545975, 7.256497068604713 ], [ 36.77227652123733, 7.235501494168456 ], [ 36.767416472812485, 7.218921480281819 ], [ 36.761396414333134, 7.200961462073369 ], [ 36.748706316815216, 7.180011456688887 ], [ 36.740176257357078, 7.16896145389899 ], [ 36.731646202808854, 7.161131454337751 ], [ 36.721276139428156, 7.15653146658813 ], [ 36.700316012408528, 7.148251483004072 ], [ 36.674725836715595, 7.116471472482351 ], [ 36.665170782842395, 7.115436487011011 ], [ 36.651945720260358, 7.122001517435943 ], [ 36.62248556743446, 7.130761565041444 ], [ 36.609825503388208, 7.130991581790158 ], [ 36.596695422724572, 7.125011590982818 ], [ 36.587475360710791, 7.113491590422126 ], [ 36.58629531486924, 7.083781550833089 ], [ 36.590185313650416, 7.066731525959184 ], [ 36.587185288403219, 7.058441518649368 ], [ 36.581885253894079, 7.054291516824406 ], [ 36.554465063461841, 7.020661509892077 ], [ 36.539954970076941, 7.013061515876403 ], [ 36.525214864523676, 6.991171506517754 ], [ 36.513924793732976, 6.982421509858002 ], [ 36.505174746428281, 6.981721522902243 ], [ 36.499424716464176, 6.982411529704173 ], [ 36.490674667618414, 6.980571535441783 ], [ 36.48164644203176, 6.979755842477794 ], [ 36.476174580438638, 6.973191541967648 ], [ 36.458894443995206, 6.94254152480823 ], [ 36.450476890009917, 6.917418018659105 ], [ 36.464725687627315, 6.884675934500209 ], [ 36.47186918498894, 6.868258289321439 ], [ 36.477590515690068, 6.806267388881597 ], [ 36.450741251812062, 6.781858004590472 ], [ 36.413311824696379, 6.784651910570887 ], [ 36.406113953693534, 6.770881348634551 ], [ 36.394373870792251, 6.753821341249377 ], [ 36.384943803636361, 6.744831334654704 ], [ 36.363993674829658, 6.729151336735244 ], [ 36.346283548815698, 6.70264131846722 ], [ 36.341213506572018, 6.690651310750222 ], [ 36.339373487212427, 6.678901289558191 ], [ 36.340523477041401, 6.667841272106313 ], [ 36.346043474740526, 6.639971224833042 ], [ 36.346503461438552, 6.627301209211831 ], [ 36.343513429208215, 6.613471185343156 ], [ 36.340983400267156, 6.601261173426131 ], [ 36.330863320832478, 6.576591149649541 ], [ 36.329713300206009, 6.568761133762604 ], [ 36.328563277651327, 6.551711114800065 ], [ 36.329483262245823, 6.536271087745139 ], [ 36.325113209433425, 6.507231045513556 ], [ 36.321903153337139, 6.473820999065912 ], [ 36.32246313825361, 6.457590970058351 ], [ 36.335703205469578, 6.459780960077342 ], [ 36.347663274763924, 6.458640945826441 ], [ 36.372033397278038, 6.452910905534699 ], [ 36.403083591641945, 6.481280915527314 ], [ 36.432973775386301, 6.502510910809382 ], [ 36.436883799734474, 6.507580914869228 ], [ 36.44838387125489, 6.515420913750742 ], [ 36.470463998626457, 6.526730909109996 ], [ 36.488174099066214, 6.532040895422069 ], [ 36.514384258026062, 6.546800881426519 ], [ 36.527034332529936, 6.555110883953654 ], [ 36.559474548064678, 6.591750895955963 ], [ 36.59651478388394, 6.622410900169594 ], [ 36.617684908565046, 6.634160888871813 ], [ 36.63010498561993, 6.638540882734878 ], [ 36.641605046649694, 6.643850875105867 ], [ 36.65425512883872, 6.651910871695738 ], [ 36.665765203281886, 6.662970872823691 ], [ 36.68523035452489, 6.702245903808952 ], [ 36.68258534690959, 6.70766091422605 ], [ 36.680295347849878, 6.720550939073252 ], [ 36.684465415485043, 6.756250985119011 ], [ 36.688625459811099, 6.771920995674678 ], [ 36.696455522093565, 6.787351011048226 ], [ 36.705445589829864, 6.805541020941686 ], [ 36.707065611438438, 6.813601031376433 ], [ 36.710765653821682, 6.834561058774011 ], [ 36.718835722089068, 6.848841066774273 ], [ 36.742095881063747, 6.878091079158753 ], [ 36.751085943842043, 6.891671080843763 ], [ 36.758926008025718, 6.908721098695708 ], [ 36.762856050666997, 6.923911111490019 ], [ 36.76356607574693, 6.937731129115704 ], [ 36.778316173870707, 6.955001130686482 ], [ 36.786936416753207, 6.969272134716211 ], [ 36.792616294090585, 6.985621152910133 ], [ 36.800926357944924, 7.001626160669836 ], [ 36.810836426906576, 7.011871159926629 ], [ 36.817516471583886, 7.021541167340353 ], [ 36.818236497543964, 7.036281183213204 ], [ 36.816416505377902, 7.053551205913331 ], [ 36.820016556354759, 7.076001229490802 ], [ 36.832356645358857, 7.0913112295081 ], [ 36.840666708750973, 7.107191241368644 ], [ 36.853146827211333, 7.140571266801115 ], [ 36.854786858979352, 7.158071284577996 ], [ 36.853426867489041, 7.168661301344724 ], [ 36.855976899501279, 7.182941313612334 ], [ 36.858306926242406, 7.194681324067179 ], [ 36.863156966161043, 7.204581325469563 ], [ 36.867557011725346, 7.220461341537001 ], [ 36.899407187628512, 7.222401296885736 ], [ 36.933097365138579, 7.221321248926412 ], [ 36.965440475408634, 7.225937576715242 ] ] ] } },
{ "type": "Feature", "properties": { "shapeName": "Korahe", "shapeISO": "", "shapeID": "57463737B1594897228976", "shapeGroup": "ETH", "shapeType": "ADM2" }, "geometry": { "type": "Polygon", "coordinates": [ [ [ 44.51784893353647, 7.651879569882151 ], [ 44.465637779191958, 7.660679043223641 ], [ 44.430077013318055, 7.669768397567656 ], [ 44.321474635959369, 7.69143699116792 ], [ 44.242282850088472, 7.700206616730277 ], [ 44.122220103862297, 7.706956637983788 ], [ 44.097459523751041, 7.706346825508589 ], [ 44.073528918513908, 7.698397683289712 ], [ 44.037938043884758, 7.690078641225051 ], [ 44.022147686642285, 7.690778658240452 ], [ 44.012237428731041, 7.686259126665246 ], [ 43.975626522332085, 7.676430226130937 ], [ 43.896704508802692, 7.644553569080578 ], [ 43.883734195891797, 7.642743804571206 ], [ 43.873293912882282, 7.635414530689841 ], [ 43.791471816919525, 7.602068017871384 ], [ 43.75318082190541, 7.583879880379738 ], [ 43.725580068795637, 7.563331907820257 ], [ 43.704639546442515, 7.55712258547911 ], [ 43.695619282300363, 7.547083551976243 ], [ 43.685599013110682, 7.541224138592249 ], [ 43.675228724918206, 7.531305099946047 ], [ 43.655068178998491, 7.518226399753815 ], [ 43.638057741597294, 7.510297209964445 ], [ 43.600076687249924, 7.479840198991619 ], [ 43.564615768668652, 7.462741936950441 ], [ 43.551655419118546, 7.454432764796699 ], [ 43.539935092218521, 7.444653721738274 ], [ 43.511014386712361, 7.440534243977831 ], [ 43.491393815440269, 7.417896408763818 ], [ 43.468303186871751, 7.402367946460952 ], [ 43.45939293316605, 7.393678786121087 ], [ 43.453192741010582, 7.384749635960092 ], [ 43.440462417021244, 7.379130209429968 ], [ 43.425942015621061, 7.368251275171398 ], [ 43.40839160959235, 7.369871216736261 ], [ 43.388111062195676, 7.355442634502026 ], [ 43.356690231523608, 7.337974383274422 ], [ 43.343619872243494, 7.328315332031672 ], [ 43.352850020222995, 7.313396653131916 ], [ 43.361870050949008, 7.27593002696576 ], [ 43.362089974296936, 7.260651420710346 ], [ 43.354949664870247, 7.23078418846758 ], [ 43.352339470659714, 7.203156724296643 ], [ 43.346459166233181, 7.170119768277589 ], [ 43.347029039324461, 7.141072419633534 ], [ 43.342918804536765, 7.110925196461753 ], [ 43.334648486260662, 7.085747531901156 ], [ 43.337208347234757, 7.044301311203422 ], [ 43.344498421016851, 7.022263288148118 ], [ 43.348618407945629, 6.998985393235488 ], [ 43.38916907612515, 6.937240849450019 ], [ 43.398579138424154, 6.904313812810357 ], [ 43.431249779048962, 6.875346305367326 ], [ 43.443599985907753, 6.858947745009548 ], [ 43.466690459966983, 6.843069093713488 ], [ 43.481680715656935, 6.821840968301926 ], [ 43.501351078759406, 6.801712716606223 ], [ 43.522801507728659, 6.784464194346046 ], [ 43.53363167962484, 6.768195627743436 ], [ 43.547751953710609, 6.754686802609141 ], [ 43.548361920319785, 6.743947784852653 ], [ 43.556292034828282, 6.729479068727198 ], [ 43.570032277196255, 6.711410661074702 ], [ 43.584022535649183, 6.696381968463874 ], [ 43.59637275010364, 6.679983410426951 ], [ 43.603562890853674, 6.674733858588045 ], [ 43.625623278076397, 6.646746320512857 ], [ 43.628873286401024, 6.631187728946758 ], [ 43.638443452720686, 6.618088885856308 ], [ 43.640833470816666, 6.610239594231218 ], [ 43.652183687122594, 6.600030478311083 ], [ 43.658073737134629, 6.579642320466509 ], [ 43.674104068141027, 6.57053307843766 ], [ 43.679784172644943, 6.565423517914089 ], [ 43.682034183986076, 6.556064363712342 ], [ 43.696814500635874, 6.55011484636748 ], [ 43.697414469650774, 6.539375828976566 ], [ 43.70890470003549, 6.530686574245102 ], [ 43.720604861905677, 6.506708710565524 ], [ 43.733774983283922, 6.464282537538 ], [ 43.735644964368682, 6.450373807118776 ], [ 43.754665270089873, 6.42000649894929 ], [ 43.76973555584491, 6.405687742589673 ], [ 43.785505842721058, 6.387149376177311 ], [ 43.786635780626774, 6.367141201125673 ], [ 43.808576242783211, 6.356512082067082 ], [ 43.826816580407389, 6.337833707550327 ], [ 43.830776582654472, 6.317565548791153 ], [ 43.843456797644201, 6.29933716510986 ], [ 43.849996847883489, 6.27598927540796 ], [ 43.86548712114827, 6.257490902687662 ], [ 43.871787156991843, 6.231323271573441 ], [ 43.886807397830935, 6.207185418727115 ], [ 43.890767407939968, 6.186917261127831 ], [ 43.895367314589542, 6.141001448059721 ], [ 43.908047531399532, 6.122773058509543 ], [ 43.910327461927331, 6.094635632880233 ], [ 43.904857236821577, 6.071067813611435 ], [ 43.93272778010936, 6.047849821335679 ], [ 43.955158284304815, 6.044510035052729 ], [ 43.990669030023923, 6.027011491205702 ], [ 44.012299466587258, 6.013642626580006 ], [ 44.050870289215837, 5.998693836461941 ], [ 44.066610584258669, 5.983025205404176 ], [ 44.084810942315777, 5.968466465407576 ], [ 44.10729141459926, 5.95936720105911 ], [ 44.125881779552394, 5.944208520469224 ], [ 44.154242374592258, 5.933119416514598 ], [ 44.167882658303867, 5.926169999061743 ], [ 44.198473317281653, 5.917650653767574 ], [ 44.224723828973509, 5.895692563051668 ], [ 44.263604647204971, 5.880353809118811 ], [ 44.310725714559297, 5.880373609309496 ], [ 44.360786792729748, 5.867604578108839 ], [ 44.435678481695433, 5.865954412537431 ], [ 44.471199192353147, 5.845256167180502 ], [ 44.584141609377703, 5.815268460818207 ], [ 44.627542570264474, 5.810768692155156 ], [ 44.661983287154918, 5.798429683074412 ], [ 44.688113878783994, 5.798669550163992 ], [ 44.868302825513013, 5.781960337741557 ], [ 44.887488259031748, 5.782825178501309 ], [ 44.891783331909103, 5.777755630787418 ], [ 44.908668712354761, 5.779430400870462 ], [ 44.95495973335197, 5.77720041550743 ], [ 45.099422847618612, 5.757251645752159 ], [ 45.536912274980793, 5.721263113821803 ], [ 45.669204718481758, 5.623661602537506 ], [ 45.899400698008229, 5.858188818079012 ], [ 45.946301930842871, 5.911023686869018 ], [ 45.794629010406013, 5.985907413050849 ], [ 45.596205097574618, 6.068860613755422 ], [ 45.196337123816853, 6.242426358040662 ], [ 45.156636512216707, 6.300621157300703 ], [ 45.1617069008648, 6.359855651486596 ], [ 45.15133676229469, 6.379683860677886 ], [ 45.145696822997607, 6.419290227707178 ], [ 45.12759658546036, 6.454327070540446 ], [ 45.119966580064244, 6.48840395226342 ], [ 45.12235676379909, 6.51628135922935 ], [ 45.109086711707178, 6.566676763374632 ], [ 45.11132688992187, 6.592814330531329 ], [ 45.096116683516755, 6.620561837089094 ], [ 45.089926699004195, 6.650989055866919 ], [ 45.083396579662363, 6.65685854430013 ], [ 45.074876505965563, 6.680476395668835 ], [ 45.059986293366862, 6.705064194114985 ], [ 45.035915904181593, 6.735551495369966 ], [ 44.997295260670462, 6.780727508140576 ], [ 44.973064846436721, 6.805805304643232 ], [ 44.963194664463003, 6.813744621780629 ], [ 44.951274590106046, 6.852101133807207 ], [ 44.94359447649294, 6.865109972407701 ], [ 44.932274284868214, 6.876688956776587 ], [ 44.91184396951197, 6.904926451313543 ], [ 44.890803602730202, 6.92618459338085 ], [ 44.874163269175803, 6.934393913936272 ], [ 44.852772988847711, 6.975490227861121 ], [ 44.808652257004617, 7.027185671681747 ], [ 44.797962127214653, 7.048403765255836 ], [ 44.767211568358157, 7.074911474251206 ], [ 44.752121411518026, 7.111788148515023 ], [ 44.732531060918404, 7.129406626880256 ], [ 44.729681138424006, 7.157764018295659 ], [ 44.730871237220491, 7.171702732163488 ], [ 44.706940843289722, 7.200260217629179 ], [ 44.692350637006648, 7.223378161009427 ], [ 44.674040341755941, 7.247206053762179 ], [ 44.655090149063383, 7.292861943977833 ], [ 44.639279900441338, 7.313640106746767 ], [ 44.630909837913492, 7.339007812494084 ], [ 44.626169871866608, 7.365785361995936 ], [ 44.604319656403852, 7.418730596979767 ], [ 44.589409484635837, 7.449967796452905 ], [ 44.573109410978944, 7.505912726123587 ], [ 44.563979290917608, 7.522561238470304 ], [ 44.562129352011155, 7.542049455703691 ], [ 44.543959134422565, 7.578646173724163 ], [ 44.538619196802742, 7.613113024701755 ], [ 44.539039256554901, 7.621462252850026 ], [ 44.51784893353647, 7.651879569882151 ] ] ] } },
{ "type": "Feature", "properties": { "shapeName": "KT", "shapeISO": "", "shapeID": "57463737B7073767873208", "shapeGroup": "ETH", "shapeType": "ADM2" }, "geometry": { "type": "Polygon", "coordinates": [ [ [ 38.030390262618042, 7.419013947124651 ], [ 38.010713328783595, 7.410559786649029 ], [ 37.978093169041202, 7.418729849370176 ], [ 37.967553123946793, 7.425199874976578 ], [ 37.957443076236721, 7.427079890755536 ], [ 37.933912930129651, 7.411749914408653 ], [ 37.925797045232486, 7.415470385620988 ], [ 37.901412823114178, 7.448420000560112 ], [ 37.894231830766152, 7.454001469315773 ], [ 37.878012722710658, 7.461840052837752 ], [ 37.864429717737067, 7.473527064073552 ], [ 37.85710482454855, 7.471069177055746 ], [ 37.837255828722576, 7.474977530886242 ], [ 37.828071412863196, 7.44723289934407 ], [ 37.803015573907075, 7.420765865108988 ], [ 37.78745117905288, 7.417132697119367 ], [ 37.764041994748801, 7.378260159705886 ], [ 37.758491948840167, 7.370230163799961 ], [ 37.746711870270993, 7.358070171388795 ], [ 37.719836647599905, 7.307320162782666 ], [ 37.714810933877978, 7.293279810797771 ], [ 37.703151508052258, 7.274930162507808 ], [ 37.692781440495239, 7.267370171911346 ], [ 37.668211334598247, 7.278470215451106 ], [ 37.640471226493652, 7.302700286987041 ], [ 37.631501182365632, 7.304100304049267 ], [ 37.61555106079463, 7.280910306130668 ], [ 37.605160988809942, 7.268740307899825 ], [ 37.591090902341115, 7.258660317347315 ], [ 37.582130858873938, 7.261210332678293 ], [ 37.578950854175432, 7.272030349533187 ], [ 37.580120872863851, 7.278700352840711 ], [ 37.591940979219615, 7.304890366295057 ], [ 37.59196098610105, 7.31134037064819 ], [ 37.53933072978824, 7.323430462086145 ], [ 37.502980541484803, 7.323520521681306 ], [ 37.462700321980044, 7.318080581832542 ], [ 37.43351017720078, 7.32666063446345 ], [ 37.419470100860451, 7.325770653447297 ], [ 37.401970007294707, 7.323280679270805 ], [ 37.370429829033903, 7.315520715735247 ], [ 37.36097977085722, 7.311860724762153 ], [ 37.349439694951819, 7.299910729107253 ], [ 37.347999652762873, 7.279200710333908 ], [ 37.353489672238034, 7.269070695224888 ], [ 37.383119797921111, 7.249910626752982 ], [ 37.385849797069916, 7.242770619638994 ], [ 37.391254817284505, 7.235840599748625 ], [ 37.405589879351069, 7.227770572777517 ], [ 37.426729979362477, 7.219450528055829 ], [ 37.457270107855706, 7.200060459163264 ], [ 37.475170186693248, 7.186910419070585 ], [ 37.48115021927584, 7.188040411351284 ], [ 37.508330375104201, 7.201330387076057 ], [ 37.519830433040141, 7.199230368304631 ], [ 37.536350504788871, 7.188620333255556 ], [ 37.554010573462328, 7.173850289143185 ], [ 37.565730631919031, 7.171290264399046 ], [ 37.614690878886215, 7.165890187926201 ], [ 37.645271036088452, 7.164900137133157 ], [ 37.665951139325891, 7.160470104507609 ], [ 37.68606213118332, 7.153896679303506 ], [ 37.699481292328336, 7.149120034046254 ], [ 37.707541328326549, 7.144318017658812 ], [ 37.713491361949529, 7.144480009763496 ], [ 37.776991705191193, 7.157659927055375 ], [ 37.820761971832816, 7.183069880276371 ], [ 37.850702150561325, 7.19714985012877 ], [ 37.874182281235477, 7.204069813916626 ], [ 37.895173149099485, 7.20790232248939 ], [ 37.908866304377447, 7.186718826186986 ], [ 37.94511521955453, 7.186803437654247 ], [ 37.983263985046818, 7.190700250866002 ], [ 38.006109070458876, 7.213615550204048 ], [ 38.025119838072222, 7.246049078696275 ], [ 38.044145184198086, 7.272765778878408 ], [ 38.052595787111557, 7.296834077732 ], [ 38.00045567323496, 7.293415856892508 ], [ 37.985885824719126, 7.302689377596654 ], [ 38.006345232139068, 7.334925656611288 ], [ 38.017559629738294, 7.346420994496587 ], [ 38.023523773012748, 7.360398387573789 ], [ 38.031008596647425, 7.364404434219498 ], [ 38.0404688450473, 7.37913731676101 ], [ 38.051538807750518, 7.381155808953521 ], [ 38.058944680584055, 7.383415728450503 ], [ 38.058431404351083, 7.389898181868052 ], [ 38.030390262618042, 7.419013947124651 ] ] ] } },
{ "type": "Feature", "properties": { "shapeName": "Liben", "shapeISO": "", "shapeID": "57463737B84149246133198", "shapeGroup": "ETH", "shapeType": "ADM2" }, "geometry": { "type": "Polygon", "coordinates": [ [ [ 40.923174403507723, 5.684714012142507 ], [ 40.865882929711049, 5.670355485536646 ], [ 40.833082074316955, 5.657236773786494 ], [ 40.812361492466906, 5.636248714863444 ], [ 40.753759900357593, 5.595742533069516 ], [ 40.695248348826496, 5.568515163457817 ], [ 40.680457896828266, 5.541987578489488 ], [ 40.633926701442533, 5.531418674932532 ], [ 40.606255888720611, 5.491642320695466 ], [ 40.581915231884679, 5.477303672652365 ], [ 40.564374724456975, 5.455265701934686 ], [ 40.549854283407647, 5.429038090285382 ], [ 40.533763830541794, 5.412009660427548 ], [ 40.370369660460383, 5.38777232393261 ], [ 40.311238147928528, 5.377673405222102 ], [ 40.277537279734069, 5.36953423522766 ], [ 40.241496365830322, 5.367444530476077 ], [ 40.209215516807866, 5.356915563778236 ], [ 40.175294658044614, 5.35474586238024 ], [ 40.135453669911982, 5.359235577462816 ], [ 40.098812762624227, 5.366245060621964 ], [ 40.064261935234171, 5.37991395182278 ], [ 40.034541236810085, 5.398152413599481 ], [ 39.94314859875238, 5.286362630897117 ], [ 39.908157519584293, 5.220988545549888 ], [ 39.879256565872787, 5.141705671794257 ], [ 39.834445135594144, 5.034165353706523 ], [ 39.813714523803583, 5.003468138005232 ], [ 39.805304174489223, 4.952882649558725 ], [ 39.784843491775156, 4.891998103527561 ], [ 39.765922899684682, 4.848262035793747 ], [ 39.759362616522658, 4.802486108818607 ], [ 39.744412038001137, 4.724903029078849 ], [ 39.746751949840515, 4.668008062246701 ], [ 39.740561761316584, 4.656159128067785 ], [ 39.725981340956068, 4.634491085271448 ], [ 39.717861091870461, 4.617112646033402 ], [ 39.710680867227978, 4.598804282125994 ], [ 39.704120623345887, 4.569606888693327 ], [ 39.691000234113197, 4.544729116320225 ], [ 39.675499747359389, 4.506632529663181 ], [ 39.656439176764209, 4.470335791222182 ], [ 39.642908754387179, 4.437388731265452 ], [ 39.619668006074797, 4.369924752237748 ], [ 39.586627008348209, 4.298001186389776 ], [ 39.567816454273498, 4.266054054582558 ], [ 39.540535701134914, 4.236636711080569 ], [ 39.529635265745959, 4.168212777018547 ], [ 39.509944652470097, 4.115897439660373 ], [ 39.479123713406238, 4.04181403620316 ], [ 39.500524094329329, 3.96722056851441 ], [ 39.48369362049376, 3.943492692674219 ], [ 39.400461207828947, 3.797165750311853 ], [ 39.285537957131098, 3.62460114073859 ], [ 39.221336287274561, 3.604003073355383 ], [ 39.093702908239493, 3.535509322788054 ], [ 39.107293228285819, 3.520650595596085 ], [ 39.135763939681077, 3.51212129266542 ], [ 39.201295552164197, 3.480643933029437 ], [ 39.280787558825459, 3.474404331934644 ], [ 39.299678046633417, 3.47847393994837 ], [ 39.329248797308601, 3.479723781651272 ], [ 39.329908806150989, 3.474024281028506 ], [ 39.333408883328033, 3.46778481939741 ], [ 39.406430726728708, 3.466124826138235 ], [ 39.416410975551223, 3.463795014198511 ], [ 39.424561172760697, 3.458630453546911 ], [ 39.468352280141936, 3.458115414833262 ], [ 39.486852754049607, 3.461055129040991 ], [ 39.494542942031686, 3.459005290254887 ], [ 39.499253058025126, 3.455325606435071 ], [ 39.505383177293794, 3.438447079054203 ], [ 39.512493307714507, 3.411929396309819 ], [ 39.516933411202558, 3.405949913529673 ], [ 39.528258689056521, 3.400365379220958 ], [ 39.544734108886018, 3.403040115112521 ], [ 39.555274387683738, 3.409519527106327 ], [ 39.559744506637109, 3.413979127153635 ], [ 39.565584682496237, 3.427647912453857 ], [ 39.579475116426664, 3.474103808207517 ], [ 39.582735210665945, 3.479653311163613 ], [ 39.609805939956665, 3.504111112497503 ], [ 39.617386146465783, 3.513990228421012 ], [ 39.707218581841317, 3.60622193939518 ], [ 39.771890337738292, 3.669886205991924 ], [ 39.837472274875232, 3.814793294680944 ], [ 39.855202794173067, 3.847710356193925 ], [ 39.862743016228947, 3.865588762410889 ], [ 40.018927113486065, 3.948891068531682 ], [ 40.10745942580553, 3.991057139907559 ], [ 40.119899747543137, 3.997836510964174 ], [ 40.127259948623895, 4.003925955973421 ], [ 40.169911061276579, 4.025153986133211 ], [ 40.191631631068589, 4.037562838370837 ], [ 40.209872091287956, 4.041172477012201 ], [ 40.231722648794509, 4.047741842650722 ], [ 40.373456310541684, 4.10399653554543 ], [ 40.385436602117458, 4.102516633065316 ], [ 40.400687020901017, 4.117405276937351 ], [ 40.440458050482874, 4.135583576202388 ], [ 40.649833441445132, 4.222615344827768 ], [ 40.671263992218812, 4.230844561539553 ], [ 40.688004411595308, 4.232594365358087 ], [ 40.706884909441577, 4.244463260113019 ], [ 40.721975283771265, 4.246823014842285 ], [ 40.744775884072922, 4.259441837896769 ], [ 40.759436265074811, 4.270060854193619 ], [ 40.776056698796793, 4.278660044504735 ], [ 40.793047098395576, 4.2713506570125 ], [ 40.806447392675992, 4.25535204573719 ], [ 40.827177858526213, 4.238673476750079 ], [ 40.881859082985933, 4.186877954184693 ], [ 40.914389822288513, 4.164189896240487 ], [ 40.937780364525182, 4.149731121592945 ], [ 40.955450738941927, 4.125963197795164 ], [ 40.982261325637978, 4.093965983787006 ], [ 41.008101923481405, 4.079277224466748 ], [ 41.0263923299485, 4.062828650109825 ], [ 41.042662698266405, 4.051479623126293 ], [ 41.05788301628138, 4.027931679490549 ], [ 41.102224032897041, 3.99923412837495 ], [ 41.113604286936329, 3.98834507065412 ], [ 41.147185079718085, 3.977855925711637 ], [ 41.173015676081221, 3.96316717591279 ], [ 41.192566152149837, 3.961367289588444 ], [ 41.216026759486127, 3.976415894363291 ], [ 41.288908506554556, 3.964746761031576 ], [ 41.332879562201583, 3.960677019559908 ], [ 41.379520691330015, 3.958827072628508 ], [ 41.43390201536922, 3.961176734787755 ], [ 41.473002952085217, 3.957556957911919 ], [ 41.498063568755789, 3.962616449018054 ], [ 41.556704976965705, 3.957196792150219 ], [ 41.5793255353097, 3.962486266719071 ], [ 41.653677341762538, 3.967905601522193 ], [ 41.67831793757346, 3.968085523916148 ], [ 41.698498438571541, 3.9735949847334 ], [ 41.725379075153164, 3.971115141251187 ], [ 41.752879752175765, 3.975944636964692 ], [ 41.768170133567629, 3.981914066684466 ], [ 41.799710876917317, 3.976534473779134 ], [ 41.844531962614681, 3.982223855318384 ], [ 41.859822343295626, 3.988193283994587 ], [ 41.884472934094916, 3.988373205987314 ], [ 41.901573346571908, 3.986783307483239 ], [ 41.914833690471475, 3.997862279112269 ], [ 41.927674008878199, 4.004051695022976 ], [ 41.93891431584774, 4.020230218826366 ], [ 41.95971484754206, 4.03305901436158 ], [ 41.972985190443879, 4.044137985490157 ], [ 41.98338545980986, 4.050547387948292 ], [ 41.995455814061536, 4.076495030808497 ], [ 42.006276102769242, 4.08779398845313 ], [ 42.01464632865418, 4.099312940188677 ], [ 42.042987040552866, 4.113911552225795 ], [ 42.058277420324011, 4.119870980742926 ], [ 42.058547510065765, 4.151828116476235 ], [ 42.065527740743661, 4.175775945088665 ], [ 42.063357776751936, 4.207953068182491 ], [ 42.058117716292472, 4.233040831385047 ], [ 42.042477386505425, 4.251699192824212 ], [ 42.028447079576381, 4.260378451744532 ], [ 42.009306633832367, 4.267067905666375 ], [ 41.982436000099668, 4.269557753376854 ], [ 41.956175393417283, 4.279356945736863 ], [ 41.927274723614367, 4.286956335755629 ], [ 41.904304225060429, 4.306294663425403 ], [ 41.893754027367521, 4.326952844478905 ], [ 41.878323710046544, 4.348050993227042 ], [ 41.86533345535527, 4.368939152597326 ], [ 41.861703411948774, 4.384027805301971 ], [ 41.843193005350784, 4.398036604126467 ], [ 41.836702878178393, 4.408475684547081 ], [ 41.825322632136839, 4.419374736431443 ], [ 41.806192191255377, 4.426064191405984 ], [ 41.792781909022139, 4.442052790762025 ], [ 41.78000166150354, 4.465380737049251 ], [ 41.768621422612874, 4.476269791797171 ], [ 41.756471209162129, 4.506907076163936 ], [ 41.74124090762934, 4.530455002373746 ], [ 41.722130504521886, 4.552133116350093 ], [ 41.696769991376165, 4.586220128331781 ], [ 41.68762979366857, 4.594449416787268 ], [ 41.679644649034508, 4.611657895171328 ], [ 41.652289121686934, 4.660743568090013 ], [ 41.642558930577444, 4.675292291184387 ], [ 41.631618734775024, 4.699530150395407 ], [ 41.58906791037959, 4.771043859123361 ], [ 41.573257584591417, 4.792851952016137 ], [ 41.560857394124646, 4.831328535403423 ], [ 41.552277240372639, 4.849666915147602 ], [ 41.53935697754445, 4.867115385234301 ], [ 41.529866808466515, 4.887293604839873 ], [ 41.51515651910217, 4.910931527543684 ], [ 41.496316121496328, 4.931609731708648 ], [ 41.478185776890449, 4.963226944854964 ], [ 41.462805463060292, 4.984165111845608 ], [ 41.436624867523129, 4.998253927819753 ], [ 41.412474310977878, 5.008893049850268 ], [ 41.405044149368941, 5.016242410770316 ], [ 41.38824383092232, 5.046999701126811 ], [ 41.360383291122787, 5.091535794247774 ], [ 41.344823006647033, 5.12327299830076 ], [ 41.328432691557737, 5.152470425675439 ], [ 41.313272362628304, 5.16685918837044 ], [ 41.311542377835138, 5.183807669804049 ], [ 41.313132486061029, 5.206545624449051 ], [ 41.305342470168682, 5.262370642947833 ], [ 41.306592557932632, 5.280908978208172 ], [ 41.302372520986907, 5.302447052855186 ], [ 41.294142409215368, 5.33124449818509 ], [ 41.285532275514235, 5.354052476006293 ], [ 41.259151701103733, 5.377780434030059 ], [ 41.240101310571042, 5.402608266951188 ], [ 41.23115115292623, 5.420656675933553 ], [ 41.212570778774293, 5.447694315738518 ], [ 41.181960151963438, 5.48554101930994 ], [ 41.178310131721929, 5.507369073004009 ], [ 41.162249811779645, 5.531466962030978 ], [ 41.165559954884912, 5.549345347192647 ], [ 41.151359623505101, 5.555834811368535 ], [ 41.128669264520298, 5.615979488811953 ], [ 41.117989068495099, 5.63561776071596 ], [ 41.074128000215431, 5.641567377090028 ], [ 41.052507534991719, 5.66194561945294 ], [ 41.041687325762048, 5.679904042458971 ], [ 41.008236533764638, 5.690763184368769 ], [ 40.983025916087939, 5.693173054885469 ], [ 40.923174403507723, 5.684714012142507 ] ] ] } },
{ "type": "Feature", "properties": { "shapeName": "Majang", "shapeISO": "", "shapeID": "57463737B25474915943822", "shapeGroup": "ETH", "shapeType": "ADM2" }, "geometry": { "type": "Polygon", "coordinates": [ [ [ 34.970909901303209, 7.23523553909201 ], [ 34.978645031124756, 7.214484794557851 ], [ 35.011637847619149, 7.195922954553737 ], [ 35.021564612451876, 7.186993392986363 ], [ 35.05466554924665, 7.18547516013204 ], [ 35.084462769694852, 7.126058107087011 ], [ 35.11501967654015, 7.103363768329956 ], [ 35.205319197385471, 7.100832813543093 ], [ 35.219168402369391, 7.109250721288419 ], [ 35.235215979039751, 7.139146960731712 ], [ 35.265378648729033, 7.137448140066085 ], [ 35.280623914866283, 7.130596413795017 ], [ 35.30064684234123, 7.116990009191967 ], [ 35.314361344394555, 7.116470976202636 ], [ 35.331539740860883, 7.12830840613878 ], [ 35.355302354212967, 7.11970018028623 ], [ 35.3725266498083, 7.118198260989143 ], [ 35.381109910834759, 7.124037492999235 ], [ 35.369456753189603, 7.145397618388418 ], [ 35.353805855062433, 7.155098367189976 ], [ 35.334744839892281, 7.181144603715019 ], [ 35.335153477310463, 7.189487957946453 ], [ 35.340821532877051, 7.188352120597664 ], [ 35.373617013845575, 7.232234555221307 ], [ 35.346567141177786, 7.240184416048622 ], [ 35.354138203801995, 7.263601388498227 ], [ 35.371050929319651, 7.278563496814607 ], [ 35.375672850747492, 7.291177380894076 ], [ 35.383515859925616, 7.335450972880219 ], [ 35.388303563783751, 7.351863919368504 ], [ 35.393058511420939, 7.397375554107203 ], [ 35.368594969253586, 7.415818915045275 ], [ 35.374407973553701, 7.429167855947866 ], [ 35.356568339591057, 7.437889145453419 ], [ 35.346069797697837, 7.454059525586719 ], [ 35.329709500316639, 7.462791209364387 ], [ 35.32081361841302, 7.464195032250612 ], [ 35.310313071481531, 7.480363598959257 ], [ 35.273361047936952, 7.472663688741188 ], [ 35.263088033421205, 7.481405627822989 ], [ 35.254464335926521, 7.479565527560102 ], [ 35.244664547244611, 7.474860550948837 ], [ 35.210268142377402, 7.473053718086045 ], [ 35.19000801051844, 7.456813716273032 ], [ 35.162167864721944, 7.472543769025325 ], [ 35.123156194422485, 7.479786475697198 ], [ 35.121472753009279, 7.484682507633706 ], [ 35.127533162307252, 7.49681670699249 ], [ 35.138837309309466, 7.513258870102877 ], [ 35.146973327994779, 7.520696568351616 ], [ 35.172671696679203, 7.533934462557281 ], [ 35.170870715990951, 7.556326255514922 ], [ 35.165461622614856, 7.581584216187172 ], [ 35.167060551040251, 7.616044439096592 ], [ 35.146413790693664, 7.631412525358023 ], [ 35.116390825339131, 7.631968066834775 ], [ 35.11678783926763, 7.646263195236756 ], [ 35.077849335347999, 7.732168811393592 ], [ 34.996224908882887, 7.749136460844459 ], [ 35.00976277183976, 7.727105756261473 ], [ 35.01174156418859, 7.673945259023024 ], [ 35.00322874157839, 7.633982271613458 ], [ 34.921895957586621, 7.62288265395745 ], [ 34.902706580663619, 7.616793250586456 ], [ 34.88372938801507, 7.588550725076524 ], [ 34.883954002798653, 7.564921301632829 ], [ 34.869278827703035, 7.551489892392954 ], [ 34.837271069682529, 7.541524226732089 ], [ 34.862145067153079, 7.523360568592023 ], [ 34.902438273183897, 7.488291186005157 ], [ 34.925130579496653, 7.435328127780791 ], [ 34.923814247027202, 7.417591439373048 ], [ 34.913809751423109, 7.379096690513712 ], [ 34.953867630295903, 7.367644745522189 ], [ 34.972479322273983, 7.338565474416074 ], [ 34.97064963290007, 7.311665196302378 ], [ 34.973807015330408, 7.289536308536932 ], [ 34.968021452669383, 7.274713395002237 ], [ 34.970909901303209, 7.23523553909201 ] ] ] } },
{ "type": "Feature", "properties": { "shapeName": "Metekel", "shapeISO": "", "shapeID": "57463737B57190037536303", "shapeGroup": "ETH", "shapeType": "ADM2" }, "geometry": { "type": "Polygon", "coordinates": [ [ [ 35.966599898586459, 11.985376722521396 ], [ 35.940168181371789, 11.971003892503289 ], [ 35.936071426811523, 11.966907650645899 ], [ 35.934023029411264, 11.960763268280706 ], [ 35.940753349288308, 11.955204023597314 ], [ 35.943679498089388, 11.93735601282069 ], [ 35.937241694569572, 11.921556178435234 ], [ 35.925536700696867, 11.913363712311607 ], [ 35.918513691833375, 11.90575640360378 ], [ 35.912075970045976, 11.90634161510931 ], [ 35.8884432482945, 11.891593441122419 ], [ 35.875205272284411, 11.886738256731405 ], [ 35.871346026619861, 11.865579207211367 ], [ 35.869115945317802, 11.86037635391763 ], [ 35.860939026883997, 11.850713933427601 ], [ 35.849045350139889, 11.841051529871455 ], [ 35.823771321615261, 11.827672858859819 ], [ 35.815594458727972, 11.829159430623106 ], [ 35.804444228291459, 11.838821944060305 ], [ 35.774710131340328, 11.83436248800983 ], [ 35.763559871572532, 11.838078872517235 ], [ 35.756869675861232, 11.832132773690704 ], [ 35.737542534022609, 11.833619398087883 ], [ 35.72044542336517, 11.829903147905723 ], [ 35.706321704851007, 11.823213818996201 ], [ 35.695171469447246, 11.832133066299454 ], [ 35.684021162484363, 11.826186988188471 ], [ 35.667371943674333, 11.82671658274152 ], [ 35.662491807075881, 11.794187159501362 ], [ 35.64568293149258, 11.782259774609432 ], [ 35.624265218034026, 11.776567222286916 ], [ 35.590647569452209, 11.773856591143442 ], [ 35.577363153580777, 11.768163999808134 ], [ 35.535340929279059, 11.730484252291179 ], [ 35.517718726890976, 11.718827949015319 ], [ 35.474070107478056, 11.736990423380901 ], [ 35.462412372852761, 11.735906162308915 ], [ 35.441807990989744, 11.730755759990735 ], [ 35.422559179665932, 11.730213690868553 ], [ 35.395448260512708, 11.747020696185743 ], [ 35.36454175381305, 11.753797804524435 ], [ 35.338212733424854, 11.773841301786081 ], [ 35.335746082809656, 11.782768979163585 ], [ 35.326481522140512, 11.795294386245335 ], [ 35.314432532821044, 11.793044804708092 ], [ 35.304038175629401, 11.803618845542609 ], [ 35.296700292349072, 11.79996179202853 ], [ 35.29827191799324, 11.807985254534074 ], [ 35.297461200088726, 11.820275661840556 ], [ 35.288857766991811, 11.830696109003837 ], [ 35.285465167384523, 11.847309630082966 ], [ 35.288422929676734, 11.856703640584527 ], [ 35.28811661654975, 11.870915935211036 ], [ 35.285117378377393, 11.885320636807393 ], [ 35.27607033188189, 11.905065524816846 ], [ 35.257874448767652, 11.93503840961656 ], [ 35.202856705629038, 11.891500234964338 ], [ 35.158004161851125, 11.861605373084689 ], [ 35.098200734097901, 11.815268283728466 ], [ 35.047367597705396, 11.736046531656653 ], [ 35.056337831518839, 11.69269858498966 ], [ 35.077268682785508, 11.646361067965648 ], [ 35.080258551867765, 11.594044632329153 ], [ 35.078763079152786, 11.522296416349157 ], [ 35.067201947103968, 11.5004495094816 ], [ 35.039493889946527, 11.416540666650461 ], [ 35.024939491163245, 11.386274047597045 ], [ 35.005503333514177, 11.362358082159256 ], [ 34.99055600428408, 11.338041698696754 ], [ 34.977096549089133, 11.31004183469987 ], [ 34.963640708899462, 11.286125839171119 ], [ 34.94909272350727, 11.276729807135021 ], [ 34.937901013003291, 11.251899131093573 ], [ 34.926470635531707, 11.244149656134713 ], [ 34.930422844616075, 11.236610729767166 ], [ 34.962145367402591, 11.236798965499567 ], [ 34.985318974869514, 11.214377536891197 ], [ 35.015133019910976, 11.230163499749599 ], [ 35.034466147677882, 11.222827682035646 ], [ 35.065439000605437, 11.208049916770292 ], [ 35.092436376970767, 11.202708952237268 ], [ 35.13175153750489, 11.138665471121238 ], [ 35.174198283983507, 11.127816912772161 ], [ 35.189850699983424, 11.107128853132227 ], [ 35.178883230173554, 11.063317404607618 ], [ 35.179399291930487, 11.023449071621663 ], [ 35.170378497910022, 10.977764327544703 ], [ 35.178528408444024, 10.941789464311379 ], [ 35.18652956328274, 10.917204805647442 ], [ 35.215565387922247, 10.900475445783758 ], [ 35.208217019844128, 10.873800356467248 ], [ 35.212250795844277, 10.858659083374782 ], [ 35.197171522168503, 10.8356867069282 ], [ 35.184182813915449, 10.799448366830026 ], [ 35.19047019396416, 10.757751370862236 ], [ 35.188931202072851, 10.727350979305388 ], [ 35.170088990229374, 10.698637445178379 ], [ 35.157056366484291, 10.66619782557923 ], [ 35.176608145471434, 10.637955132751154 ], [ 35.1712992796812, 10.601812868588437 ], [ 35.152273187701617, 10.588289258978026 ], [ 35.15459440635879, 10.556038303798992 ], [ 35.179611017526653, 10.550645398926923 ], [ 35.206961746648268, 10.538975881809229 ], [ 35.23214584922637, 10.520968454757812 ], [ 35.241663594585532, 10.498218495104297 ], [ 35.268663173083688, 10.487142796944489 ], [ 35.301665366404237, 10.455243965022213 ], [ 35.305704643392524, 10.438198892592968 ], [ 35.319104696913257, 10.411373181698229 ], [ 35.329748010348531, 10.351115163135137 ], [ 35.334353939077914, 10.284696801835139 ], [ 35.317271317860161, 10.269309900059337 ], [ 35.331249607445329, 10.229157239251627 ], [ 35.32758040429426, 10.206754557306397 ], [ 35.334028186349322, 10.1794789630006 ], [ 35.354809848525591, 10.172874072273231 ], [ 35.380052165179244, 10.144665235061241 ], [ 35.424289669560977, 10.1318547843114 ], [ 35.481861437449638, 10.126777921248786 ], [ 35.497274406435956, 10.107574647035319 ], [ 35.497691379404458, 10.081358920391477 ], [ 35.524547043518758, 10.079743173121805 ], [ 35.539962820677978, 10.072306732615802 ], [ 35.570732656174876, 10.06312927842588 ], [ 35.595870437843672, 10.04249236660101 ], [ 35.601818849991126, 10.023556381002901 ], [ 35.613515903067658, 10.004678636457619 ], [ 35.627108275765615, 9.987718976210589 ], [ 35.627264758719377, 9.972522524823461 ], [ 35.631214634415066, 9.961163855051913 ], [ 35.675464585101466, 9.944508631619888 ], [ 35.713716008549895, 9.952486216979894 ], [ 35.734627118165321, 9.969790681076571 ], [ 35.73396268778756, 10.036282312786767 ], [ 35.760857484671632, 10.030846111459606 ], [ 35.77999014596346, 10.034832380524547 ], [ 35.803330171805456, 10.000856908200904 ], [ 35.834019548753929, 9.999250165283822 ], [ 35.882035106838792, 9.990202386049944 ], [ 35.895219516789524, 10.015028480949336 ], [ 35.896847269953263, 10.045447337879407 ], [ 35.917740095925986, 10.066545194372027 ], [ 35.936771831094745, 10.081924345733679 ], [ 35.955769747067613, 10.101103233055799 ], [ 35.972851985961483, 10.12026402444272 ], [ 35.982317292532521, 10.133653504053925 ], [ 36.005545191760362, 10.111061126808201 ], [ 36.045665969321135, 10.128527642776529 ], [ 36.076459200117263, 10.117399745450697 ], [ 36.109067143901214, 10.117687713447847 ], [ 36.170615676845479, 10.0992157928592 ], [ 36.212782750416316, 10.103376316257545 ], [ 36.243312823485702, 10.122640779089449 ], [ 36.26035253965415, 10.149394278644015 ], [ 36.279184649655456, 10.191369067046466 ], [ 36.315548131649315, 10.203074888298531 ], [ 36.33078925707553, 10.216506078542405 ], [ 36.340131627422657, 10.246996936139617 ], [ 36.3399412481821, 10.269806260957344 ], [ 36.374130099592847, 10.313806544615208 ], [ 36.391188648583352, 10.340558285343675 ], [ 36.416039265443551, 10.354065402618579 ], [ 36.423548707723057, 10.375036736695405 ], [ 36.427140373025438, 10.405481804286856 ], [ 36.426906486830426, 10.433995166435635 ], [ 36.428624588291108, 10.455534253145345 ], [ 36.42268188375342, 10.457246123413764 ], [ 36.417694106035277, 10.454727427358598 ], [ 36.409785529970378, 10.456226688968872 ], [ 36.391644594774966, 10.468908143717464 ], [ 36.383012114310297, 10.490511160065081 ], [ 36.372316481432911, 10.5056724189721 ], [ 36.365464464945603, 10.507096607883271 ], [ 36.364447008322053, 10.519038226440214 ], [ 36.359921304649696, 10.531232534927655 ], [ 36.355980752190398, 10.527501824018263 ], [ 36.349308005367853, 10.525238934442807 ], [ 36.344401819198751, 10.521815088815224 ], [ 36.326899663706982, 10.524228957100959 ], [ 36.319006125952917, 10.528920417489148 ], [ 36.311730982019029, 10.543023474996202 ], [ 36.312001078564549, 10.548938225502793 ], [ 36.308998747017171, 10.553311972222886 ], [ 36.302811454999635, 10.554874485759781 ], [ 36.302763525749306, 10.572128455674319 ], [ 36.306663499421852, 10.578860385804463 ], [ 36.294280117686618, 10.597995944652105 ], [ 36.284501659222201, 10.599604333340634 ], [ 36.282434676800236, 10.605469433228214 ], [ 36.287095608416529, 10.616002355418251 ], [ 36.292360281296268, 10.62086788531624 ], [ 36.298096631107185, 10.62120766613346 ], [ 36.301904685718029, 10.623687392637613 ], [ 36.308404259627075, 10.625111945233378 ], [ 36.303802990048474, 10.638770047119191 ], [ 36.307018811775784, 10.645288617237382 ], [ 36.311707800606669, 10.649859782881947 ], [ 36.31908497380951, 10.652896585093638 ], [ 36.324983410856348, 10.662562541990209 ], [ 36.321298251940632, 10.668271710372107 ], [ 36.313276226202696, 10.674733883769504 ], [ 36.312057280643401, 10.679710190577451 ], [ 36.31874730789081, 10.680237781482099 ], [ 36.322518943238599, 10.686192497251588 ], [ 36.317362850960215, 10.698137984377489 ], [ 36.318384909465777, 10.704506676999475 ], [ 36.32734669992626, 10.714657035123926 ], [ 36.332126852876009, 10.727136797516499 ], [ 36.353385047861018, 10.740907351857663 ], [ 36.360136224393308, 10.742545829388069 ], [ 36.363471012097357, 10.749098052566712 ], [ 36.374748483230562, 10.759307384051047 ], [ 36.376775871264414, 10.766182357279519 ], [ 36.37355097981709, 10.773649704748573 ], [ 36.378006663993702, 10.786650945698113 ], [ 36.358399786860346, 10.790536698151925 ], [ 36.350322974826007, 10.791050898616792 ], [ 36.342392241697581, 10.789731549454798 ], [ 36.332132471442364, 10.77117960385695 ], [ 36.326043932590665, 10.769618921571388 ], [ 36.325458719959315, 10.764092474853118 ], [ 36.314257018309341, 10.753835749013229 ], [ 36.311572471019247, 10.748156698221141 ], [ 36.294544409310959, 10.744252136088974 ], [ 36.286029796395638, 10.745481176502038 ], [ 36.285875339833829, 10.75215540352284 ], [ 36.28924964107869, 10.77327309278 ], [ 36.283540461650979, 10.796918317337806 ], [ 36.283041589396255, 10.804760436857189 ], [ 36.292923358991303, 10.806584687446575 ], [ 36.300316549596019, 10.810887863378536 ], [ 36.295672797310409, 10.815903229200316 ], [ 36.305538574343856, 10.820821647466726 ], [ 36.310916497663278, 10.828041384924003 ], [ 36.31044636051552, 10.836723010760927 ], [ 36.31454548114376, 10.851697927251614 ], [ 36.310090121395973, 10.855459620843217 ], [ 36.309930737015456, 10.86343493065551 ], [ 36.323430755637908, 10.879554249243613 ], [ 36.328427358340271, 10.882683843727682 ], [ 36.3328935127101, 10.888326334137949 ], [ 36.330768140779973, 10.893048267665264 ], [ 36.332400213526014, 10.898568448254199 ], [ 36.346313388554805, 10.911556877760278 ], [ 36.347902550885443, 10.918122815862695 ], [ 36.353906258792748, 10.922098337144091 ], [ 36.351416328498125, 10.930853063097624 ], [ 36.354822292637103, 10.937924517535125 ], [ 36.366587242836253, 10.946544146763348 ], [ 36.418460961283976, 11.001603588697288 ], [ 36.423356333352423, 11.032240534447638 ], [ 36.428050749205561, 11.036385957063128 ], [ 36.436964379227859, 11.039918548023563 ], [ 36.445035541996766, 11.051273925278609 ], [ 36.452038889444921, 11.054339975571301 ], [ 36.470646446770118, 11.056082733175712 ], [ 36.479117601623877, 11.068007987256189 ], [ 36.485695417821674, 11.067167788895247 ], [ 36.49046431647681, 11.069604638609158 ], [ 36.492117649030035, 11.076797923626069 ], [ 36.501447962508649, 11.086187232951044 ], [ 36.515773218018666, 11.105675476324356 ], [ 36.525877963664584, 11.113577576369893 ], [ 36.533389239499989, 11.114083295760508 ], [ 36.534843982757636, 11.098822478966319 ], [ 36.547213321001323, 11.095492708746013 ], [ 36.555703058183916, 11.094084540725483 ], [ 36.56024372037281, 11.10066569841945 ], [ 36.568054454035028, 11.102562497313549 ], [ 36.575783503559478, 11.101575712261944 ], [ 36.578812734115502, 11.111388323474442 ], [ 36.574144680321261, 11.113279538873243 ], [ 36.567372731043662, 11.112252660561712 ], [ 36.560992807887082, 11.114117028894757 ], [ 36.556702749453059, 11.120581222809705 ], [ 36.553570596313108, 11.127932559807247 ], [ 36.553578354558333, 11.133112085063939 ], [ 36.550134115669273, 11.138678952823241 ], [ 36.531215591329243, 11.142464215165052 ], [ 36.512158106839017, 11.138298833087269 ], [ 36.503698281378838, 11.138402912207798 ], [ 36.490001374349703, 11.147064290555567 ], [ 36.484092541797956, 11.153672575255946 ], [ 36.476440292568938, 11.157837710370748 ], [ 36.46840068733102, 11.156271150968637 ], [ 36.468976981869503, 11.179137834485136 ], [ 36.466749091115823, 11.187244909987848 ], [ 36.469342085357084, 11.19808969227012 ], [ 36.468357645689686, 11.216196629246786 ], [ 36.460984820876384, 11.227289037313575 ], [ 36.471601826885859, 11.234152059286505 ], [ 36.476624026774317, 11.245521051233178 ], [ 36.467935550150365, 11.26584566600358 ], [ 36.484002373445428, 11.272637668361945 ], [ 36.49113361462414, 11.279961000845713 ], [ 36.495759796368262, 11.289803126420345 ], [ 36.505752064852096, 11.28583942111919 ], [ 36.515565369753922, 11.290481972551675 ], [ 36.530443048640088, 11.303347050754693 ], [ 36.538130241097591, 11.305585651642362 ], [ 36.546240672473701, 11.305652923033893 ], [ 36.557674393685055, 11.302965937907047 ], [ 36.562883341905859, 11.312621326889412 ], [ 36.563215384571734, 11.31918625732914 ], [ 36.557213767180905, 11.330334321227571 ], [ 36.548277622816435, 11.338117260100995 ], [ 36.535338005019369, 11.336140025135355 ], [ 36.539529640437948, 11.346492316955718 ], [ 36.559634918725848, 11.35519230597793 ], [ 36.56442211733097, 11.358873816072741 ], [ 36.564685441751188, 11.372192662257786 ], [ 36.552149907203045, 11.387486401068797 ], [ 36.541847907703875, 11.394967293058826 ], [ 36.533889903250603, 11.394900678024484 ], [ 36.530705196596521, 11.435385363000183 ], [ 36.521885440451143, 11.445293053065571 ], [ 36.513017139088596, 11.459113397520733 ], [ 36.504302886508192, 11.458976452285706 ], [ 36.498624557239118, 11.444531950163274 ], [ 36.489722335535923, 11.440893562318035 ], [ 36.472274507334568, 11.437113488177546 ], [ 36.467948689914316, 11.429484179462678 ], [ 36.448847426194249, 11.427704650895619 ], [ 36.410739888906186, 11.414752085161673 ], [ 36.410336745710111, 11.459138609287209 ], [ 36.420450511154627, 11.468147069145809 ], [ 36.425897882083873, 11.477545230422551 ], [ 36.436441320000014, 11.487519566730496 ], [ 36.439167174958953, 11.492652360056709 ], [ 36.445097017800322, 11.493641745585228 ], [ 36.439585249257171, 11.505156778034131 ], [ 36.434819894187413, 11.51161649327225 ], [ 36.413908565848438, 11.532789991228043 ], [ 36.415327129510281, 11.545954311259214 ], [ 36.404201435917273, 11.546814686222024 ], [ 36.391122018210886, 11.572166560700778 ], [ 36.392205633786759, 11.584127658044341 ], [ 36.380150831016586, 11.596961728951097 ], [ 36.3759469280483, 11.608503165604098 ], [ 36.366068280349019, 11.601159981602265 ], [ 36.349212785712176, 11.60618376601319 ], [ 36.339139444827389, 11.651709752101064 ], [ 36.33320930346941, 11.666860979881696 ], [ 36.348347985310902, 11.697413474541889 ], [ 36.33285549226477, 11.704868072475779 ], [ 36.335338220942283, 11.717984755025844 ], [ 36.334613914143475, 11.723997606745675 ], [ 36.34039075450179, 11.73831034389856 ], [ 36.33960976260493, 11.744280033152236 ], [ 36.341147966797422, 11.749449513559394 ], [ 36.339533399536052, 11.761854119276251 ], [ 36.341993041071895, 11.768556814256897 ], [ 36.338383677405382, 11.773787721398426 ], [ 36.342066324325408, 11.781617652984362 ], [ 36.329857550212061, 11.797495095087145 ], [ 36.309588994747813, 11.804036632792634 ], [ 36.283697085790713, 11.77347439409119 ], [ 36.261770100383821, 11.754291654727655 ], [ 36.236660869507098, 11.737770701223729 ], [ 36.232367581248027, 11.722926439897082 ], [ 36.207861918653585, 11.722249292466485 ], [ 36.201616960321388, 11.706655353471263 ], [ 36.186457839563026, 11.690849490110153 ], [ 36.177003535132222, 11.685062534061487 ], [ 36.165782779198551, 11.67899511146666 ], [ 36.15792648837612, 11.686714984131575 ], [ 36.145613962061951, 11.68643523465934 ], [ 36.119143958551888, 11.706626956614794 ], [ 36.126314697446553, 11.719980883769848 ], [ 36.117391995758801, 11.724326441072304 ], [ 36.124016033687113, 11.735249722188613 ], [ 36.118028067274082, 11.7750101633545 ], [ 36.106016861289866, 11.816697486588051 ], [ 36.095856815169036, 11.813666354333645 ], [ 36.08224447577723, 11.825176430706366 ], [ 36.085076111892576, 11.835888565732382 ], [ 36.067050260897823, 11.852404396224815 ], [ 36.055280956221864, 11.850121715380618 ], [ 36.051750480657446, 11.857667105691197 ], [ 36.049925323852698, 11.866802673316672 ], [ 36.05715929300834, 11.875105737233998 ], [ 36.045860173888485, 11.87723562927002 ], [ 36.051394799162281, 11.883821315899274 ], [ 36.038902141581609, 11.886289135424892 ], [ 36.034609047455007, 11.892570116344961 ], [ 36.043427654014984, 11.895865819757654 ], [ 36.021995658882908, 11.914643194502112 ], [ 35.996764010876227, 11.927677039403399 ], [ 35.978817274673887, 11.961291377803121 ], [ 35.969807860442394, 11.9592109551568 ], [ 35.973122170983153, 11.971128128263855 ], [ 35.966599898586459, 11.985376722521396 ] ] ] } },
{ "type": "Feature", "properties": { "shapeName": "Nogob", "shapeISO": "", "shapeID": "57463737B76500923720199", "shapeGroup": "ETH", "shapeType": "ADM2" }, "geometry": { "type": "Polygon", "coordinates": [ [ [ 42.204365854921534, 7.195830766637419 ], [ 42.235032642991939, 7.204965131947355 ], [ 42.255223139870409, 7.205371667462996 ], [ 42.277573671252483, 7.202841794599823 ], [ 42.32303467735796, 7.180773590532874 ], [ 42.336814966184278, 7.171024410902643 ], [ 42.387566094880718, 7.147896277957018 ], [ 42.413176698450279, 7.14387652875975 ], [ 42.430287086415269, 7.138676924196711 ], [ 42.439627279573386, 7.130667608367744 ], [ 42.455347618262664, 7.12255827127723 ], [ 42.471327953008348, 7.109869350218937 ], [ 42.494748501799016, 7.106379559257446 ], [ 42.50895881744583, 7.100060068960255 ], [ 42.521209075516119, 7.092080741745008 ], [ 42.59924090061849, 7.079601514313171 ], [ 42.616081284762103, 7.074101941193093 ], [ 42.634861693121451, 7.064452732275534 ], [ 42.730853947470763, 7.05355328707622 ], [ 42.778185042514352, 7.044613879633086 ], [ 42.807965798348718, 7.05371291260243 ], [ 42.831626365915746, 7.052832888103769 ], [ 42.852886884592721, 7.054822606882097 ], [ 42.852266943551392, 7.07080115300588 ], [ 42.85388706440871, 7.089669432235005 ], [ 42.856387191269334, 7.103028205632099 ], [ 42.86170738402943, 7.117476864178425 ], [ 42.865907561894055, 7.134755268770339 ], [ 42.874807817083095, 7.143444435890475 ], [ 42.881598057428313, 7.159112979055001 ], [ 42.88544821070461, 7.172341759696412 ], [ 42.902058770021341, 7.207488480219559 ], [ 42.91111911520769, 7.233826038832233 ], [ 42.91608928299631, 7.244235063850532 ], [ 42.923529496951524, 7.251694354795064 ], [ 42.929849697444325, 7.26197338610851 ], [ 42.941920052997474, 7.275802067995531 ], [ 42.959610555892176, 7.291830521527106 ], [ 42.963460709595907, 7.305059301142974 ], [ 42.970900924274623, 7.312518584020622 ], [ 42.976451137483068, 7.329666994449322 ], [ 42.980221365388154, 7.357854409867025 ], [ 42.991941695099612, 7.367633459661747 ], [ 42.994331807650489, 7.379642353794589 ], [ 43.000882027188879, 7.392621138183488 ], [ 43.013292410861816, 7.410489451063504 ], [ 43.025252758139359, 7.422968253639839 ], [ 43.032153012292341, 7.439996668585861 ], [ 43.033413112683036, 7.454825311378356 ], [ 43.037273266682277, 7.468054082050608 ], [ 43.051683663168475, 7.477583142641802 ], [ 43.052733744152818, 7.489722036987532 ], [ 43.070574342941185, 7.523388879394036 ], [ 43.072304481156763, 7.54360702385318 ], [ 43.087764959047853, 7.565274969436792 ], [ 43.091305173186818, 7.590762628796889 ], [ 43.102915495142277, 7.599191798507304 ], [ 43.118255964623572, 7.61950987430711 ], [ 43.124696176603358, 7.631148777298005 ], [ 43.127196302221336, 7.644497549767139 ], [ 43.138296743767484, 7.678794364052811 ], [ 43.151857233336138, 7.710141436922494 ], [ 43.093075842075244, 7.713091466208082 ], [ 43.068505248843017, 7.712911608644099 ], [ 43.059565009598494, 7.708842026903759 ], [ 43.030724283444066, 7.701702820507992 ], [ 43.013563874948858, 7.702062872294039 ], [ 42.976512970126244, 7.699363304938183 ], [ 42.923451755147106, 7.710392571741527 ], [ 42.911281466082777, 7.711522529371116 ], [ 42.893331062280154, 7.716862136720688 ], [ 42.865140456575375, 7.731730920336865 ], [ 42.839989885620746, 7.738960387866605 ], [ 42.807939178173093, 7.751729392319803 ], [ 42.789368746405685, 7.754769209555502 ], [ 42.774468417276253, 7.762178608314523 ], [ 42.755858049778034, 7.777167340093846 ], [ 42.754538055129544, 7.78539659894251 ], [ 42.745497904122459, 7.798385461253742 ], [ 42.733767646022976, 7.803525052132803 ], [ 42.730427609891009, 7.811944301874051 ], [ 42.72996769305805, 7.830232646359858 ], [ 42.732607835771809, 7.846881117033925 ], [ 42.732608072637547, 7.89298692102194 ], [ 42.736148294449833, 7.918994536600676 ], [ 42.725528193114307, 7.94895187370069 ], [ 42.72320831693618, 7.983408745450664 ], [ 42.716808250065768, 8.001127173404999 ], [ 42.714188431411678, 8.04746297084982 ], [ 42.703978285032456, 8.066851263389729 ], [ 42.702068363845477, 8.090739097886949 ], [ 42.68859817962872, 8.11832665969307 ], [ 42.685048198680242, 8.138404853072808 ], [ 42.679438118805365, 8.148433972852715 ], [ 42.662277612295554, 8.13139561198531 ], [ 42.652327362622209, 8.13078571832102 ], [ 42.631546915817644, 8.141544851219232 ], [ 42.616896657747155, 8.160713187798562 ], [ 42.57901610232085, 8.229637127658251 ], [ 42.567945971020677, 8.256714726625095 ], [ 42.550996068993761, 8.351596200782399 ], [ 42.539646045342558, 8.398312019533748 ], [ 42.530686138240569, 8.455916844589559 ], [ 42.52105602977521, 8.479794727687755 ], [ 42.503475669519908, 8.493163610007098 ], [ 42.323951495682728, 8.537850528717909 ], [ 42.308061225606373, 8.560718547153082 ], [ 42.295601061317889, 8.58711622320895 ], [ 42.275910734710045, 8.61617369681729 ], [ 42.263990556306673, 8.637021876739677 ], [ 42.240579997796381, 8.640951643352906 ], [ 42.233589797913559, 8.636102120162947 ], [ 42.216529247776833, 8.612274373353099 ], [ 42.098655820520761, 8.520068349859692 ], [ 42.070634988398083, 8.495055764498984 ], [ 42.042214033714231, 8.448550117843785 ], [ 42.026913540322575, 8.426922157526437 ], [ 42.027961493806366, 8.324121937778152 ], [ 41.949310439355003, 8.202002897598456 ], [ 41.927249280870839, 8.081683889817032 ], [ 41.923068665248849, 7.979233170665167 ], [ 41.913307764281683, 7.845535312379242 ], [ 41.958048530412121, 7.77593139117953 ], [ 41.94339794590757, 7.728615741687164 ], [ 41.905706578122007, 7.637084198285845 ], [ 41.878975570808414, 7.563780957844566 ], [ 41.868695196513094, 7.539343210088177 ], [ 41.868005156402035, 7.53394370750703 ], [ 41.897025312297487, 7.412384559665814 ], [ 42.200019233671021, 7.292629274357429 ], [ 42.210762323505357, 7.265196450735635 ], [ 42.210752155215204, 7.228099810846023 ], [ 42.204365854921534, 7.195830766637419 ] ] ] } },
{ "type": "Feature", "properties": { "shapeName": "North Gonder", "shapeISO": "", "shapeID": "57463737B33844308695129", "shapeGroup": "ETH", "shapeType": "ADM2" }, "geometry": { "type": "Polygon", "coordinates": [ [ [ 36.654532618943122, 11.642601086771121 ], [ 36.663432119687954, 11.643069251520721 ], [ 36.684959245965963, 11.658368945735887 ], [ 36.697137315634336, 11.676771728618887 ], [ 36.708268507096186, 11.685360083138578 ], [ 36.71327125469778, 11.687192019915214 ], [ 36.727303853508573, 11.68649913029728 ], [ 36.741207501437486, 11.683857194035989 ], [ 36.748213737415085, 11.682253769618749 ], [ 36.753364198463544, 11.678334248633238 ], [ 36.760767515770539, 11.679092944842346 ], [ 36.766091930602322, 11.6764003506814 ], [ 36.77994319981979, 11.675371869480472 ], [ 36.786239920480156, 11.677618476341255 ], [ 36.80934799237923, 11.696933291813219 ], [ 36.810807995969917, 11.705102196802233 ], [ 36.816912892831752, 11.715414496458724 ], [ 36.834733927873813, 11.72396945902525 ], [ 36.83869195891149, 11.735271890460073 ], [ 36.843276948253148, 11.73971598291703 ], [ 36.857173783370314, 11.743128116693347 ], [ 36.869944896035896, 11.74206739247728 ], [ 36.875193752880193, 11.749473974706744 ], [ 36.87704988501487, 11.75522925381688 ], [ 36.877037084937491, 11.762639577574305 ], [ 36.872309889703025, 11.765587296860947 ], [ 36.866522297077921, 11.765586377118897 ], [ 36.860870287179274, 11.770826620643533 ], [ 36.853104968763574, 11.784250251069064 ], [ 36.852764652617793, 11.789356573572753 ], [ 36.854602567476164, 11.794629012809482 ], [ 36.863038922740678, 11.807922278751741 ], [ 36.863461774829169, 11.816811717508898 ], [ 36.866657519554252, 11.823082444467243 ], [ 36.867674466759894, 11.830061967833627 ], [ 36.867276462159232, 11.839052901701894 ], [ 36.877885388972452, 11.844920785370968 ], [ 36.889001185538262, 11.853692399068214 ], [ 36.914537423730479, 11.857237708525741 ], [ 36.926314842505022, 11.864128302190649 ], [ 36.933878497548264, 11.866567142836647 ], [ 36.945275382217368, 11.875230043818854 ], [ 36.964706490630427, 11.902538115397098 ], [ 36.970660820102701, 11.905199520897151 ], [ 36.993445543225718, 11.897686883308673 ], [ 36.997687845807206, 11.907542344333981 ], [ 36.999793952721362, 11.901764209411519 ], [ 37.021028431050823, 11.929887955507011 ], [ 37.021414033595029, 11.937852574720621 ], [ 37.015938267367851, 11.957169042923477 ], [ 37.021288327158935, 11.970318712225627 ], [ 37.019411491991704, 11.979935474692448 ], [ 37.016133841460835, 11.987794347311384 ], [ 37.01692882742006, 11.993323332384737 ], [ 37.019948358059807, 11.998156660544721 ], [ 37.020593414930282, 12.005108879108304 ], [ 37.019392946380854, 12.010539737576275 ], [ 37.01297358956532, 12.016187713113549 ], [ 37.023186842290748, 12.0751922803966 ], [ 37.033429054894327, 12.087498606055918 ], [ 37.027649904418922, 12.091823218416662 ], [ 37.025563319920401, 12.09746563202191 ], [ 37.029022199507189, 12.109190030072261 ], [ 37.034224937803465, 12.118473356680449 ], [ 37.031808323503441, 12.125503513020069 ], [ 37.034264988533437, 12.136350230543552 ], [ 37.033838991271786, 12.149340969775022 ], [ 37.036002949406836, 12.156192010099748 ], [ 37.06497395540471, 12.211468301440465 ], [ 37.070770046590219, 12.216985579684009 ], [ 37.112941428813869, 12.245556135852741 ], [ 37.118397319892281, 12.242722349871311 ], [ 37.124806559245549, 12.252167751068715 ], [ 37.1438671885671, 12.265847466745637 ], [ 37.155535538987188, 12.268143204318072 ], [ 37.160607503568585, 12.265433743540836 ], [ 37.160849644659677, 12.2597728964406 ], [ 37.158321370256033, 12.25366310434414 ], [ 37.161446094210838, 12.247924748090458 ], [ 37.1681872628685, 12.243372770095089 ], [ 37.17330710192946, 12.2330033863051 ], [ 37.171525970107702, 12.218928359943677 ], [ 37.173925660293392, 12.213715396186734 ], [ 37.173195175380116, 12.202500100688905 ], [ 37.181932379532931, 12.194032450406144 ], [ 37.188370538937008, 12.190573419981503 ], [ 37.192886695403288, 12.194010058475726 ], [ 37.19892527202029, 12.194409123729992 ], [ 37.207874282499084, 12.19178650078878 ], [ 37.2048232598667, 12.203339021633816 ], [ 37.212969184136483, 12.207294968126908 ], [ 37.22414633290618, 12.206112342203795 ], [ 37.230378872688298, 12.210733408685146 ], [ 37.243226229018163, 12.208177391825494 ], [ 37.249222252554574, 12.203960597246093 ], [ 37.254205735904918, 12.195704859958072 ], [ 37.262549555373731, 12.196909757592353 ], [ 37.27698905819949, 12.201776007594779 ], [ 37.282179310459895, 12.200893804298953 ], [ 37.287283364566782, 12.205476618666975 ], [ 37.288727158226237, 12.214187288097532 ], [ 37.301452789225237, 12.231096341357837 ], [ 37.295484256684681, 12.24670437715038 ], [ 37.303983629379502, 12.262928663625305 ], [ 37.314723978314881, 12.269764180595937 ], [ 37.326954524852134, 12.274542200058086 ], [ 37.341177454863761, 12.277927328391659 ], [ 37.345906071352147, 12.274426603342373 ], [ 37.357701886399838, 12.270246298236179 ], [ 37.362071980837101, 12.264802143231758 ], [ 37.360311402010097, 12.259907109558402 ], [ 37.374499988472337, 12.257878370923114 ], [ 37.377528752869637, 12.263617526018063 ], [ 37.382786250705891, 12.265946461580155 ], [ 37.382615623882003, 12.273631465991469 ], [ 37.384906385262212, 12.278447704340966 ], [ 37.389473830357765, 12.275173794839574 ], [ 37.402924708287067, 12.273461367247286 ], [ 37.41471809031605, 12.28080741651172 ], [ 37.419840233171001, 12.279966960279058 ], [ 37.427269987198173, 12.275419827029037 ], [ 37.434667151113999, 12.278386263102572 ], [ 37.445919269070579, 12.286003042073263 ], [ 37.46374481487873, 12.291599208260212 ], [ 37.480268876247749, 12.300202978363984 ], [ 37.48454269552132, 12.297061867911767 ], [ 37.491626388042448, 12.295155492933649 ], [ 37.498839051713688, 12.287703428524081 ], [ 37.501142577439808, 12.280773680482238 ], [ 37.507027981309598, 12.278211118868384 ], [ 37.519291002840767, 12.264401491988675 ], [ 37.521060905963346, 12.25622805452325 ], [ 37.525681606647993, 12.250725970357792 ], [ 37.5270118096498, 12.244731146862481 ], [ 37.539246924824944, 12.238537612796685 ], [ 37.540991196131941, 12.233699021206675 ], [ 37.54607857305141, 12.230433274384829 ], [ 37.554460802429645, 12.228438899425889 ], [ 37.558948607906075, 12.224450117881069 ], [ 37.561928917919694, 12.211559815483747 ], [ 37.562194388106114, 12.205256359094275 ], [ 37.560161032242277, 12.197061911583273 ], [ 37.566535445851855, 12.193725830633694 ], [ 37.569372601381112, 12.185134182270385 ], [ 37.575178715485293, 12.176117304494152 ], [ 37.576339251800299, 12.159515008360689 ], [ 37.584623242985529, 12.15586000283143 ], [ 37.592545896203916, 12.143229216838385 ], [ 37.595247648462696, 12.130253907081574 ], [ 37.599724675566087, 12.127303887476062 ], [ 37.612501829465387, 12.131800711287221 ], [ 37.627364080320667, 12.134858660682573 ], [ 37.63520027236008, 12.122994514024191 ], [ 37.642604351204938, 12.122426352480007 ], [ 37.648954905899558, 12.125227588404995 ], [ 37.63756100535857, 12.140916495461139 ], [ 37.637316310581227, 12.146802764991065 ], [ 37.641970848554109, 12.149427984511806 ], [ 37.648173803209929, 12.147002950370567 ], [ 37.651836202240105, 12.14031271636691 ], [ 37.659573046507944, 12.139977076635189 ], [ 37.666506207291683, 12.142134226030816 ], [ 37.678169753322308, 12.148360995400528 ], [ 37.685032084846114, 12.150136428604268 ], [ 37.684061061222216, 12.158668331803035 ], [ 37.687477492969016, 12.16510936898824 ], [ 37.693974213194537, 12.170969399428353 ], [ 37.708363135636567, 12.172798783832674 ], [ 37.727658753739924, 12.16988997573617 ], [ 37.734052115993997, 12.172096248027964 ], [ 37.739504428864834, 12.177422255982297 ], [ 37.742891770469534, 12.183606034426303 ], [ 37.753498932139905, 12.18789093627157 ], [ 37.756885077920288, 12.2128851211443 ], [ 37.749580154427285, 12.211040970876075 ], [ 37.73655342984781, 12.21303044159149 ], [ 37.73205616889728, 12.218722142258962 ], [ 37.726146381534619, 12.221223642902245 ], [ 37.720689726212207, 12.226991408849203 ], [ 37.712981863013297, 12.231175858270179 ], [ 37.704172337009823, 12.241180109452216 ], [ 37.699324043025435, 12.243067057600673 ], [ 37.693958628816802, 12.241352111605856 ], [ 37.688795313420947, 12.255192120124601 ], [ 37.685598816595814, 12.259190707130989 ], [ 37.666377177045142, 12.256280437728057 ], [ 37.669654024201492, 12.261451333303039 ], [ 37.671253777419039, 12.26895244568208 ], [ 37.665382930211578, 12.275746948476931 ], [ 37.655594773977661, 12.276640228339991 ], [ 37.647128966910671, 12.299238489767758 ], [ 37.660786239248417, 12.314849950164614 ], [ 37.675439626123534, 12.324182148106397 ], [ 37.680466289528376, 12.330325356395464 ], [ 37.682494223895091, 12.337733422748007 ], [ 37.686308961353014, 12.342387698338019 ], [ 37.69078787162988, 12.3393287029395 ], [ 37.694231032749812, 12.331165055411722 ], [ 37.721854443669166, 12.327835350118363 ], [ 37.726864733374029, 12.331380139359382 ], [ 37.74259882645832, 12.350898936715003 ], [ 37.745161984221959, 12.356532834494766 ], [ 37.751624378473522, 12.355232642828023 ], [ 37.756963596284663, 12.35814809800225 ], [ 37.761350886902662, 12.36362452809202 ], [ 37.766819204507676, 12.364716901546087 ], [ 37.783915624291012, 12.353144801895812 ], [ 37.789225746013337, 12.348028913590474 ], [ 37.792098296733521, 12.342888640797426 ], [ 37.796499980453348, 12.31925095929196 ], [ 37.792166620623668, 12.313231204222227 ], [ 37.790900885812015, 12.30794600241506 ], [ 37.803802912518989, 12.306427225730998 ], [ 37.815111148272578, 12.291848920565039 ], [ 37.816546635148946, 12.282809693683273 ], [ 37.814941989328275, 12.266172975988525 ], [ 37.818775019902944, 12.252862057461487 ], [ 37.810075009011371, 12.240894309911878 ], [ 37.813213255996345, 12.235361068404478 ], [ 37.820425286976679, 12.23404505725007 ], [ 37.827849920958421, 12.23477753424393 ], [ 37.836039462364212, 12.244444899864471 ], [ 37.842022727371393, 12.260119508795109 ], [ 37.854389955202336, 12.272441670680585 ], [ 37.873610743132332, 12.278884201126736 ], [ 37.878030555556414, 12.28203956889309 ], [ 37.877325205665223, 12.288164576375559 ], [ 37.884069424513932, 12.28973323471088 ], [ 37.900016920735496, 12.266193645127306 ], [ 37.905979471300981, 12.260080056490317 ], [ 37.921354324866634, 12.259856069556665 ], [ 37.931829531253875, 12.233481192067106 ], [ 37.939330291856763, 12.224614515809874 ], [ 37.947420668106048, 12.221136269842768 ], [ 37.959908203255566, 12.219015539088723 ], [ 37.958623604737184, 12.226690723136565 ], [ 37.953458507022326, 12.234937289263595 ], [ 37.951851254495573, 12.242099553655196 ], [ 37.954420780368849, 12.25481981226746 ], [ 37.953281723262897, 12.263209292612684 ], [ 37.939277081683009, 12.272722975698446 ], [ 37.934466494154726, 12.280989163244914 ], [ 37.943922400910751, 12.30359333314183 ], [ 37.957711734620176, 12.305410413224665 ], [ 37.956803585828958, 12.289917360024571 ], [ 37.962953480668233, 12.289039674101552 ], [ 37.969013561340908, 12.29441763143355 ], [ 37.972082680530789, 12.29953417066255 ], [ 37.978074276575612, 12.303757836702419 ], [ 37.985378924402006, 12.300722513182924 ], [ 37.985027180530096, 12.293634771520042 ], [ 37.991993497992745, 12.292642692060484 ], [ 37.998804774855678, 12.299304699671348 ], [ 38.004717465956944, 12.308510068108703 ], [ 38.018321537196492, 12.305789523317744 ], [ 38.022925851587942, 12.308478096439098 ], [ 38.025957015005574, 12.313276115406145 ], [ 38.033016756073323, 12.313278442106425 ], [ 38.045002191012046, 12.324669508721033 ], [ 38.063075811677514, 12.332746091122768 ], [ 38.066364039404021, 12.327453363516749 ], [ 38.069664597342594, 12.305484540643704 ], [ 38.075850556833132, 12.302477069525349 ], [ 38.09130237774994, 12.301377561077667 ], [ 38.098909809813392, 12.301914256713935 ], [ 38.109399433986262, 12.306063860051635 ], [ 38.119781388064219, 12.315596172349739 ], [ 38.126103166768715, 12.327840397393452 ], [ 38.144989920838981, 12.32731355019032 ], [ 38.16551329933467, 12.335036615597261 ], [ 38.183652224801065, 12.347408101781383 ], [ 38.197035378516667, 12.361239156388045 ], [ 38.222710303733194, 12.37789225202035 ], [ 38.234357654460659, 12.380996720772915 ], [ 38.242945079807157, 12.387166919563564 ], [ 38.256005335055562, 12.391353970323404 ], [ 38.26093769552331, 12.394603980721772 ], [ 38.272035801624718, 12.406367628305761 ], [ 38.2834375448152, 12.41566508674992 ], [ 38.287352251447359, 12.42196276716929 ], [ 38.290468575085114, 12.432873023663467 ], [ 38.293273321122875, 12.437572962665843 ], [ 38.304324197604004, 12.449214011872481 ], [ 38.311432265410843, 12.460960743463509 ], [ 38.32301254548468, 12.471567970356901 ], [ 38.341673612274001, 12.485171295065328 ], [ 38.356290630649902, 12.514447419768231 ], [ 38.365220085345413, 12.524991751675218 ], [ 38.370348461660157, 12.52977650606271 ], [ 38.390522433400186, 12.539870174379502 ], [ 38.396948318202057, 12.545418487950451 ], [ 38.403496524481689, 12.548545676016431 ], [ 38.423319095708287, 12.549831169349364 ], [ 38.428539593627143, 12.552337525939485 ], [ 38.432163056119862, 12.556426149605205 ], [ 38.434797343431832, 12.568729734964029 ], [ 38.447643945764064, 12.574418162350874 ], [ 38.451427848418774, 12.581428781649851 ], [ 38.459518590012095, 12.583228824933105 ], [ 38.464027296485575, 12.587686911416924 ], [ 38.464454843440741, 12.595198115093499 ], [ 38.47793502339885, 12.607981817700585 ], [ 38.476134269970082, 12.61539868665052 ], [ 38.473003300677384, 12.620934685646361 ], [ 38.479658294768043, 12.627213071545626 ], [ 38.475396125499643, 12.634855256903576 ], [ 38.468759174062086, 12.640558704520243 ], [ 38.468225261845625, 12.64880384474357 ], [ 38.463975591096975, 12.65389884752773 ], [ 38.45805677763925, 12.65720453108511 ], [ 38.456639660026234, 12.664564428563306 ], [ 38.450424153983064, 12.671570435938165 ], [ 38.452913816614107, 12.685778491525936 ], [ 38.449113757210739, 12.693270867694698 ], [ 38.450040574110936, 12.699482823850168 ], [ 38.457735126424502, 12.712204176119462 ], [ 38.458618572055407, 12.719110697528167 ], [ 38.454290624127687, 12.726837932304228 ], [ 38.464618971843208, 12.73505315667512 ], [ 38.464186566287566, 12.740969101741639 ], [ 38.451297546724966, 12.747189315872351 ], [ 38.443439430481064, 12.744544469639758 ], [ 38.438312758661084, 12.740645338481402 ], [ 38.424783111022514, 12.738767586290523 ], [ 38.404774612712721, 12.749761261405112 ], [ 38.396983980965366, 12.750903212139066 ], [ 38.38595863501795, 12.746032035214013 ], [ 38.379165105587589, 12.745681775131464 ], [ 38.354982000223416, 12.758734298617881 ], [ 38.339367939867721, 12.756537736441553 ], [ 38.33361841201372, 12.762121639961631 ], [ 38.331605403190132, 12.769585008092628 ], [ 38.33493815896005, 12.7942903531368 ], [ 38.34096339552049, 12.804169962363508 ], [ 38.34579862204717, 12.817770757053694 ], [ 38.351766863997135, 12.828653780182043 ], [ 38.353487298475883, 12.836611748639816 ], [ 38.335612096935016, 12.858373566162513 ], [ 38.336357657145598, 12.864352046024027 ], [ 38.342047224252397, 12.864976505656674 ], [ 38.349731113499821, 12.875610739572322 ], [ 38.347003193593764, 12.899558690358267 ], [ 38.348145462913848, 12.905219794136672 ], [ 38.359225874914436, 12.91189904805503 ], [ 38.367220343165016, 12.906570057326173 ], [ 38.369994865546204, 12.901706108928254 ], [ 38.366871849477668, 12.89768522593071 ], [ 38.370521827274743, 12.893658049992831 ], [ 38.388114722873652, 12.893501630892787 ], [ 38.384126010774374, 12.900412630983931 ], [ 38.385267081882105, 12.906190375060746 ], [ 38.382488622528498, 12.91170891677902 ], [ 38.386059753767192, 12.916173342523003 ], [ 38.387646912429993, 12.923158396154353 ], [ 38.39108826943049, 12.92826893287485 ], [ 38.384019143467405, 12.933513525257828 ], [ 38.377739308420423, 12.935166922600104 ], [ 38.372408040127411, 12.939311241923001 ], [ 38.365583750528124, 12.953916632736791 ], [ 38.360651588214758, 12.950633197150992 ], [ 38.356786028437234, 12.945791889888255 ], [ 38.352256974817038, 12.944659640873871 ], [ 38.348789253800852, 12.951481199598375 ], [ 38.3427402432836, 12.947269744113603 ], [ 38.338561797928264, 12.952050715923949 ], [ 38.335824255338089, 12.957449101471274 ], [ 38.338050726206113, 12.968599458342966 ], [ 38.346602687842214, 12.976121089246348 ], [ 38.34899142700904, 12.983079974128971 ], [ 38.342139461403889, 12.987933687331276 ], [ 38.34234072536249, 13.000225038300735 ], [ 38.344800501527359, 13.006120514409044 ], [ 38.349696757487649, 13.011033059883276 ], [ 38.357507257164926, 13.014845181234055 ], [ 38.380054104075249, 13.014927730049216 ], [ 38.384977439157204, 13.017838497434459 ], [ 38.380206171414386, 13.024381913510826 ], [ 38.380579783854451, 13.050941172407054 ], [ 38.377707882572984, 13.059274223148979 ], [ 38.381831864135101, 13.063801556200676 ], [ 38.390429533967556, 13.064787166292968 ], [ 38.404786922087851, 13.061295374716263 ], [ 38.414863596493348, 13.044152287159497 ], [ 38.421381744190136, 13.038356869558895 ], [ 38.429077457749585, 13.0372807875936 ], [ 38.441180085570025, 13.041907310750409 ], [ 38.455956769111772, 13.043558073859799 ], [ 38.462431971767742, 13.046088313297846 ], [ 38.460926636765329, 13.052187463987618 ], [ 38.455728850076675, 13.056578452807742 ], [ 38.452038950107465, 13.062289317367727 ], [ 38.455046988333244, 13.06765233600858 ], [ 38.462830196002919, 13.067168636593035 ], [ 38.466026355193229, 13.072915377871247 ], [ 38.467595852427358, 13.080652425405283 ], [ 38.463370359965538, 13.089119883955949 ], [ 38.469604724507228, 13.090287831820135 ], [ 38.482230560882748, 13.086548697321131 ], [ 38.487860066163719, 13.089874660059879 ], [ 38.491490436880142, 13.102920975753371 ], [ 38.498722822280328, 13.114451185160565 ], [ 38.511573449083826, 13.109371253797184 ], [ 38.515213274252623, 13.113879627130288 ], [ 38.505807101455076, 13.128132960531532 ], [ 38.510818942636362, 13.132693784661271 ], [ 38.515853265116, 13.134432351540317 ], [ 38.517964692228382, 13.13928291967733 ], [ 38.518403923405522, 13.147004752019553 ], [ 38.514800193646103, 13.152839772839211 ], [ 38.515619396802315, 13.159732907061189 ], [ 38.520796463303142, 13.16730748727522 ], [ 38.530347301431803, 13.176719613776175 ], [ 38.537607812632871, 13.188555435417944 ], [ 38.5517254455469, 13.18793943900444 ], [ 38.559630795078412, 13.199349721676993 ], [ 38.558421392960589, 13.21861082114243 ], [ 38.56128322376324, 13.2305464406878 ], [ 38.558632503487026, 13.238683924177916 ], [ 38.553173939974428, 13.247352505860208 ], [ 38.556091288540344, 13.261697459331101 ], [ 38.56240449476882, 13.265303024187469 ], [ 38.626849948427761, 13.268680556584336 ], [ 38.632790128965631, 13.270129017174337 ], [ 38.644744196277159, 13.266501459049271 ], [ 38.660687976794442, 13.265196465115169 ], [ 38.681500968103883, 13.28377299341715 ], [ 38.691378272737936, 13.289199276119447 ], [ 38.70117397830235, 13.290498682013439 ], [ 38.713696191448577, 13.287538728842458 ], [ 38.71981849792293, 13.288459732922034 ], [ 38.727161725933719, 13.290995799352235 ], [ 38.733936921901943, 13.29131564298995 ], [ 38.740135008895749, 13.297116217122795 ], [ 38.736004604653445, 13.303024604820409 ], [ 38.741886266894774, 13.308112035723004 ], [ 38.739004218286439, 13.3130139891336 ], [ 38.73778055935361, 13.330983199818075 ], [ 38.742569326096991, 13.334216067968418 ], [ 38.742663515745036, 13.340501698130195 ], [ 38.734512161485945, 13.350433940587594 ], [ 38.731044737862717, 13.366069224575998 ], [ 38.738094275837277, 13.378364743868664 ], [ 38.734105582477518, 13.38481267373718 ], [ 38.733983682320364, 13.399475524234408 ], [ 38.722715926828478, 13.408714144243781 ], [ 38.719580297408584, 13.403513829095809 ], [ 38.706535828533461, 13.389964083711465 ], [ 38.696841548299012, 13.389644926209561 ], [ 38.669983048039491, 13.392525108787048 ], [ 38.649488992742754, 13.397186096018364 ], [ 38.633182495027498, 13.40481729894281 ], [ 38.623219746651593, 13.411890726051093 ], [ 38.618700912486261, 13.428992604920778 ], [ 38.616636779665598, 13.452061203691027 ], [ 38.634129918625192, 13.47336974556192 ], [ 38.649029596558677, 13.482035256711487 ], [ 38.662154651483085, 13.48538398220934 ], [ 38.677280302319019, 13.484097624799283 ], [ 38.674104666436804, 13.492506111648892 ], [ 38.676804932582712, 13.498274480304046 ], [ 38.673342193748631, 13.509861488513744 ], [ 38.663000084925862, 13.531834822656934 ], [ 38.636835178979346, 13.506920351179771 ], [ 38.623315783640706, 13.496035586343583 ], [ 38.614893828096079, 13.491343824239044 ], [ 38.606237546867085, 13.491348292833264 ], [ 38.590960528608541, 13.506779761902518 ], [ 38.580414053773978, 13.504121010865335 ], [ 38.57382927789633, 13.498363658137674 ], [ 38.568319873460482, 13.487109995249314 ], [ 38.562922862566595, 13.483987466268474 ], [ 38.545957874696526, 13.484048074586623 ], [ 38.535090300927102, 13.482468533388577 ], [ 38.512588840369119, 13.473570198422644 ], [ 38.485002023419788, 13.470396154909388 ], [ 38.461836285232998, 13.460221683276425 ], [ 38.469865626261942, 13.476087933665841 ], [ 38.466331054553635, 13.480377422464144 ], [ 38.468248146189993, 13.485559964994945 ], [ 38.499102706394616, 13.485113305827952 ], [ 38.49150439206241, 13.496434875841132 ], [ 38.49765064668285, 13.507445389465271 ], [ 38.503771523250087, 13.512201606573264 ], [ 38.509466351222557, 13.511853932068814 ], [ 38.523018952032487, 13.518086805685135 ], [ 38.533465261969404, 13.519340461611705 ], [ 38.543306095838787, 13.526456450995589 ], [ 38.551537918265495, 13.538549857460231 ], [ 38.554793599548688, 13.550960269917722 ], [ 38.550098480467732, 13.553221607896758 ], [ 38.533261499812056, 13.553945659155582 ], [ 38.502296138683391, 13.558510975801381 ], [ 38.490698804805895, 13.558664040619124 ], [ 38.478465661758342, 13.552997109380145 ], [ 38.474319993513625, 13.557905548842545 ], [ 38.473696356938042, 13.564763632013065 ], [ 38.466060161037177, 13.568295879693965 ], [ 38.459363246804813, 13.560471428904933 ], [ 38.454467751951377, 13.557598042074641 ], [ 38.443638749342213, 13.561191854250753 ], [ 38.444116536612412, 13.569591415859561 ], [ 38.451883870452889, 13.58524902081081 ], [ 38.441650740572399, 13.585054939984975 ], [ 38.433547639367326, 13.580344564920278 ], [ 38.427279267210452, 13.571986923813631 ], [ 38.42464758751381, 13.561953201541311 ], [ 38.407352267968811, 13.540064694133132 ], [ 38.400228064130332, 13.540332219182044 ], [ 38.400138851685362, 13.546138721572259 ], [ 38.392077924194808, 13.554008100051504 ], [ 38.386415747606392, 13.552237790273459 ], [ 38.380683075864717, 13.545130353801319 ], [ 38.366339670838997, 13.552816374348312 ], [ 38.360794017086924, 13.553656839219277 ], [ 38.350279639083219, 13.543064983268149 ], [ 38.342039367917728, 13.538296780558435 ], [ 38.328725486733866, 13.550978114719534 ], [ 38.325897689588075, 13.543963651525207 ], [ 38.326873239922527, 13.535056825758334 ], [ 38.320883492328356, 13.524505145029568 ], [ 38.323880647491976, 13.510221974876734 ], [ 38.320698504237292, 13.502808964930733 ], [ 38.279758205616247, 13.486177661612365 ], [ 38.268514895903863, 13.488459539851599 ], [ 38.259982637991776, 13.486861733345865 ], [ 38.250624435819141, 13.496823940270026 ], [ 38.248798393560804, 13.502319931445808 ], [ 38.243968247026331, 13.497391935450354 ], [ 38.228166809072427, 13.489873469547536 ], [ 38.22102453112042, 13.489912727432912 ], [ 38.212158633105027, 13.487504116642167 ], [ 38.201736910501324, 13.480797634976982 ], [ 38.189290578138639, 13.485020854911602 ], [ 38.174558963548947, 13.494102172347874 ], [ 38.159352700576733, 13.483507930368312 ], [ 38.15603656126266, 13.477195492681549 ], [ 38.146030737991083, 13.472338724012097 ], [ 38.136126498722625, 13.479347188477636 ], [ 38.130744717043306, 13.485398204597507 ], [ 38.129190390025272, 13.492966066723531 ], [ 38.125151811278499, 13.498625107670133 ], [ 38.121828371533546, 13.506961715703497 ], [ 38.116159275624199, 13.494920983967658 ], [ 38.083723011562078, 13.484333602086505 ], [ 38.071528441475714, 13.47705213793118 ], [ 38.066749934861271, 13.471863280635365 ], [ 38.060277052917037, 13.467852665364994 ], [ 38.052832008116191, 13.468593900290589 ], [ 38.046439155374024, 13.480771148773849 ], [ 38.037760770936437, 13.483465274308708 ], [ 38.030683964893548, 13.483416523992524 ], [ 38.025255494066336, 13.486309644495318 ], [ 38.021564689914619, 13.481916712005628 ], [ 38.015753842033497, 13.487174869954938 ], [ 38.008938954754868, 13.501487117563878 ], [ 38.002014255576313, 13.501755639062358 ], [ 37.969223001752113, 13.49435273514516 ], [ 37.963339303132926, 13.49027074709902 ], [ 37.947320872301404, 13.467076324347165 ], [ 37.904933936955345, 13.447711982696569 ], [ 37.888025380474915, 13.454032613707286 ], [ 37.875979413872606, 13.468366925963331 ], [ 37.867231902806708, 13.47578801950324 ], [ 37.817736084703427, 13.463837463795944 ], [ 37.812754205074803, 13.480332911624329 ], [ 37.809836525960151, 13.519751143831117 ], [ 37.793489503206658, 13.521271708918563 ], [ 37.785770322787037, 13.539884577490442 ], [ 37.769854471783702, 13.563252652656772 ], [ 37.774697015176081, 13.574999235846823 ], [ 37.784979689130076, 13.588370831055796 ], [ 37.785475732483285, 13.597964668237497 ], [ 37.775595424484735, 13.612303500618331 ], [ 37.776897166696763, 13.634150629135581 ], [ 37.770228523814986, 13.62858682649083 ], [ 37.76519866500368, 13.619021418077343 ], [ 37.76591845404073, 13.602829555902424 ], [ 37.761573620231076, 13.597195065405142 ], [ 37.760755717217869, 13.591649388056927 ], [ 37.754747945061901, 13.591814994533806 ], [ 37.746647138606576, 13.578750048984071 ], [ 37.7469677506271, 13.571601966784836 ], [ 37.736570931386744, 13.572706624855122 ], [ 37.727855872769553, 13.564075707268204 ], [ 37.725308185057997, 13.555177823437532 ], [ 37.720971477166657, 13.546884005484456 ], [ 37.715254049906846, 13.542668327975996 ], [ 37.716317250821845, 13.535183111075288 ], [ 37.710445848717534, 13.530852434911074 ], [ 37.708703438754945, 13.521873728758441 ], [ 37.701372312453472, 13.504019274078773 ], [ 37.699567330813217, 13.496069775645415 ], [ 37.695718971749237, 13.489000590403524 ], [ 37.691724494552943, 13.485349175851352 ], [ 37.694970238339302, 13.47308831913849 ], [ 37.686210311494897, 13.465913221864902 ], [ 37.68415971550489, 13.460411205206267 ], [ 37.679808566979858, 13.457129512877112 ], [ 37.677621631278029, 13.451351020606209 ], [ 37.666550613144018, 13.447080455524985 ], [ 37.66303848258206, 13.44279034429721 ], [ 37.657390812925776, 13.442037776950542 ], [ 37.656526493965956, 13.435425014721613 ], [ 37.63792356443966, 13.414562165645391 ], [ 37.626196017830694, 13.40883714510416 ], [ 37.618391683625532, 13.40857869791234 ], [ 37.611831996458015, 13.411747451126304 ], [ 37.605326579084732, 13.409604542503551 ], [ 37.590993015656146, 13.398265602214064 ], [ 37.583111519309242, 13.397680034364717 ], [ 37.567996978036824, 13.388823302423884 ], [ 37.562339281480519, 13.387792875889572 ], [ 37.558009574723194, 13.390962264836485 ], [ 37.552825412752796, 13.389273036784752 ], [ 37.532649465400695, 13.378288243674785 ], [ 37.5267552878936, 13.371924002988568 ], [ 37.51860396860291, 13.367146011883538 ], [ 37.511465770935608, 13.366616801390812 ], [ 37.503593789001698, 13.3685219868115 ], [ 37.495707357045291, 13.368456491317499 ], [ 37.490904770744791, 13.36388082875103 ], [ 37.483665732122105, 13.364926949925913 ], [ 37.477361570048579, 13.36837936047988 ], [ 37.472297250126836, 13.367607957957382 ], [ 37.462803790829803, 13.360189250012336 ], [ 37.450971964809753, 13.355540820762853 ], [ 37.441327480078719, 13.354766657811647 ], [ 37.438433869278434, 13.358927907894593 ], [ 37.432158732375257, 13.360209177548416 ], [ 37.425703530267803, 13.36421603402731 ], [ 37.420403081886086, 13.368829601493079 ], [ 37.416637802967337, 13.374639150309861 ], [ 37.410328606118973, 13.370807137686821 ], [ 37.403858819467068, 13.362416320712743 ], [ 37.396638498533839, 13.358449156067394 ], [ 37.389477807222818, 13.356977592363181 ], [ 37.3660618454686, 13.360522964864469 ], [ 37.359790744923828, 13.358153705203486 ], [ 37.356203943142276, 13.352015197059602 ], [ 37.3527248566525, 13.343297469314185 ], [ 37.353325052483193, 13.33502771687407 ], [ 37.351229239959174, 13.327406739627273 ], [ 37.345145653585853, 13.325103758182932 ], [ 37.33979934570808, 13.319228463477202 ], [ 37.336277708196761, 13.311105443967097 ], [ 37.322646006617006, 13.297855140937452 ], [ 37.31356248755317, 13.298209797257927 ], [ 37.281464968178234, 13.285622656165677 ], [ 37.276676748433538, 13.289041211226323 ], [ 37.264661713401807, 13.290723789168229 ], [ 37.256694151200428, 13.295648767826908 ], [ 37.251334328484532, 13.295671910502772 ], [ 37.247038697312227, 13.292867740399899 ], [ 37.242223113514008, 13.284064207196975 ], [ 37.240569245736403, 13.277610141440844 ], [ 37.225215297173222, 13.275410314591117 ], [ 37.214947875840608, 13.266521724034673 ], [ 37.211864019217309, 13.260069179269747 ], [ 37.205525074389506, 13.256393785549214 ], [ 37.186542242287885, 13.283229289445249 ], [ 37.176269761655128, 13.289172805399708 ], [ 37.164341273617858, 13.293235967454102 ], [ 37.158561226478142, 13.298484598860295 ], [ 37.151128453005271, 13.301439104430298 ], [ 37.128331574223829, 13.305788264043018 ], [ 37.116497399943263, 13.31228423622111 ], [ 37.099551599601526, 13.317033244633031 ], [ 37.08467805394794, 13.315383083342788 ], [ 37.079187298368076, 13.312492657759673 ], [ 37.077191459043604, 13.31867738978425 ], [ 37.070078519626257, 13.318116902481115 ], [ 37.066366853219492, 13.330535283733647 ], [ 37.053337872246267, 13.33362725427245 ], [ 37.040506092360729, 13.351707281244586 ], [ 37.035767967494188, 13.353937776008445 ], [ 37.026114510751185, 13.355309291493066 ], [ 37.013828736363578, 13.361186704861526 ], [ 37.00265878043728, 13.357357167994413 ], [ 36.997581299460066, 13.359676460904856 ], [ 36.982874716971878, 13.361997132897796 ], [ 36.976997699725665, 13.365400221535349 ], [ 36.971241993883154, 13.366031200374852 ], [ 36.965298708775002, 13.370307731485848 ], [ 36.9606231963364, 13.36792459494893 ], [ 36.957700770866687, 13.363051259679796 ], [ 36.952393018855602, 13.365461499773723 ], [ 36.94688790195066, 13.370468044533498 ], [ 36.939397993135174, 13.38065518981321 ], [ 36.930482972871474, 13.372800439271291 ], [ 36.927753345847144, 13.378273178494544 ], [ 36.920001866185615, 13.377495923938364 ], [ 36.916248728692686, 13.383430298031591 ], [ 36.909799165432148, 13.38513718687522 ], [ 36.905945668377377, 13.388823016983473 ], [ 36.904675174246513, 13.395235910449477 ], [ 36.896349648241724, 13.407582936904101 ], [ 36.881987113900848, 13.408153035740801 ], [ 36.874622201695907, 13.413875020309261 ], [ 36.871966980789956, 13.419716355281432 ], [ 36.861560540923449, 13.426097193914007 ], [ 36.85497866973477, 13.432106160210516 ], [ 36.845491269352671, 13.436033287460452 ], [ 36.844504932243289, 13.441606596747208 ], [ 36.838723767343964, 13.445305891388045 ], [ 36.825597873982424, 13.448912537874955 ], [ 36.817955268323601, 13.447195807146802 ], [ 36.813353028020344, 13.435823122808845 ], [ 36.809429609082045, 13.419168819949332 ], [ 36.803331488657285, 13.414057951227782 ], [ 36.789244303989413, 13.408299280027059 ], [ 36.784026654993902, 13.403556828561582 ], [ 36.773207820924064, 13.389595563315059 ], [ 36.771255926255058, 13.382560540631175 ], [ 36.7677500927729, 13.378800603897156 ], [ 36.762987195150288, 13.374817199950172 ], [ 36.750226536243218, 13.372095154580448 ], [ 36.745595546116654, 13.367666526573666 ], [ 36.735465441569822, 13.363746329983009 ], [ 36.732186472680773, 13.36940265290308 ], [ 36.722781845834817, 13.367252014408788 ], [ 36.715573780520799, 13.367765451293778 ], [ 36.706200745375277, 13.372738847576061 ], [ 36.685905561765423, 13.375458214846457 ], [ 36.673237850873193, 13.36940441931573 ], [ 36.665399510123017, 13.367238997482962 ], [ 36.6569534489878, 13.369724042957538 ], [ 36.649929834908932, 13.380863935863132 ], [ 36.644685671454155, 13.378747044472185 ], [ 36.636583050592158, 13.383124128731755 ], [ 36.628884437301316, 13.382547966454895 ], [ 36.610299207942298, 13.375886258755076 ], [ 36.605610371598722, 13.378300488098411 ], [ 36.602823947318882, 13.382753001047798 ], [ 36.593454295021957, 13.38968782319478 ], [ 36.589480030805582, 13.403453533165241 ], [ 36.580114053543447, 13.412272507702824 ], [ 36.57710600417429, 13.418240243991184 ], [ 36.570313008625966, 13.425937678298771 ], [ 36.567223954890018, 13.446868169836378 ], [ 36.571753357180661, 13.450398545769195 ], [ 36.573683151505151, 13.45684227105686 ], [ 36.571754134343301, 13.46753105831422 ], [ 36.575112615602741, 13.478528908360333 ], [ 36.579579333505144, 13.482855388246048 ], [ 36.597247924291544, 13.489792350787551 ], [ 36.601925871642798, 13.499088397927721 ], [ 36.598905292250869, 13.505397773994666 ], [ 36.580466306860117, 13.520988406715913 ], [ 36.573230157514601, 13.522910908992193 ], [ 36.565514011204293, 13.533661199350343 ], [ 36.56731084105806, 13.539793697076693 ], [ 36.564831263747678, 13.548078086574828 ], [ 36.559302594191116, 13.552206262777734 ], [ 36.562530850380064, 13.55616729444896 ], [ 36.561075547853598, 13.563998755284691 ], [ 36.555494546239942, 13.571938333651218 ], [ 36.540739649811208, 13.576164301456622 ], [ 36.538638561984129, 13.582616493531464 ], [ 36.53235165395369, 13.58232872394913 ], [ 36.520357506522352, 13.586167675157132 ], [ 36.526875975881616, 13.607141470536401 ], [ 36.5136174812448, 13.631956692306668 ], [ 36.510960762969873, 13.650278153929449 ], [ 36.506614150337207, 13.653107439903176 ], [ 36.505193019148521, 13.665783706334068 ], [ 36.499243011323038, 13.666366858196268 ], [ 36.495006410072989, 13.670564026711405 ], [ 36.483216171797501, 13.689218014474955 ], [ 36.478465059314338, 13.694097628144272 ], [ 36.476597213002833, 13.70106788203204 ], [ 36.479391594275093, 13.705422354990279 ], [ 36.478578504436975, 13.721468245539484 ], [ 36.484637244472303, 13.727748745355566 ], [ 36.481475080249609, 13.735377180960327 ], [ 36.468433155919783, 13.743791503114975 ], [ 36.456250077212438, 13.755000803134708 ], [ 36.451977916927319, 13.769344829082145 ], [ 36.446296028870606, 13.764710334613701 ], [ 36.439897700963407, 13.742337766267568 ], [ 36.403225006365318, 13.644012310714798 ], [ 36.400247820413107, 13.62793419113463 ], [ 36.384552490001148, 13.567893872543165 ], [ 36.382148452952862, 13.545896585979094 ], [ 36.37854563474982, 13.538486401726336 ], [ 36.365084153862732, 13.525303847533932 ], [ 36.350766580023475, 13.500702767193587 ], [ 36.311432470378286, 13.426943501724791 ], [ 36.288802569327991, 13.388457148260905 ], [ 36.278800643701544, 13.366689803479311 ], [ 36.260916714297366, 13.298608938995432 ], [ 36.257843521613658, 13.281192937460281 ], [ 36.238103555399704, 13.215707782648364 ], [ 36.199545580365147, 13.070410695906094 ], [ 36.180149655760864, 13.008741754762559 ], [ 36.176867532866638, 13.004176128494418 ], [ 36.168599814796856, 12.979353288529419 ], [ 36.157948494326938, 12.963652268102592 ], [ 36.158183874859105, 12.955982670222568 ], [ 36.153601989360823, 12.941137461329941 ], [ 36.153841123877186, 12.934077895236046 ], [ 36.158014015217439, 12.922347539688317 ], [ 36.161881346722232, 12.916419524235206 ], [ 36.179822517460153, 12.896377304362424 ], [ 36.181835953207468, 12.874143524233544 ], [ 36.176490932891298, 12.808856124644114 ], [ 36.176824775015838, 12.778345228925657 ], [ 36.169927365834205, 12.741194438796626 ], [ 36.157130801375992, 12.707217659277527 ], [ 36.156467488786774, 12.699360583859509 ], [ 36.158053970935924, 12.68736485068772 ], [ 36.152507534374763, 12.683274979560153 ], [ 36.108739425382737, 12.686600258513653 ], [ 36.106430250704705, 12.697652493351617 ], [ 36.102523170989386, 12.704243950780928 ], [ 36.097266540877861, 12.708928078020877 ], [ 36.073569897947429, 12.719676784264459 ], [ 36.059916511550924, 12.722966574508227 ], [ 36.051880772222255, 12.722778132423096 ], [ 36.034434481971118, 12.718350102248762 ], [ 36.015755686909607, 12.719949062451505 ], [ 36.009030980235821, 12.718480473050208 ], [ 36.003320989155128, 12.714483294257292 ], [ 36.002379530941042, 12.708909574896008 ], [ 35.773166344568146, 12.661273152948132 ], [ 35.771215311361729, 12.666054421907477 ], [ 35.76247940416669, 12.669674157904314 ], [ 35.748501928357094, 12.658048220109992 ], [ 35.73696909532152, 12.659879247151878 ], [ 35.729789755329364, 12.66756183727048 ], [ 35.721823536629827, 12.671031914247243 ], [ 35.699625530122191, 12.668474577949327 ], [ 35.685987024677821, 12.649417272867758 ], [ 35.691045873596131, 12.63951934114791 ], [ 35.692438124576114, 12.631889068998074 ], [ 35.691613812596565, 12.62468010515677 ], [ 35.684472276286137, 12.610479601950669 ], [ 35.667084713819868, 12.601671941260873 ], [ 35.661371040642734, 12.601019025751233 ], [ 35.648266177208711, 12.605926672177308 ], [ 35.430535015487905, 12.237162733481924 ], [ 35.43474345861344, 12.234243962625037 ], [ 35.439042558569625, 12.228536430047878 ], [ 35.441950109197897, 12.221306701552459 ], [ 35.443305105416044, 12.212430288000993 ], [ 35.44229004236508, 12.205745364477007 ], [ 35.438418390096132, 12.198043791282775 ], [ 35.434149233470066, 12.191923584921133 ], [ 35.424374915359991, 12.186123627632005 ], [ 35.410249238580924, 12.184511332582174 ], [ 35.401439738149584, 12.186529701062307 ], [ 35.332638289023279, 12.067530705824355 ], [ 35.337958761565773, 12.063609016269641 ], [ 35.340997827145308, 12.05849977265272 ], [ 35.343976864716993, 12.047983825783717 ], [ 35.344408816312153, 12.035318408390577 ], [ 35.340530648244346, 12.024171880771037 ], [ 35.336467006227359, 12.019600790606741 ], [ 35.324029860856619, 12.013871839024187 ], [ 35.308479236496431, 12.016824099458846 ], [ 35.303172889938672, 12.016306491556383 ], [ 35.276115863198299, 11.940826762040965 ], [ 35.257874448767652, 11.93503840961656 ], [ 35.27607033188189, 11.905065524816846 ], [ 35.285117378377393, 11.885320636807393 ], [ 35.28811661654975, 11.870915935211036 ], [ 35.288422929676734, 11.856703640584527 ], [ 35.285465167384523, 11.847309630082966 ], [ 35.288857766991811, 11.830696109003837 ], [ 35.297461200088726, 11.820275661840556 ], [ 35.29827191799324, 11.807985254534074 ], [ 35.296700292349072, 11.79996179202853 ], [ 35.304038175629401, 11.803618845542609 ], [ 35.314432532821044, 11.793044804708092 ], [ 35.326481522140512, 11.795294386245335 ], [ 35.335746082809656, 11.782768979163585 ], [ 35.338212733424854, 11.773841301786081 ], [ 35.36454175381305, 11.753797804524435 ], [ 35.395448260512708, 11.747020696185743 ], [ 35.422559179665932, 11.730213690868553 ], [ 35.441807990989744, 11.730755759990735 ], [ 35.462412372852761, 11.735906162308915 ], [ 35.474070107478056, 11.736990423380901 ], [ 35.517718726890976, 11.718827949015319 ], [ 35.535340929279059, 11.730484252291179 ], [ 35.577363153580777, 11.768163999808134 ], [ 35.590647569452209, 11.773856591143442 ], [ 35.624265218034026, 11.776567222286916 ], [ 35.64568293149258, 11.782259774609432 ], [ 35.662491807075881, 11.794187159501362 ], [ 35.667371943674333, 11.82671658274152 ], [ 35.684021162484363, 11.826186988188471 ], [ 35.695171469447246, 11.832133066299454 ], [ 35.706321704851007, 11.823213818996201 ], [ 35.72044542336517, 11.829903147905723 ], [ 35.737542534022609, 11.833619398087883 ], [ 35.756869675861232, 11.832132773690704 ], [ 35.763559871572532, 11.838078872517235 ], [ 35.774710131340328, 11.83436248800983 ], [ 35.804444228291459, 11.838821944060305 ], [ 35.815594458727972, 11.829159430623106 ], [ 35.823771321615261, 11.827672858859819 ], [ 35.849045350139889, 11.841051529871455 ], [ 35.860939026883997, 11.850713933427601 ], [ 35.869115945317802, 11.86037635391763 ], [ 35.871346026619861, 11.865579207211367 ], [ 35.875205272284411, 11.886738256731405 ], [ 35.8884432482945, 11.891593441122419 ], [ 35.912075970045976, 11.90634161510931 ], [ 35.918513691833375, 11.90575640360378 ], [ 35.925536700696867, 11.913363712311607 ], [ 35.937241694569572, 11.921556178435234 ], [ 35.943679498089388, 11.93735601282069 ], [ 35.940753349288308, 11.955204023597314 ], [ 35.934023029411264, 11.960763268280706 ], [ 35.936071426811523, 11.966907650645899 ], [ 35.940168181371789, 11.971003892503289 ], [ 35.966599898586459, 11.985376722521396 ], [ 35.96180952958025, 12.000999606424967 ], [ 35.966678265955096, 12.005072977626257 ], [ 35.972050654448786, 12.004423726473602 ], [ 35.999973764919943, 12.012555974781957 ], [ 36.008301852523147, 12.011351087066458 ], [ 36.020672894179775, 12.017128979668996 ], [ 36.026262832150422, 12.021790801740607 ], [ 36.032534332498656, 12.01857821401153 ], [ 36.041238251096772, 12.017840567456478 ], [ 36.050999565049999, 12.023459036701718 ], [ 36.057562078972495, 12.021129870813533 ], [ 36.059026319654201, 12.027144179977231 ], [ 36.053442680224975, 12.031891966867182 ], [ 36.054067730132488, 12.038040168795282 ], [ 36.057410534030502, 12.045791086729277 ], [ 36.064943353374538, 12.048719797855252 ], [ 36.070667239892842, 12.042629792023343 ], [ 36.080267159951411, 12.037323700655749 ], [ 36.083813057245976, 12.029487856116576 ], [ 36.087279138295912, 12.025415189108205 ], [ 36.092933818586395, 12.028278914713493 ], [ 36.101250568778021, 12.029688752207507 ], [ 36.110431314659458, 12.025101601229677 ], [ 36.129275447235663, 12.008547429761414 ], [ 36.137103780562178, 12.012616541594891 ], [ 36.141249799410708, 12.008904173180206 ], [ 36.146428790278918, 12.009956722937094 ], [ 36.170487753761662, 12.002230467274886 ], [ 36.175697878228625, 12.006516623579955 ], [ 36.187420835580269, 11.999666603602163 ], [ 36.194401902623945, 12.002256021352354 ], [ 36.202563755782919, 12.000104915051494 ], [ 36.209695777592493, 12.004392719044061 ], [ 36.216812050298465, 12.000796409518799 ], [ 36.226369171359067, 12.002380225285213 ], [ 36.252744787428021, 12.020817591338286 ], [ 36.25976166829124, 12.022746770945151 ], [ 36.280176190652533, 12.024509718944614 ], [ 36.28210349663275, 12.032418362764986 ], [ 36.294872618782954, 12.040315757675931 ], [ 36.323695018950367, 12.046951366194277 ], [ 36.331484981070659, 12.045408645198602 ], [ 36.337170555642679, 12.047168565545238 ], [ 36.342193096679267, 12.050838099557501 ], [ 36.348489858043536, 12.050465406533977 ], [ 36.355307244596119, 12.045852808618104 ], [ 36.367446619859933, 12.03396573456002 ], [ 36.380890158134271, 12.036777189611925 ], [ 36.383718319558625, 12.029143379087929 ], [ 36.410318026469952, 12.016163110940491 ], [ 36.433397165794062, 12.009844286733141 ], [ 36.438532546591851, 12.006345812419966 ], [ 36.446010342760488, 12.005456267234742 ], [ 36.453346830735519, 12.002109601158322 ], [ 36.475340318022319, 11.996833442503108 ], [ 36.48423504189229, 11.990211717875374 ], [ 36.5092930901248, 11.987512822042602 ], [ 36.514610249821708, 11.988465379173888 ], [ 36.52597513608081, 11.981015331395934 ], [ 36.538030534854421, 11.976649609744181 ], [ 36.545495696360724, 11.966096480810069 ], [ 36.549236827861471, 11.970536079674739 ], [ 36.588056891518789, 11.958429922656283 ], [ 36.622712246661166, 11.929953198603759 ], [ 36.623162807353346, 11.923359931854664 ], [ 36.627645390780373, 11.916796450252461 ], [ 36.62844764281818, 11.910479848245291 ], [ 36.616351449849169, 11.908918378287352 ], [ 36.61007978326343, 11.911719710957398 ], [ 36.606454818700719, 11.906849940460726 ], [ 36.609809575551047, 11.881782334741466 ], [ 36.600685604290774, 11.882008695732951 ], [ 36.585599902438901, 11.879280258109585 ], [ 36.599234170041775, 11.823363344204065 ], [ 36.599340581604196, 11.810399771132182 ], [ 36.594722097955319, 11.794778500143323 ], [ 36.591720857006344, 11.789209745291656 ], [ 36.581496931811891, 11.785016338053008 ], [ 36.584005575941191, 11.778130990379934 ], [ 36.598444012551603, 11.753010885401709 ], [ 36.612390560523721, 11.742261267725201 ], [ 36.63314237930274, 11.717147405767646 ], [ 36.640408509404779, 11.716109933273049 ], [ 36.646457745968974, 11.717759242374761 ], [ 36.66163211615941, 11.726847398635275 ], [ 36.66303913011275, 11.717780188651517 ], [ 36.663149796626406, 11.695828750716464 ], [ 36.662528849885227, 11.688016206260718 ], [ 36.659419724419493, 11.681162924574567 ], [ 36.66194130478884, 11.672065253759781 ], [ 36.662020826828225, 11.665202513119024 ], [ 36.654488317498306, 11.651035507946846 ], [ 36.654532618943122, 11.642601086771121 ] ] ] } },
{ "type": "Feature", "properties": { "shapeName": "North Shewa(R3)", "shapeISO": "", "shapeID": "57463737B29739464578805", "shapeGroup": "ETH", "shapeType": "ADM2" }, "geometry": { "type": "Polygon", "coordinates": [ [ [ 39.818282932579201, 9.137344208658289 ], [ 39.816085951500632, 9.155178638720441 ], [ 39.817086497833877, 9.162606595298405 ], [ 39.813875557467675, 9.172137328999909 ], [ 39.836980406097396, 9.189324821231098 ], [ 39.848630312650734, 9.202535123855149 ], [ 39.854367942500964, 9.211836035899735 ], [ 39.866153391524513, 9.220575715730183 ], [ 39.87389345728262, 9.22831427236269 ], [ 39.874092195715271, 9.234597654781799 ], [ 39.863818822966252, 9.243283133862402 ], [ 39.857868841699961, 9.271092253062609 ], [ 39.886853123017225, 9.270377530745776 ], [ 39.860861913609355, 9.308141098334184 ], [ 39.844999521310733, 9.315196980002836 ], [ 39.834720340461764, 9.315768129046537 ], [ 39.817575639543058, 9.308682528308227 ], [ 39.790003277507971, 9.305234887369789 ], [ 39.774434239441867, 9.325287416289292 ], [ 39.771109562142527, 9.333867803875963 ], [ 39.754851077219065, 9.355711609561563 ], [ 39.751569022815275, 9.361935072887491 ], [ 39.750687677862409, 9.370224673251435 ], [ 39.792341147729061, 9.370829072372851 ], [ 39.786054743136766, 9.396614392943091 ], [ 39.800662201397841, 9.400683985918732 ], [ 39.808085193721219, 9.413846661505373 ], [ 39.822318834543026, 9.418445441485961 ], [ 39.873755924674988, 9.398770393628842 ], [ 39.87951008709171, 9.401417202851128 ], [ 39.875271906162567, 9.408757808884388 ], [ 39.87227655789335, 9.44260951129562 ], [ 39.873961241137394, 9.447843503640319 ], [ 39.873390082513758, 9.460262736436801 ], [ 39.848694980082762, 9.482207274227376 ], [ 39.838389415128532, 9.502896832296679 ], [ 39.847962211538494, 9.511713265159509 ], [ 39.848775370170344, 9.526205073376167 ], [ 39.858188294791091, 9.548078554459195 ], [ 39.857632233221771, 9.557491474334661 ], [ 39.84844252804929, 9.565284357426476 ], [ 39.878011254422788, 9.577560483357921 ], [ 39.878735381207143, 9.583954856660638 ], [ 39.882344333826268, 9.594004822844402 ], [ 39.884660420168778, 9.611621346838453 ], [ 39.880192762536993, 9.625236789761175 ], [ 39.862462137064199, 9.652574562626619 ], [ 39.858527003904221, 9.65613606699497 ], [ 39.85078342546182, 9.688706756101872 ], [ 39.853542961685818, 9.699662224906788 ], [ 39.84931703077806, 9.709676562080928 ], [ 39.839991736081053, 9.724538081560191 ], [ 39.850638539918087, 9.749335024977418 ], [ 39.857444895446349, 9.753554709870226 ], [ 39.863005053315653, 9.754934554505438 ], [ 39.876665408705541, 9.753784586742739 ], [ 39.924586606763732, 9.741125452038707 ], [ 39.949807226994068, 9.732376095968215 ], [ 39.974397867439343, 9.730206161101631 ], [ 40.010237694960487, 9.7338336587223 ], [ 40.014634741272396, 9.738544186286518 ], [ 40.006782936897302, 9.741998632176124 ], [ 40.002700025637559, 9.748907462036748 ], [ 39.992021593394938, 9.757700547145637 ], [ 39.994296765432765, 9.764579299372159 ], [ 40.008941441675681, 9.782748851854024 ], [ 40.008507461197993, 9.789692349558836 ], [ 40.00532469430027, 9.796201893833102 ], [ 40.011893592795332, 9.819526280016429 ], [ 40.018358995196607, 9.820977377229813 ], [ 40.028666973924445, 9.830870804059129 ], [ 40.036075440944842, 9.843765834774862 ], [ 40.053539787919561, 9.843164597953502 ], [ 40.071562427864571, 9.858382534449232 ], [ 40.059299454193336, 9.865304316135799 ], [ 40.064428644649389, 9.903375057457012 ], [ 40.070248472022179, 9.90575950670522 ], [ 40.078694333295779, 9.906423572261343 ], [ 40.089712681156222, 9.935764500458697 ], [ 40.081292819018152, 9.949348501968506 ], [ 40.068141920486092, 9.961027203485427 ], [ 40.067085143028571, 9.967223718584526 ], [ 40.059774899579658, 9.978060649321964 ], [ 40.04402870470669, 9.991984732322896 ], [ 40.03282152574927, 9.995440910197475 ], [ 40.010676877670356, 9.992135124443616 ], [ 39.993278005950692, 9.994262885743348 ], [ 39.948221442119767, 9.994329112559107 ], [ 39.92360663555759, 10.011693740711932 ], [ 39.942487130886164, 10.044019837964957 ], [ 39.944312000710219, 10.06013838833608 ], [ 39.937652272446577, 10.063158295936265 ], [ 39.928141890613396, 10.090908409369712 ], [ 39.949039177893027, 10.085410346867162 ], [ 39.970037645964844, 10.085886003335439 ], [ 39.981046618091938, 10.088797813826961 ], [ 39.989819219135299, 10.08926095401579 ], [ 39.988041686230645, 10.097549366747335 ], [ 39.982366963260084, 10.10289106483161 ], [ 39.963872277300403, 10.1103697447491 ], [ 39.951694098260994, 10.103408626785985 ], [ 39.932250586415485, 10.108525974771625 ], [ 39.924314634233198, 10.111311938070664 ], [ 39.917474259534472, 10.115942993474428 ], [ 39.913765494975664, 10.121430911708396 ], [ 39.912733477568956, 10.132721983238367 ], [ 39.915957039737542, 10.14021758420327 ], [ 39.930154565309536, 10.149630125959009 ], [ 39.931438153788534, 10.160425212720577 ], [ 39.923869186316765, 10.166467409122632 ], [ 39.92325116987471, 10.17451847864052 ], [ 39.930880469849704, 10.189560923991792 ], [ 39.931902820083479, 10.198431997241446 ], [ 39.920971806598018, 10.21565159116513 ], [ 39.926981559118801, 10.225743481615549 ], [ 39.932935365451584, 10.231770877552053 ], [ 39.937748163745653, 10.234152892280365 ], [ 39.92263770080222, 10.271038475344408 ], [ 39.927465853382117, 10.277627473456478 ], [ 39.938031655047418, 10.285122285001219 ], [ 39.93219181820281, 10.288826266117221 ], [ 39.924130092182679, 10.289878038815068 ], [ 39.919560008803643, 10.293452714917317 ], [ 39.916825031985567, 10.300060969991341 ], [ 39.916277156214846, 10.306082579514209 ], [ 39.918978244728457, 10.312918929951511 ], [ 39.919856080552186, 10.322114338248159 ], [ 39.933209282919641, 10.330493283518653 ], [ 39.939422233089871, 10.332489953074933 ], [ 39.951729162831199, 10.325875569889204 ], [ 39.959121564404327, 10.325687958014912 ], [ 39.977221834102409, 10.335791958724741 ], [ 39.961940905054107, 10.34810896841436 ], [ 39.955916295624291, 10.351657790166449 ], [ 39.94282766961679, 10.355363151233782 ], [ 39.939204817158256, 10.359447823445668 ], [ 39.938787685390928, 10.377579626082722 ], [ 39.942810097189252, 10.398698765575348 ], [ 39.942189223085592, 10.421539417645208 ], [ 39.944258758203361, 10.433852214406675 ], [ 39.936288376467758, 10.436497658576011 ], [ 39.938263588700757, 10.45023909632466 ], [ 39.936774122956209, 10.459558834180765 ], [ 39.931326113216613, 10.467682199868811 ], [ 39.937328049378181, 10.480205830009833 ], [ 39.933364925598262, 10.485782156772062 ], [ 39.92602267632882, 10.508791170175222 ], [ 39.918456779937053, 10.507271170315665 ], [ 39.911894908231424, 10.507677319806277 ], [ 39.903521027400579, 10.516182158093956 ], [ 39.902063627416091, 10.522197727882352 ], [ 39.906327932645596, 10.526909279263545 ], [ 39.919927964280696, 10.532371954655064 ], [ 39.916006877903953, 10.544192293767386 ], [ 39.911443411135096, 10.547621782160777 ], [ 39.905428595529827, 10.549406339008366 ], [ 39.899292309310887, 10.554938287185658 ], [ 39.892217207006915, 10.556185653343388 ], [ 39.888533473914848, 10.552007091140315 ], [ 39.882791259164357, 10.549352468785461 ], [ 39.877812427130443, 10.553785459736838 ], [ 39.877128267168501, 10.560143432043942 ], [ 39.869191688424749, 10.583803250876725 ], [ 39.865972114482084, 10.598663908033412 ], [ 39.86951468063782, 10.611752851061008 ], [ 39.866188247027374, 10.615835774366346 ], [ 39.860380528990618, 10.616302036293405 ], [ 39.853052225795572, 10.623376058884125 ], [ 39.838885463163322, 10.624132973644363 ], [ 39.828541900823488, 10.645194854852065 ], [ 39.838777879704416, 10.658005346656552 ], [ 39.838914992070485, 10.663544915052217 ], [ 39.842889927020593, 10.667309619486328 ], [ 39.85398262464502, 10.672254749588724 ], [ 39.871034145621437, 10.674985811268089 ], [ 39.870671661269753, 10.682881432042791 ], [ 39.860725413644872, 10.687774019241663 ], [ 39.851545465993446, 10.684480905259335 ], [ 39.834958793121807, 10.68643849037211 ], [ 39.831646037991113, 10.682324375462311 ], [ 39.814564421342546, 10.695747014131388 ], [ 39.813035982042152, 10.718326783422809 ], [ 39.809646701502786, 10.725190721526326 ], [ 39.800287383751545, 10.732809741877301 ], [ 39.790547228381676, 10.735383619402647 ], [ 39.783758227555353, 10.734811973587965 ], [ 39.751738967136973, 10.716505974428943 ], [ 39.744014630393266, 10.714368295879272 ], [ 39.736117010825318, 10.718322015087477 ], [ 39.727687528506287, 10.714817526822223 ], [ 39.716014287069946, 10.69787830239328 ], [ 39.714392956206787, 10.692518214855259 ], [ 39.70194449043678, 10.694504122754012 ], [ 39.696048779026185, 10.700273097721386 ], [ 39.693286074769119, 10.709340572097476 ], [ 39.695641063348937, 10.724923514316107 ], [ 39.692356603442761, 10.730970536714945 ], [ 39.693777633348262, 10.744997014263463 ], [ 39.676619265055407, 10.744362506848619 ], [ 39.661827893949074, 10.737889397612008 ], [ 39.656398338088955, 10.73924047672198 ], [ 39.650336402352067, 10.735421849027473 ], [ 39.644859218818929, 10.729535400522005 ], [ 39.632092823869272, 10.720977230383413 ], [ 39.622913421539806, 10.711712100873452 ], [ 39.604276725468637, 10.704484096428683 ], [ 39.592712373534788, 10.697892995046667 ], [ 39.5880723994023, 10.680959517943226 ], [ 39.580635300457253, 10.6700023610702 ], [ 39.574546468752949, 10.669831828031082 ], [ 39.569953824920923, 10.666510897498222 ], [ 39.55474338041342, 10.660799488765939 ], [ 39.550829245499045, 10.655854447807343 ], [ 39.530557605639721, 10.640078123639348 ], [ 39.524109952310575, 10.643727671098247 ], [ 39.521008900570074, 10.649289197403327 ], [ 39.520053085941065, 10.656893531086057 ], [ 39.516260868512674, 10.665761435812536 ], [ 39.508159071004982, 10.669515684187106 ], [ 39.497567429783189, 10.677446844046914 ], [ 39.484450039650163, 10.671416450687321 ], [ 39.480062894515243, 10.666924872133178 ], [ 39.475735785320602, 10.625067342729869 ], [ 39.475183873017549, 10.599512352189546 ], [ 39.471527420894958, 10.581604205282833 ], [ 39.470779039102865, 10.562047186552439 ], [ 39.47219100993064, 10.550354211129438 ], [ 39.47549331637039, 10.544545456315278 ], [ 39.481880882055798, 10.540469030371531 ], [ 39.486300803736796, 10.53498848965824 ], [ 39.49011835967007, 10.526768694915564 ], [ 39.494286412505318, 10.516332593866494 ], [ 39.494604351417948, 10.504107422083337 ], [ 39.486503031973477, 10.486517271903386 ], [ 39.465548847762122, 10.465676729762391 ], [ 39.461450156102664, 10.451411013816577 ], [ 39.459625913626915, 10.436975299628715 ], [ 39.455598385510569, 10.43159079781233 ], [ 39.451056953478556, 10.421098000661178 ], [ 39.449466111314386, 10.412407027812119 ], [ 39.436448663450996, 10.395210619481446 ], [ 39.43879085737106, 10.388910663251639 ], [ 39.432552419784059, 10.370618813983976 ], [ 39.421887899000509, 10.358761088048476 ], [ 39.415024689319189, 10.354373013135632 ], [ 39.399165324825518, 10.33075302186481 ], [ 39.394803050355193, 10.334393959154696 ], [ 39.378455943303472, 10.323118809394709 ], [ 39.364406200394924, 10.302726688869704 ], [ 39.354886906319912, 10.29593599022977 ], [ 39.344067830546976, 10.290006423707386 ], [ 39.335388760635041, 10.289594756700893 ], [ 39.329709915821475, 10.285115683591487 ], [ 39.323975998918186, 10.282945156202512 ], [ 39.3197673536244, 10.277295178237463 ], [ 39.319424310632556, 10.271157722308486 ], [ 39.315142171441849, 10.266908121228349 ], [ 39.308771481239901, 10.2636154472013 ], [ 39.304776338570811, 10.257298026643197 ], [ 39.299139262024696, 10.252880447605197 ], [ 39.289203922725946, 10.227883043260443 ], [ 39.281749491025543, 10.216168785945596 ], [ 39.280415924213017, 10.210607284191081 ], [ 39.276544798260616, 10.206725981326731 ], [ 39.275086891953023, 10.200514871770537 ], [ 39.25576085668034, 10.185928031049666 ], [ 39.233740470802715, 10.175365648860987 ], [ 39.23016033223719, 10.167617134708401 ], [ 39.222846714788396, 10.167043108432653 ], [ 39.218891986721196, 10.160163404774915 ], [ 39.204328590229117, 10.159692190356372 ], [ 39.199131077881752, 10.164778168476841 ], [ 39.186319927531386, 10.173367327600326 ], [ 39.181950849772058, 10.1808404399248 ], [ 39.174298754166905, 10.181622304518353 ], [ 39.174796944160079, 10.187944350924926 ], [ 39.192143569654064, 10.216571729016591 ], [ 39.19415816949094, 10.225029471882424 ], [ 39.20232197999745, 10.241375983458374 ], [ 39.219022991946318, 10.252267682055248 ], [ 39.224965721752753, 10.265034772318261 ], [ 39.233146984826739, 10.272563563399171 ], [ 39.240296945342912, 10.275709497354994 ], [ 39.244913690768435, 10.282402131618761 ], [ 39.246228004989142, 10.302706830229843 ], [ 39.222169632020069, 10.308047738487087 ], [ 39.214105451609719, 10.292072942437111 ], [ 39.203456730432933, 10.281629213767129 ], [ 39.190012082572025, 10.284535037648716 ], [ 39.181327420363701, 10.288895399548398 ], [ 39.168870859388228, 10.301391362994123 ], [ 39.165983580700825, 10.318072039680859 ], [ 39.160357156660126, 10.324934258609126 ], [ 39.13626734274829, 10.33805340187681 ], [ 39.108874825478743, 10.331269325592997 ], [ 39.103272949175782, 10.323309154804658 ], [ 39.095935113146886, 10.32324903911425 ], [ 39.088456659358073, 10.336197472756343 ], [ 39.082169696784248, 10.341775620914525 ], [ 39.067995407169853, 10.346173951366037 ], [ 39.064274174147442, 10.352430141897395 ], [ 39.062650875963804, 10.367068065596083 ], [ 39.059683430968327, 10.373601476779749 ], [ 39.05502818725742, 10.377456146881693 ], [ 39.041031327588946, 10.374329862896467 ], [ 39.03129256171669, 10.374115933427545 ], [ 39.018087338771863, 10.368596907472254 ], [ 39.013248688715365, 10.359158399209697 ], [ 38.998095992600774, 10.343789146628474 ], [ 38.978373790997708, 10.331858292221664 ], [ 38.971531196213405, 10.330271368858611 ], [ 38.955960198677779, 10.335136222213354 ], [ 38.952993171767588, 10.339889190541607 ], [ 38.939648325447365, 10.348390840302597 ], [ 38.920510311650169, 10.349709525535173 ], [ 38.912143673682571, 10.34795767996413 ], [ 38.903867284710941, 10.348639775515164 ], [ 38.890363990657121, 10.357997784149839 ], [ 38.882401719724768, 10.3586287415248 ], [ 38.876572501320879, 10.35679253455759 ], [ 38.846572759518523, 10.361948572447359 ], [ 38.845910574976614, 10.355687461013286 ], [ 38.854078018087328, 10.334704599681167 ], [ 38.85652237550044, 10.295668526458025 ], [ 38.860312806794916, 10.286959149640399 ], [ 38.861687926818767, 10.278913142741059 ], [ 38.845424616470567, 10.257001242694439 ], [ 38.845292733790224, 10.251587370897127 ], [ 38.848472386850524, 10.24526217868166 ], [ 38.845483022625565, 10.239097571130337 ], [ 38.836116951204147, 10.226670715552899 ], [ 38.833526807848202, 10.213051429261331 ], [ 38.834515625607885, 10.204893476791062 ], [ 38.838942630914389, 10.199003389232004 ], [ 38.835242347384941, 10.180185651221732 ], [ 38.834587571559844, 10.162795104357798 ], [ 38.840050152361563, 10.149895963840802 ], [ 38.845166100606036, 10.145251680698061 ], [ 38.848062066114053, 10.1396795736812 ], [ 38.84943327511462, 10.124836125603956 ], [ 38.853444820571099, 10.118999219800163 ], [ 38.843452869663757, 10.110871723239113 ], [ 38.839931134157723, 10.11534467678789 ], [ 38.829843167753985, 10.110610480628635 ], [ 38.824459020978907, 10.11062850654746 ], [ 38.811785739045902, 10.095357062519728 ], [ 38.806140937571172, 10.094445027611991 ], [ 38.800370763618282, 10.091222842133494 ], [ 38.792819302654287, 10.090308711347197 ], [ 38.778106785834602, 10.083751114906747 ], [ 38.765789302742668, 10.071755569146051 ], [ 38.758763683998602, 10.069202495427634 ], [ 38.752085141653623, 10.064281714862485 ], [ 38.741823183558203, 10.062039048282497 ], [ 38.734692964799081, 10.057280336421174 ], [ 38.722197931768349, 10.052396166018234 ], [ 38.706499010795632, 10.053954108387053 ], [ 38.702300379439123, 10.050314449576437 ], [ 38.696563917998127, 10.05185293058382 ], [ 38.689525035057635, 10.05118443600948 ], [ 38.663504362260781, 10.058313940905769 ], [ 38.658074183227015, 10.052404488758542 ], [ 38.661322576922267, 10.046421667153416 ], [ 38.661654188679861, 10.03476602544661 ], [ 38.670338351151528, 10.02012727125406 ], [ 38.67465444796867, 10.016105105656196 ], [ 38.681956639160873, 10.014379722709185 ], [ 38.687329756765592, 10.008960948917958 ], [ 38.694956965612455, 10.008776148957875 ], [ 38.710690343608178, 9.999350984792494 ], [ 38.719462571911166, 9.996974066659419 ], [ 38.726285732116267, 9.992299443547621 ], [ 38.734413962545915, 9.993837266655122 ], [ 38.741082783371873, 9.988486373327389 ], [ 38.752966426364068, 9.985676561339707 ], [ 38.758897455331009, 9.981630441844283 ], [ 38.765718952040288, 9.981603387605499 ], [ 38.772058785935783, 9.979059754647343 ], [ 38.780166779236396, 9.983342960952994 ], [ 38.785596880706152, 9.979301090366192 ], [ 38.79044337970133, 9.972861208677912 ], [ 38.797709697978505, 9.968684307849026 ], [ 38.801412294258796, 9.963155967649845 ], [ 38.803509306859503, 9.954515719702345 ], [ 38.802267571560535, 9.947473014859691 ], [ 38.798164094641209, 9.941736875040517 ], [ 38.797237366984348, 9.934677501530093 ], [ 38.798665707483508, 9.928746350638772 ], [ 38.802174108239448, 9.923138495458176 ], [ 38.803304908262305, 9.910428778444718 ], [ 38.796811726879376, 9.890030490310325 ], [ 38.79169445540515, 9.883593705658781 ], [ 38.794368995065064, 9.877216252557339 ], [ 38.803870652073975, 9.863082799564099 ], [ 38.806327211598052, 9.855401117426682 ], [ 38.809198021280082, 9.836287792811657 ], [ 38.808617510411707, 9.82051877162875 ], [ 38.814537188745078, 9.807175337850333 ], [ 38.81906860862123, 9.803703818612618 ], [ 38.822347287069057, 9.785473047845521 ], [ 38.829742411419431, 9.770082286576475 ], [ 38.84110515627053, 9.75798704869915 ], [ 38.859329756813302, 9.745913857730594 ], [ 38.867384918078294, 9.734613150845728 ], [ 38.89759261308901, 9.715274826997124 ], [ 38.91018595163272, 9.709713469872593 ], [ 38.918597255909233, 9.712507003825376 ], [ 38.92900654028292, 9.726071930886434 ], [ 38.935577441426844, 9.728923395368778 ], [ 38.941114202300135, 9.72614419692572 ], [ 38.954661511133999, 9.714786800504045 ], [ 38.961097643313813, 9.711738699681359 ], [ 38.959944677188027, 9.719499357002343 ], [ 38.953563244053129, 9.733662470465545 ], [ 38.952932840555427, 9.739641861502527 ], [ 38.964984469044111, 9.750031966237737 ], [ 38.968792527096319, 9.757143097398419 ], [ 38.975265641802054, 9.762082183349065 ], [ 38.981603909267079, 9.752959968148067 ], [ 38.99094998846163, 9.746949274829319 ], [ 39.013046183328399, 9.753181112748411 ], [ 39.017436630270439, 9.758702602721209 ], [ 39.024463120118369, 9.75883405520292 ], [ 39.031419796063368, 9.756461396696571 ], [ 39.035815501202485, 9.753782345273825 ], [ 39.036847171826373, 9.747991542492565 ], [ 39.051298655802256, 9.754413977671959 ], [ 39.069723275180905, 9.75393401035069 ], [ 39.077384531451159, 9.755561327536839 ], [ 39.082939693713513, 9.757955504302085 ], [ 39.087958102277902, 9.762487411580711 ], [ 39.09306137293536, 9.76405749728336 ], [ 39.102621589578234, 9.756032033415995 ], [ 39.105380202453837, 9.749573912142639 ], [ 39.098251991244375, 9.744798233918409 ], [ 39.098534003603604, 9.736421163769881 ], [ 39.110451809992007, 9.733455366595626 ], [ 39.117847919262594, 9.734256036596454 ], [ 39.123539974707967, 9.735919281639115 ], [ 39.134319498228997, 9.742364123788818 ], [ 39.140151590235917, 9.74163677323671 ], [ 39.143886300320005, 9.736295415511185 ], [ 39.145744907137406, 9.729622693051926 ], [ 39.14517654173514, 9.721689660763793 ], [ 39.148592998404197, 9.716338687631556 ], [ 39.14680470673548, 9.709421746750847 ], [ 39.146223393396127, 9.694328576156845 ], [ 39.156539992633732, 9.689677840862306 ], [ 39.162631990348459, 9.689761219846091 ], [ 39.167116630466474, 9.693666767990241 ], [ 39.175076938904141, 9.695832202090163 ], [ 39.179484588451935, 9.690269982364862 ], [ 39.184874447599427, 9.686740499533128 ], [ 39.185022420171684, 9.721042531596952 ], [ 39.198201906965082, 9.717333075620669 ], [ 39.200975695649923, 9.709716865672409 ], [ 39.20574490784383, 9.707537677675653 ], [ 39.20948686404607, 9.711890873108358 ], [ 39.212243006632171, 9.705728104981286 ], [ 39.217601069349627, 9.70937928710396 ], [ 39.224346400368354, 9.70619070258558 ], [ 39.225859341922977, 9.699892552257888 ], [ 39.22891379699012, 9.694694472274413 ], [ 39.233659619895853, 9.700143190144091 ], [ 39.239875936782425, 9.703372573232972 ], [ 39.245623788256346, 9.70280314441256 ], [ 39.250757242115832, 9.705888294696106 ], [ 39.260901091176549, 9.730289382455053 ], [ 39.268969511663592, 9.740720317282534 ], [ 39.281243615997482, 9.734165517916697 ], [ 39.28843627154076, 9.734943329104423 ], [ 39.292593074573738, 9.746110719129391 ], [ 39.298707925365328, 9.749010439979484 ], [ 39.308951612561913, 9.744994171567129 ], [ 39.31420229889693, 9.732415626340435 ], [ 39.32130380978753, 9.725104018889105 ], [ 39.329625063805501, 9.725347363837505 ], [ 39.342638259777885, 9.72843909567642 ], [ 39.34756983658022, 9.726120898383476 ], [ 39.341616167895396, 9.718075407417095 ], [ 39.338881716988368, 9.711194806788686 ], [ 39.3401995028402, 9.704900087566079 ], [ 39.34533963588617, 9.699985912995512 ], [ 39.364988904053561, 9.702433205991523 ], [ 39.370968659738644, 9.700358844536153 ], [ 39.37057767106328, 9.690549674558039 ], [ 39.361832727238607, 9.681262721187437 ], [ 39.372152868363045, 9.670951813086049 ], [ 39.369038738069229, 9.664017809714002 ], [ 39.362984665194503, 9.662513752706557 ], [ 39.358603999908048, 9.657849064832483 ], [ 39.358094454500346, 9.648844869866782 ], [ 39.354180371068921, 9.635095447978344 ], [ 39.352901808773758, 9.623042319715756 ], [ 39.355245340958177, 9.618672150846818 ], [ 39.362541277356634, 9.619904408747322 ], [ 39.376307777998029, 9.630217561615344 ], [ 39.386712703965614, 9.63180896585536 ], [ 39.389673205080641, 9.616729287827619 ], [ 39.38616158509582, 9.611714114282863 ], [ 39.385043015137413, 9.603892200111718 ], [ 39.380516359664448, 9.59725706070787 ], [ 39.374212280528091, 9.593018691451601 ], [ 39.374105139651043, 9.583884150956653 ], [ 39.378783945200823, 9.581155789879393 ], [ 39.379381210238954, 9.574085122626066 ], [ 39.377327127519301, 9.568327640907953 ], [ 39.373477255497505, 9.565031453154067 ], [ 39.361457757638824, 9.547058274774487 ], [ 39.353698902287348, 9.550196370513316 ], [ 39.342253778705725, 9.546387227225431 ], [ 39.330546332432121, 9.52755416113029 ], [ 39.323795193191629, 9.526730456481724 ], [ 39.313792120975855, 9.536556064675194 ], [ 39.302985407657509, 9.523693806655292 ], [ 39.303396007484189, 9.512994636171731 ], [ 39.306043568224602, 9.506242838677927 ], [ 39.29447356702844, 9.50159247679297 ], [ 39.294946869068006, 9.492740759074843 ], [ 39.30191536571877, 9.488787740650473 ], [ 39.306381250897012, 9.474744795288014 ], [ 39.310543831238313, 9.468682811856425 ], [ 39.315702298509599, 9.468006182016843 ], [ 39.339419639914794, 9.475782038185763 ], [ 39.344629765371728, 9.47330223294321 ], [ 39.351239940276095, 9.472962230789157 ], [ 39.356470090742015, 9.47523533404453 ], [ 39.363935289824077, 9.47486199693155 ], [ 39.375923909170375, 9.468059209970885 ], [ 39.377776985583381, 9.464290788497054 ], [ 39.3741938162797, 9.458996687445095 ], [ 39.373594408495741, 9.447834346837693 ], [ 39.379253891201294, 9.447084386976009 ], [ 39.388754581307126, 9.450787759250698 ], [ 39.394781018650328, 9.456051512876826 ], [ 39.41210644276061, 9.448484096649329 ], [ 39.431179884106768, 9.434881207883828 ], [ 39.448560670024492, 9.43349607717299 ], [ 39.450177344409155, 9.426279208326449 ], [ 39.448487267385268, 9.419811460122512 ], [ 39.443942121827334, 9.415386875537752 ], [ 39.450422245926013, 9.405717701948333 ], [ 39.454729485716442, 9.402209419608413 ], [ 39.453097263194572, 9.394923645561942 ], [ 39.446497892307498, 9.384915299713843 ], [ 39.441339591020203, 9.382398949647625 ], [ 39.426790657552139, 9.380424604597591 ], [ 39.421263362990643, 9.372461973713955 ], [ 39.412739899711347, 9.37546057623006 ], [ 39.404721374248659, 9.381446892450416 ], [ 39.395705615082896, 9.392913070257714 ], [ 39.377136949938233, 9.384964198889721 ], [ 39.373867610257676, 9.376749307269113 ], [ 39.357558696903318, 9.370042156215979 ], [ 39.347536403579618, 9.379515845209262 ], [ 39.338007874220295, 9.381517501565773 ], [ 39.325969294365905, 9.381528903877221 ], [ 39.320947202587959, 9.375058410566401 ], [ 39.320437759616219, 9.366591397736657 ], [ 39.307396940565994, 9.36710115277349 ], [ 39.303877513752298, 9.357640547588423 ], [ 39.293839676072864, 9.350177763623128 ], [ 39.292320282289431, 9.332745913183318 ], [ 39.286288665434519, 9.316811998967637 ], [ 39.279132496983408, 9.313265523141 ], [ 39.265266898692552, 9.325205757120164 ], [ 39.267056353787027, 9.289469672881522 ], [ 39.285581522703644, 9.278556222198132 ], [ 39.26701931615623, 9.245508786742006 ], [ 39.261274799548282, 9.251345928167352 ], [ 39.23451209509075, 9.294629912635676 ], [ 39.208037405618406, 9.292958515088104 ], [ 39.178592306723196, 9.272093534606038 ], [ 39.19493569336818, 9.253434126073397 ], [ 39.200592153361683, 9.250990987362167 ], [ 39.214531822641703, 9.229145235088122 ], [ 39.189437405213894, 9.210285225338886 ], [ 39.21548658202731, 9.174407436604593 ], [ 39.23452638452796, 9.158954440503313 ], [ 39.250372071407092, 9.136617452280783 ], [ 39.294977186459484, 9.150299468909102 ], [ 39.324020525378494, 9.149816560715148 ], [ 39.32101596096755, 9.141253387565648 ], [ 39.329695626435125, 9.138237243540837 ], [ 39.343781083748119, 9.100677591720228 ], [ 39.349454818300984, 9.089098551380097 ], [ 39.349320738515154, 9.077616086719699 ], [ 39.355061076010109, 9.071778199473238 ], [ 39.357864298362365, 9.063117992542141 ], [ 39.347877399476808, 9.065212044981799 ], [ 39.316150596126043, 9.061265169999258 ], [ 39.297602003356964, 9.054307533413084 ], [ 39.289038769372091, 9.000021803984533 ], [ 39.270485217882722, 8.98160637188619 ], [ 39.259449251846476, 8.963682772858169 ], [ 39.266231138278634, 8.923435289653083 ], [ 39.259931911275267, 8.911068418275054 ], [ 39.24186417062019, 8.889975696301267 ], [ 39.238340100416046, 8.863080390218599 ], [ 39.26137272830924, 8.851608421517168 ], [ 39.266376003737484, 8.844133298881943 ], [ 39.244834627182136, 8.837672819277181 ], [ 39.244703960858025, 8.828739913056976 ], [ 39.255336235645345, 8.814254813397053 ], [ 39.272842628674013, 8.784107038923365 ], [ 39.273832182040508, 8.767917897257966 ], [ 39.26280133434561, 8.748001583892107 ], [ 39.271297366872744, 8.72558073387221 ], [ 39.286664564149376, 8.7188594787456 ], [ 39.299832519409385, 8.719581765580868 ], [ 39.306156883428173, 8.722793608128585 ], [ 39.325392663876897, 8.747952437886974 ], [ 39.332397516488527, 8.74196905374486 ], [ 39.34289978295763, 8.728012720099805 ], [ 39.361920614531826, 8.722017667984401 ], [ 39.377952870765021, 8.731963941613671 ], [ 39.374484094651592, 8.767830682884391 ], [ 39.375498730435972, 8.780780275194379 ], [ 39.37901586106026, 8.792233023639406 ], [ 39.387036251587837, 8.799696288282199 ], [ 39.406338162854176, 8.811020735855426 ], [ 39.41860434789168, 8.815601344060063 ], [ 39.432097788059238, 8.791179243581976 ], [ 39.440584407756873, 8.768755013066036 ], [ 39.45007994430474, 8.753302758162024 ], [ 39.471097279530056, 8.74281700233213 ], [ 39.493106887062645, 8.726351709922794 ], [ 39.501604556268703, 8.715880537517915 ], [ 39.53463131369535, 8.759024757869151 ], [ 39.552641838432898, 8.769813719081462 ], [ 39.562842708676747, 8.818898378391955 ], [ 39.592356815371566, 8.797933219319523 ], [ 39.599862018453067, 8.793936603632169 ], [ 39.617879789449049, 8.787930341502095 ], [ 39.634926116473203, 8.799855803727766 ], [ 39.650957914941309, 8.803812917258673 ], [ 39.662995337346473, 8.814251426682024 ], [ 39.680026822225791, 8.81671123097991 ], [ 39.717587172853122, 8.817139130571302 ], [ 39.734136893494195, 8.827297741156505 ], [ 39.732192389608556, 8.845247392862872 ], [ 39.737744028570141, 8.858264373984806 ], [ 39.739357365095572, 8.873114198547992 ], [ 39.748873080310091, 8.911328077973785 ], [ 39.747372465857602, 9.010801269546244 ], [ 39.747021612837813, 9.016301587707133 ], [ 39.742016034777016, 9.024064910979012 ], [ 39.741102585559787, 9.040581401091828 ], [ 39.747027977314538, 9.056194556563359 ], [ 39.7483563742529, 9.064171603759617 ], [ 39.743312622120314, 9.092292003262463 ], [ 39.764779020277643, 9.096163655071987 ], [ 39.781109370767197, 9.105383962870311 ], [ 39.79466607559754, 9.113775915139591 ], [ 39.7979926148004, 9.122498093061338 ], [ 39.802823728398984, 9.127082356551641 ], [ 39.808596619203513, 9.136475253009982 ], [ 39.818282932579201, 9.137344208658289 ] ] ] } },
{ "type": "Feature", "properties": { "shapeName": "North Shewa(R4)", "shapeISO": "", "shapeID": "57463737B31651758241956", "shapeGroup": "ETH", "shapeType": "ADM2" }, "geometry": { "type": "Polygon", "coordinates": [ [ [ 37.933104717823326, 9.936743386052472 ], [ 37.936833784811441, 9.931808637084185 ], [ 37.93614445484635, 9.926928353046069 ], [ 37.940163802378677, 9.916489963189964 ], [ 37.980144709241451, 9.875553375800553 ], [ 38.002225231425115, 9.858324781620562 ], [ 38.024755788267235, 9.845695784015684 ], [ 38.041246181872651, 9.832136900277007 ], [ 38.051256343412412, 9.80911887743501 ], [ 38.058246413262232, 9.783561092530562 ], [ 38.062436430703791, 9.763532835000589 ], [ 38.063616375854103, 9.745104448725366 ], [ 38.094306952081574, 9.689429202474301 ], [ 38.104777129656959, 9.665721234822987 ], [ 38.11569734355178, 9.647092825408077 ], [ 38.12661758210055, 9.635133827069653 ], [ 38.138987931838798, 9.636641635224468 ], [ 38.189199491861089, 9.675080014705983 ], [ 38.214250203870627, 9.680649408822477 ], [ 38.251591214347094, 9.678169449825477 ], [ 38.310502759887704, 9.665120322280865 ], [ 38.351333737129259, 9.636162675519371 ], [ 38.362933977551862, 9.621443917921493 ], [ 38.38750458357336, 9.607425041013991 ], [ 38.421125495161931, 9.606314976190259 ], [ 38.450796279971556, 9.601505261862354 ], [ 38.506427665170278, 9.575087328824099 ], [ 38.522418053844952, 9.564738162549546 ], [ 38.538648381090034, 9.542200070274424 ], [ 38.549998572685347, 9.516892254787619 ], [ 38.568539009878407, 9.504243285241058 ], [ 38.58637945616784, 9.495283990748188 ], [ 38.603519854888148, 9.48286500630781 ], [ 38.609769933987472, 9.463776657989532 ], [ 38.600739609267698, 9.446968185213629 ], [ 38.578038924728759, 9.431989620015756 ], [ 38.56367845940386, 9.416781028150478 ], [ 38.555578104369765, 9.387553648697608 ], [ 38.550947849657653, 9.361765941690321 ], [ 38.54979770395849, 9.336908147553586 ], [ 38.534757132204376, 9.302831227791302 ], [ 38.523886756721481, 9.284402904312653 ], [ 38.515556439769995, 9.265514609528958 ], [ 38.517656393257226, 9.243656527422232 ], [ 38.528786583584598, 9.2188086750367 ], [ 38.552867187839958, 9.210099336934437 ], [ 38.573477698741847, 9.199080210929186 ], [ 38.596168236954732, 9.183451488187176 ], [ 38.624178951294247, 9.173592228646234 ], [ 38.685644308993759, 9.176733320647894 ], [ 38.709811265808909, 9.174371764864349 ], [ 38.710041191462807, 9.157343269657101 ], [ 38.680430275122212, 9.132235628056023 ], [ 38.674420060899855, 9.121876569155557 ], [ 38.679165115699128, 9.105537993545672 ], [ 38.695389505871923, 9.078769681321573 ], [ 38.707587463612406, 9.082869136192336 ], [ 38.717480755736361, 9.088787084151505 ], [ 38.727939599427479, 9.086750811806153 ], [ 38.738858585122323, 9.087899454168012 ], [ 38.751695129533374, 9.091565300578772 ], [ 38.766053337327712, 9.099186159616307 ], [ 38.772086084308739, 9.099230545932757 ], [ 38.779026219814384, 9.094687680239014 ], [ 38.792151432940706, 9.078719116372236 ], [ 38.800803348861223, 9.0796015714589 ], [ 38.805965560091913, 9.083366350729831 ], [ 38.825576601748566, 9.076926370760564 ], [ 38.843410401101089, 9.079650669591018 ], [ 38.850368473508198, 9.079206369993877 ], [ 38.857592730409749, 9.084559453014263 ], [ 38.869061244275855, 9.085945248042162 ], [ 38.877162327903058, 9.082621183833899 ], [ 38.882798757903799, 9.069596900997826 ], [ 38.883785375549735, 9.053145022276357 ], [ 38.894185585969204, 9.038267956739693 ], [ 38.905842937772569, 9.010543184355138 ], [ 38.906895738903266, 8.998576415236316 ], [ 38.905180666772658, 8.993201900983607 ], [ 38.907085648112002, 8.978464860684436 ], [ 38.903626512920702, 8.963459231855261 ], [ 38.919465991302786, 8.980262980346852 ], [ 38.92568620084409, 8.989087167317216 ], [ 38.937416477591064, 8.981077822509988 ], [ 38.955651938873451, 8.976498145932469 ], [ 38.988047708693117, 8.955349869638848 ], [ 39.000287968393017, 8.940861096221438 ], [ 39.00652805728798, 8.923392613922603 ], [ 39.017388295027189, 8.91304348550376 ], [ 39.032099528380421, 8.911396975288508 ], [ 39.039348969379169, 8.930761812449246 ], [ 39.047449340920238, 8.964798760947778 ], [ 39.060409819703111, 8.992636228086292 ], [ 39.081000469965666, 9.013794255080937 ], [ 39.101811145073945, 9.038861939564441 ], [ 39.11455161206144, 9.065069550203939 ], [ 39.128672103021067, 9.089437323080436 ], [ 39.147182689117493, 9.108755525500177 ], [ 39.166613256505599, 9.117944619360422 ], [ 39.189503879698357, 9.121614184276766 ], [ 39.214454462961797, 9.103445677459526 ], [ 39.231574974828376, 9.115624515906291 ], [ 39.250372071407092, 9.136617452280783 ], [ 39.23452638452796, 9.158954440503313 ], [ 39.21548658202731, 9.174407436604593 ], [ 39.189437405213894, 9.210285225338886 ], [ 39.214531822641703, 9.229145235088122 ], [ 39.200592153361683, 9.250990987362167 ], [ 39.19493569336818, 9.253434126073397 ], [ 39.178592306723196, 9.272093534606038 ], [ 39.208037405618406, 9.292958515088104 ], [ 39.23451209509075, 9.294629912635676 ], [ 39.261274799548282, 9.251345928167352 ], [ 39.26701931615623, 9.245508786742006 ], [ 39.285581522703644, 9.278556222198132 ], [ 39.267056353787027, 9.289469672881522 ], [ 39.265266898692552, 9.325205757120164 ], [ 39.279132496983408, 9.313265523141 ], [ 39.286288665434519, 9.316811998967637 ], [ 39.292320282289431, 9.332745913183318 ], [ 39.293839676072864, 9.350177763623128 ], [ 39.303877513752298, 9.357640547588423 ], [ 39.307396940565994, 9.36710115277349 ], [ 39.320437759616219, 9.366591397736657 ], [ 39.320947202587959, 9.375058410566401 ], [ 39.325969294365905, 9.381528903877221 ], [ 39.338007874220295, 9.381517501565773 ], [ 39.347536403579618, 9.379515845209262 ], [ 39.357558696903318, 9.370042156215979 ], [ 39.373867610257676, 9.376749307269113 ], [ 39.377136949938233, 9.384964198889721 ], [ 39.395705615082896, 9.392913070257714 ], [ 39.404721374248659, 9.381446892450416 ], [ 39.412739899711347, 9.37546057623006 ], [ 39.421263362990643, 9.372461973713955 ], [ 39.426790657552139, 9.380424604597591 ], [ 39.441339591020203, 9.382398949647625 ], [ 39.446497892307498, 9.384915299713843 ], [ 39.453097263194572, 9.394923645561942 ], [ 39.454729485716442, 9.402209419608413 ], [ 39.450422245926013, 9.405717701948333 ], [ 39.443942121827334, 9.415386875537752 ], [ 39.448487267385268, 9.419811460122512 ], [ 39.450177344409155, 9.426279208326449 ], [ 39.448560670024492, 9.43349607717299 ], [ 39.431179884106768, 9.434881207883828 ], [ 39.41210644276061, 9.448484096649329 ], [ 39.394781018650328, 9.456051512876826 ], [ 39.388754581307126, 9.450787759250698 ], [ 39.379253891201294, 9.447084386976009 ], [ 39.373594408495741, 9.447834346837693 ], [ 39.3741938162797, 9.458996687445095 ], [ 39.377776985583381, 9.464290788497054 ], [ 39.375923909170375, 9.468059209970885 ], [ 39.363935289824077, 9.47486199693155 ], [ 39.356470090742015, 9.47523533404453 ], [ 39.351239940276095, 9.472962230789157 ], [ 39.344629765371728, 9.47330223294321 ], [ 39.339419639914794, 9.475782038185763 ], [ 39.315702298509599, 9.468006182016843 ], [ 39.310543831238313, 9.468682811856425 ], [ 39.306381250897012, 9.474744795288014 ], [ 39.30191536571877, 9.488787740650473 ], [ 39.294946869068006, 9.492740759074843 ], [ 39.29447356702844, 9.50159247679297 ], [ 39.306043568224602, 9.506242838677927 ], [ 39.303396007484189, 9.512994636171731 ], [ 39.302985407657509, 9.523693806655292 ], [ 39.313792120975855, 9.536556064675194 ], [ 39.323795193191629, 9.526730456481724 ], [ 39.330546332432121, 9.52755416113029 ], [ 39.342253778705725, 9.546387227225431 ], [ 39.353698902287348, 9.550196370513316 ], [ 39.361457757638824, 9.547058274774487 ], [ 39.373477255497505, 9.565031453154067 ], [ 39.377327127519301, 9.568327640907953 ], [ 39.379381210238954, 9.574085122626066 ], [ 39.378783945200823, 9.581155789879393 ], [ 39.374105139651043, 9.583884150956653 ], [ 39.374212280528091, 9.593018691451601 ], [ 39.380516359664448, 9.59725706070787 ], [ 39.385043015137413, 9.603892200111718 ], [ 39.38616158509582, 9.611714114282863 ], [ 39.389673205080641, 9.616729287827619 ], [ 39.386712703965614, 9.63180896585536 ], [ 39.376307777998029, 9.630217561615344 ], [ 39.362541277356634, 9.619904408747322 ], [ 39.355245340958177, 9.618672150846818 ], [ 39.352901808773758, 9.623042319715756 ], [ 39.354180371068921, 9.635095447978344 ], [ 39.358094454500346, 9.648844869866782 ], [ 39.358603999908048, 9.657849064832483 ], [ 39.362984665194503, 9.662513752706557 ], [ 39.369038738069229, 9.664017809714002 ], [ 39.372152868363045, 9.670951813086049 ], [ 39.361832727238607, 9.681262721187437 ], [ 39.37057767106328, 9.690549674558039 ], [ 39.370968659738644, 9.700358844536153 ], [ 39.364988904053561, 9.702433205991523 ], [ 39.34533963588617, 9.699985912995512 ], [ 39.3401995028402, 9.704900087566079 ], [ 39.338881716988368, 9.711194806788686 ], [ 39.341616167895396, 9.718075407417095 ], [ 39.34756983658022, 9.726120898383476 ], [ 39.342638259777885, 9.72843909567642 ], [ 39.329625063805501, 9.725347363837505 ], [ 39.32130380978753, 9.725104018889105 ], [ 39.31420229889693, 9.732415626340435 ], [ 39.308951612561913, 9.744994171567129 ], [ 39.298707925365328, 9.749010439979484 ], [ 39.292593074573738, 9.746110719129391 ], [ 39.28843627154076, 9.734943329104423 ], [ 39.281243615997482, 9.734165517916697 ], [ 39.268969511663592, 9.740720317282534 ], [ 39.260901091176549, 9.730289382455053 ], [ 39.250757242115832, 9.705888294696106 ], [ 39.245623788256346, 9.70280314441256 ], [ 39.239875936782425, 9.703372573232972 ], [ 39.233659619895853, 9.700143190144091 ], [ 39.22891379699012, 9.694694472274413 ], [ 39.225859341922977, 9.699892552257888 ], [ 39.224346400368354, 9.70619070258558 ], [ 39.217601069349627, 9.70937928710396 ], [ 39.212243006632171, 9.705728104981286 ], [ 39.20948686404607, 9.711890873108358 ], [ 39.20574490784383, 9.707537677675653 ], [ 39.200975695649923, 9.709716865672409 ], [ 39.198201906965082, 9.717333075620669 ], [ 39.185022420171684, 9.721042531596952 ], [ 39.184874447599427, 9.686740499533128 ], [ 39.179484588451935, 9.690269982364862 ], [ 39.175076938904141, 9.695832202090163 ], [ 39.167116630466474, 9.693666767990241 ], [ 39.162631990348459, 9.689761219846091 ], [ 39.156539992633732, 9.689677840862306 ], [ 39.146223393396127, 9.694328576156845 ], [ 39.14680470673548, 9.709421746750847 ], [ 39.148592998404197, 9.716338687631556 ], [ 39.14517654173514, 9.721689660763793 ], [ 39.145744907137406, 9.729622693051926 ], [ 39.143886300320005, 9.736295415511185 ], [ 39.140151590235917, 9.74163677323671 ], [ 39.134319498228997, 9.742364123788818 ], [ 39.123539974707967, 9.735919281639115 ], [ 39.117847919262594, 9.734256036596454 ], [ 39.110451809992007, 9.733455366595626 ], [ 39.098534003603604, 9.736421163769881 ], [ 39.098251991244375, 9.744798233918409 ], [ 39.105380202453837, 9.749573912142639 ], [ 39.102621589578234, 9.756032033415995 ], [ 39.09306137293536, 9.76405749728336 ], [ 39.087958102277902, 9.762487411580711 ], [ 39.082939693713513, 9.757955504302085 ], [ 39.077384531451159, 9.755561327536839 ], [ 39.069723275180905, 9.75393401035069 ], [ 39.051298655802256, 9.754413977671959 ], [ 39.036847171826373, 9.747991542492565 ], [ 39.035815501202485, 9.753782345273825 ], [ 39.031419796063368, 9.756461396696571 ], [ 39.024463120118369, 9.75883405520292 ], [ 39.017436630270439, 9.758702602721209 ], [ 39.013046183328399, 9.753181112748411 ], [ 38.99094998846163, 9.746949274829319 ], [ 38.981603909267079, 9.752959968148067 ], [ 38.975265641802054, 9.762082183349065 ], [ 38.968792527096319, 9.757143097398419 ], [ 38.964984469044111, 9.750031966237737 ], [ 38.952932840555427, 9.739641861502527 ], [ 38.953563244053129, 9.733662470465545 ], [ 38.959944677188027, 9.719499357002343 ], [ 38.961097643313813, 9.711738699681359 ], [ 38.954661511133999, 9.714786800504045 ], [ 38.941114202300135, 9.72614419692572 ], [ 38.935577441426844, 9.728923395368778 ], [ 38.92900654028292, 9.726071930886434 ], [ 38.918597255909233, 9.712507003825376 ], [ 38.91018595163272, 9.709713469872593 ], [ 38.89759261308901, 9.715274826997124 ], [ 38.867384918078294, 9.734613150845728 ], [ 38.859329756813302, 9.745913857730594 ], [ 38.84110515627053, 9.75798704869915 ], [ 38.829742411419431, 9.770082286576475 ], [ 38.822347287069057, 9.785473047845521 ], [ 38.81906860862123, 9.803703818612618 ], [ 38.814537188745078, 9.807175337850333 ], [ 38.808617510411707, 9.82051877162875 ], [ 38.809198021280082, 9.836287792811657 ], [ 38.806327211598052, 9.855401117426682 ], [ 38.803870652073975, 9.863082799564099 ], [ 38.794368995065064, 9.877216252557339 ], [ 38.79169445540515, 9.883593705658781 ], [ 38.796811726879376, 9.890030490310325 ], [ 38.803304908262305, 9.910428778444718 ], [ 38.802174108239448, 9.923138495458176 ], [ 38.798665707483508, 9.928746350638772 ], [ 38.797237366984348, 9.934677501530093 ], [ 38.798164094641209, 9.941736875040517 ], [ 38.802267571560535, 9.947473014859691 ], [ 38.803509306859503, 9.954515719702345 ], [ 38.801412294258796, 9.963155967649845 ], [ 38.797709697978505, 9.968684307849026 ], [ 38.79044337970133, 9.972861208677912 ], [ 38.785596880706152, 9.979301090366192 ], [ 38.780166779236396, 9.983342960952994 ], [ 38.772058785935783, 9.979059754647343 ], [ 38.765718952040288, 9.981603387605499 ], [ 38.758897455331009, 9.981630441844283 ], [ 38.752966426364068, 9.985676561339707 ], [ 38.741082783371873, 9.988486373327389 ], [ 38.734413962545915, 9.993837266655122 ], [ 38.726285732116267, 9.992299443547621 ], [ 38.719462571911166, 9.996974066659419 ], [ 38.710690343608178, 9.999350984792494 ], [ 38.694956965612455, 10.008776148957875 ], [ 38.687329756765592, 10.008960948917958 ], [ 38.681956639160873, 10.014379722709185 ], [ 38.67465444796867, 10.016105105656196 ], [ 38.670338351151528, 10.02012727125406 ], [ 38.661654188679861, 10.03476602544661 ], [ 38.661322576922267, 10.046421667153416 ], [ 38.658074183227015, 10.052404488758542 ], [ 38.663504362260781, 10.058313940905769 ], [ 38.689525035057635, 10.05118443600948 ], [ 38.696563917998127, 10.05185293058382 ], [ 38.702300379439123, 10.050314449576437 ], [ 38.706499010795632, 10.053954108387053 ], [ 38.722197931768349, 10.052396166018234 ], [ 38.734692964799081, 10.057280336421174 ], [ 38.741823183558203, 10.062039048282497 ], [ 38.752085141653623, 10.064281714862485 ], [ 38.758763683998602, 10.069202495427634 ], [ 38.765789302742668, 10.071755569146051 ], [ 38.778106785834602, 10.083751114906747 ], [ 38.792819302654287, 10.090308711347197 ], [ 38.800370763618282, 10.091222842133494 ], [ 38.806140937571172, 10.094445027611991 ], [ 38.811785739045902, 10.095357062519728 ], [ 38.824459020978907, 10.11062850654746 ], [ 38.829843167753985, 10.110610480628635 ], [ 38.839931134157723, 10.11534467678789 ], [ 38.843452869663757, 10.110871723239113 ], [ 38.853444820571099, 10.118999219800163 ], [ 38.84943327511462, 10.124836125603956 ], [ 38.848062066114053, 10.1396795736812 ], [ 38.845166100606036, 10.145251680698061 ], [ 38.840050152361563, 10.149895963840802 ], [ 38.834587571559844, 10.162795104357798 ], [ 38.835242347384941, 10.180185651221732 ], [ 38.838942630914389, 10.199003389232004 ], [ 38.834515625607885, 10.204893476791062 ], [ 38.833526807848202, 10.213051429261331 ], [ 38.836116951204147, 10.226670715552899 ], [ 38.845483022625565, 10.239097571130337 ], [ 38.848472386850524, 10.24526217868166 ], [ 38.845292733790224, 10.251587370897127 ], [ 38.845424616470567, 10.257001242694439 ], [ 38.861687926818767, 10.278913142741059 ], [ 38.860312806794916, 10.286959149640399 ], [ 38.85652237550044, 10.295668526458025 ], [ 38.854078018087328, 10.334704599681167 ], [ 38.845910574976614, 10.355687461013286 ], [ 38.846572759518523, 10.361948572447359 ], [ 38.816488655544887, 10.365245232642957 ], [ 38.807311679583727, 10.369760008186647 ], [ 38.791535152785244, 10.367449044509867 ], [ 38.772988476329644, 10.367085424565241 ], [ 38.762076103840656, 10.376510901535346 ], [ 38.746963959112627, 10.384669762934745 ], [ 38.739085511010778, 10.386549727996488 ], [ 38.713476458885516, 10.387792414097724 ], [ 38.698240801483394, 10.38031560181939 ], [ 38.683145014660688, 10.379964797333061 ], [ 38.676856072225263, 10.378344020114353 ], [ 38.67218425938109, 10.375019404385394 ], [ 38.664996430647051, 10.373680034272631 ], [ 38.657324850024033, 10.374535124549409 ], [ 38.631115926683663, 10.383098507555923 ], [ 38.624686563983197, 10.379274044154689 ], [ 38.605502633988955, 10.375524707000604 ], [ 38.592950922088207, 10.375310558456233 ], [ 38.578806547959083, 10.378097020292733 ], [ 38.566799569885497, 10.375238133800291 ], [ 38.561047095833786, 10.37684729708803 ], [ 38.541991834442342, 10.371219015329229 ], [ 38.535230212135772, 10.367430008873541 ], [ 38.524619885694548, 10.368735115491706 ], [ 38.516135106106873, 10.367856611553815 ], [ 38.503679077678903, 10.36418983227677 ], [ 38.491215660278847, 10.364933076410818 ], [ 38.484327224765408, 10.366374406556204 ], [ 38.47751252521217, 10.364185700000881 ], [ 38.476925405576338, 10.357151988600616 ], [ 38.480376123527151, 10.35205276895447 ], [ 38.482037284276174, 10.345294004455464 ], [ 38.475901143170709, 10.331595341081693 ], [ 38.476144607183812, 10.323324817200394 ], [ 38.474557189350136, 10.315538426685208 ], [ 38.468759511372895, 10.312020598324379 ], [ 38.466926264018539, 10.306155723283059 ], [ 38.473364656242033, 10.292736699694704 ], [ 38.460902618626186, 10.290902495410055 ], [ 38.458703916943506, 10.282942165188445 ], [ 38.461714801995917, 10.276897057056098 ], [ 38.463507224290119, 10.268606568314983 ], [ 38.456171655439334, 10.262070055512169 ], [ 38.456585462758049, 10.254827440446519 ], [ 38.455026299206004, 10.247625332280856 ], [ 38.448907931130577, 10.24118842897645 ], [ 38.431552710188271, 10.232559775742065 ], [ 38.425008684220934, 10.223645592893433 ], [ 38.420219038170828, 10.220785368829111 ], [ 38.420225570352287, 10.214168617698826 ], [ 38.430877942923267, 10.194073664388091 ], [ 38.42188438268952, 10.181694298992966 ], [ 38.426728250178392, 10.178772781115761 ], [ 38.426558892966952, 10.172698638453602 ], [ 38.407144123614742, 10.161315915505126 ], [ 38.402888927406877, 10.155649485010599 ], [ 38.401770331926471, 10.149586557808043 ], [ 38.398333548714398, 10.145222958644451 ], [ 38.376464262103106, 10.141300079933661 ], [ 38.367135005880577, 10.141430948852401 ], [ 38.358893689093563, 10.145256153886432 ], [ 38.357846473185852, 10.151787250907107 ], [ 38.354908078597759, 10.156018561081638 ], [ 38.34911127014972, 10.159784924050413 ], [ 38.340881865951246, 10.157166026470591 ], [ 38.334151822371787, 10.152307324572623 ], [ 38.326793858374238, 10.134065630927406 ], [ 38.324545082690108, 10.12438082664427 ], [ 38.327349404872969, 10.115495547695531 ], [ 38.322641281963804, 10.10813526603947 ], [ 38.309432423051909, 10.108901262231342 ], [ 38.303098057850214, 10.104395023831479 ], [ 38.301184632026107, 10.096354906449744 ], [ 38.29610612821088, 10.090197974563683 ], [ 38.286956706077802, 10.089488081670718 ], [ 38.281604072242928, 10.091876898120132 ], [ 38.272591329013359, 10.092750367535153 ], [ 38.258940096645333, 10.088603297409373 ], [ 38.253205780401274, 10.089378258326235 ], [ 38.252349911604568, 10.097428553630968 ], [ 38.248618719858726, 10.102898592851847 ], [ 38.241256604084214, 10.103582943754002 ], [ 38.222803959960636, 10.093202572246883 ], [ 38.217219276773541, 10.087314817269201 ], [ 38.204573906409415, 10.082734082549843 ], [ 38.185129545781862, 10.067789241127542 ], [ 38.177456690838547, 10.064058106639358 ], [ 38.171439674221986, 10.058705757007109 ], [ 38.170734818915825, 10.051612483495695 ], [ 38.168167725643102, 10.047037898065579 ], [ 38.161182023725914, 10.045056606299861 ], [ 38.151393008881286, 10.036076843025707 ], [ 38.145956692598588, 10.037641957129908 ], [ 38.142985767966174, 10.044206270261549 ], [ 38.13777839505142, 10.048368179221956 ], [ 38.131767063244894, 10.048403788582148 ], [ 38.126129928577441, 10.04411161067658 ], [ 38.119153957123871, 10.029947472362357 ], [ 38.117916563226764, 10.024573617517261 ], [ 38.119104234043036, 10.018707326701991 ], [ 38.113955750224996, 10.016948473107037 ], [ 38.10154731807409, 10.023213633905266 ], [ 38.094907579190426, 10.021174027335311 ], [ 38.088389600136956, 10.021207455916082 ], [ 38.081105874059148, 10.016180433185793 ], [ 38.083534702958083, 10.008471698564978 ], [ 38.082034135987627, 10.003133675410504 ], [ 38.070622817641173, 10.002482287070444 ], [ 38.065141648624113, 9.998854132639659 ], [ 38.060757616108617, 9.982763567941168 ], [ 38.048939121963379, 9.982492397958373 ], [ 38.044411189862956, 9.970740952517865 ], [ 38.03470066077, 9.968483804527908 ], [ 38.026407036596488, 9.969273518272061 ], [ 38.016837040136927, 9.967739973303754 ], [ 38.009279143362832, 9.965096567112219 ], [ 38.003385508805543, 9.960597790397912 ], [ 38.000057804482992, 9.95454450511968 ], [ 37.994245455186231, 9.950049010528517 ], [ 37.979242124869742, 9.950044832704508 ], [ 37.957890401477471, 9.939601852047765 ], [ 37.952758858817958, 9.939360697657539 ], [ 37.939567522443774, 9.945043460735679 ], [ 37.933660578828423, 9.942243235145728 ], [ 37.933104717823326, 9.936743386052472 ] ] ] } },
{ "type": "Feature", "properties": { "shapeName": "North Western", "shapeISO": "", "shapeID": "57463737B89864099179699", "shapeGroup": "ETH", "shapeType": "ADM2" }, "geometry": { "type": "MultiPolygon", "coordinates": [ [ [ [ 38.677280302319019, 13.484097624799283 ], [ 38.662154651483085, 13.48538398220934 ], [ 38.649029596558677, 13.482035256711487 ], [ 38.634129918625192, 13.47336974556192 ], [ 38.616636779665598, 13.452061203691027 ], [ 38.618700912486261, 13.428992604920778 ], [ 38.623219746651593, 13.411890726051093 ], [ 38.633182495027498, 13.40481729894281 ], [ 38.649488992742754, 13.397186096018364 ], [ 38.669983048039491, 13.392525108787048 ], [ 38.696841548299012, 13.389644926209561 ], [ 38.706535828533461, 13.389964083711465 ], [ 38.719580297408584, 13.403513829095809 ], [ 38.722715926828478, 13.408714144243781 ], [ 38.716603216167996, 13.424419147637375 ], [ 38.711877748836827, 13.432278302515181 ], [ 38.710589144983821, 13.439251571814925 ], [ 38.705737667937065, 13.443651491352643 ], [ 38.702021792627058, 13.454472119975307 ], [ 38.691308093905434, 13.472190085751466 ], [ 38.683101059811392, 13.480672369767888 ], [ 38.677280302319019, 13.484097624799283 ] ] ], [ [ [ 38.676804932582712, 13.498274480304046 ], [ 38.674104666436804, 13.492506111648892 ], [ 38.677280302319019, 13.484097624799283 ], [ 38.679205343642394, 13.493304286939345 ], [ 38.676804932582712, 13.498274480304046 ] ] ], [ [ [ 38.433021891795839, 14.428577810796105 ], [ 38.421629651129486, 14.464323886937368 ], [ 38.402365021146927, 14.465533392978671 ], [ 38.399738639560127, 14.470714271683747 ], [ 38.398993449700711, 14.477082399900565 ], [ 38.395654929202564, 14.482047373516277 ], [ 38.389240000315255, 14.48021041188631 ], [ 38.374289929124316, 14.480805950020581 ], [ 38.369763758721923, 14.484972344701417 ], [ 38.3630800860006, 14.487340637959301 ], [ 38.356988126419466, 14.499832219503254 ], [ 38.356766335458936, 14.507311372714341 ], [ 38.35015893364784, 14.510110778849382 ], [ 38.344054390036625, 14.508276752896263 ], [ 38.340655552723952, 14.514322108322451 ], [ 38.34179011483598, 14.522583839796775 ], [ 38.337249127358078, 14.529427468318536 ], [ 38.330556057426797, 14.532098197306295 ], [ 38.316088073331443, 14.551241630878721 ], [ 38.314278023207223, 14.568698935060288 ], [ 38.316164039625079, 14.57403892550248 ], [ 38.311230386857929, 14.57929904032666 ], [ 38.308767973740068, 14.585682630589943 ], [ 38.293981919445251, 14.595371776950849 ], [ 38.292806133332299, 14.602956327816706 ], [ 38.286926319651677, 14.608071092191397 ], [ 38.271979484814082, 14.611099492800919 ], [ 38.265350722592387, 14.614694848017939 ], [ 38.267121701223296, 14.628374620801006 ], [ 38.269907656640605, 14.634938425161273 ], [ 38.265350884770797, 14.639331766222737 ], [ 38.261928109955392, 14.66770386392032 ], [ 38.257052523543209, 14.670330837235971 ], [ 38.252460763860157, 14.675602930006784 ], [ 38.243905117174322, 14.678489613579112 ], [ 38.237897112045701, 14.683697420123007 ], [ 38.229084534125221, 14.68633273718847 ], [ 38.215876268680134, 14.683313952769195 ], [ 38.210871333372587, 14.687395735648721 ], [ 38.203531387083821, 14.68646759160716 ], [ 38.188248684380419, 14.689713365082843 ], [ 38.184405211450468, 14.679839481448839 ], [ 38.180842578982706, 14.677134033612337 ], [ 38.174677605255511, 14.680374099235147 ], [ 38.162843923036782, 14.676414423008781 ], [ 38.157056133260802, 14.677011023686662 ], [ 38.151147428253928, 14.675321683934087 ], [ 38.146961364527677, 14.669195066280183 ], [ 38.140108419973004, 14.667854588858406 ], [ 38.135285526596981, 14.673109468471958 ], [ 38.132924517500783, 14.679083508348748 ], [ 38.128410459835642, 14.682483801298277 ], [ 38.12099088450001, 14.6843797123608 ], [ 38.115730695487741, 14.688481948495266 ], [ 38.110001217724673, 14.690649947269074 ], [ 38.106404107448881, 14.698064264901079 ], [ 38.096211362844095, 14.701999964337013 ], [ 38.092386037898045, 14.707186009704056 ], [ 38.086968289485533, 14.708421657596704 ], [ 38.07870368132636, 14.707977427436704 ], [ 38.065471025968989, 14.711887709623561 ], [ 38.054330002664535, 14.711384756390611 ], [ 38.041209422780675, 14.717159584091005 ], [ 38.030904567755194, 14.72842349463685 ], [ 38.019104128132824, 14.737192352808952 ], [ 38.01825205191674, 14.74319064518785 ], [ 38.022310000985584, 14.755534139665329 ], [ 38.021378012580485, 14.761335497015839 ], [ 38.016664382811882, 14.765764998992312 ], [ 38.005616493170422, 14.766842940134264 ], [ 38.004487078077901, 14.772158690124794 ], [ 38.000475875425728, 14.775953246847434 ], [ 37.995029336945002, 14.774011100387362 ], [ 37.992835410719515, 14.779738758178771 ], [ 37.993122376411989, 14.792554117568278 ], [ 37.988761592529855, 14.808496248043062 ], [ 37.975304773104902, 14.802176879651849 ], [ 37.975694832375439, 14.818553399503744 ], [ 37.971887023386557, 14.830996502018611 ], [ 37.960025174621187, 14.833516450706556 ], [ 37.951263338946333, 14.832744604664335 ], [ 37.946308595422586, 14.835202556762395 ], [ 37.944544337939426, 14.841961131251065 ], [ 37.941134681883334, 14.846023192611995 ], [ 37.923636551309897, 14.826669583980465 ], [ 37.902965511756499, 14.810583966254532 ], [ 37.876497249929464, 14.800418591642456 ], [ 37.850289808123577, 14.813064757082568 ], [ 37.833458166736555, 14.805704928870663 ], [ 37.805594630102441, 14.769481161352033 ], [ 37.782694286473607, 14.735442026132914 ], [ 37.77440749279846, 14.698766107453231 ], [ 37.776053793449449, 14.679018116822938 ], [ 37.783575764026281, 14.654291896692948 ], [ 37.774388260078872, 14.630953772626794 ], [ 37.753846154420529, 14.643289037165495 ], [ 37.742368044644095, 14.643001320853349 ], [ 37.724505842154088, 14.62432284812917 ], [ 37.710706063223483, 14.589214849890636 ], [ 37.701461582665814, 14.579421052081978 ], [ 37.698842556741567, 14.563137837554599 ], [ 37.679691003280226, 14.528008906259469 ], [ 37.673135767201643, 14.522278671020313 ], [ 37.671574424178552, 14.504743910808898 ], [ 37.658000140130135, 14.495321847642229 ], [ 37.596192906385234, 14.478160355220187 ], [ 37.577495922573462, 14.468494369778655 ], [ 37.573359565431346, 14.455961249448626 ], [ 37.560049184774748, 14.452852433802889 ], [ 37.549617758822052, 14.446715943258143 ], [ 37.525598660960384, 14.460575068244271 ], [ 37.508325939160045, 14.461920269322061 ], [ 37.489778053968465, 14.473687095740194 ], [ 37.471954328422733, 14.469298049912483 ], [ 37.457797793611803, 14.471156844941673 ], [ 37.443951217772948, 14.471165069641486 ], [ 37.440966825117513, 14.478122535235924 ], [ 37.430570431623451, 14.480790845774946 ], [ 37.404163038468745, 14.471937856340157 ], [ 37.399017961289879, 14.461727542822405 ], [ 37.377933815982175, 14.429113043090794 ], [ 37.359704993242097, 14.417799435767115 ], [ 37.346141742408221, 14.416360747502818 ], [ 37.34485420447907, 14.409629230135286 ], [ 37.346879805702656, 14.400279018880683 ], [ 37.356610408576323, 14.393982984866661 ], [ 37.361506647483345, 14.386626314492297 ], [ 37.367642676341653, 14.381541008735038 ], [ 37.370860457919683, 14.37678106629363 ], [ 37.372430524661731, 14.370743632048072 ], [ 37.379252896920065, 14.368752721139547 ], [ 37.38100174132002, 14.363470201422938 ], [ 37.388005182187676, 14.36167889646662 ], [ 37.385296958688656, 14.355160266368962 ], [ 37.379067937035785, 14.351846246548689 ], [ 37.378506237153729, 14.345218664039363 ], [ 37.381750200502502, 14.338706511544508 ], [ 37.388886563570765, 14.339500572844472 ], [ 37.393744608726259, 14.337868969881134 ], [ 37.399362099584032, 14.333537188523078 ], [ 37.39822784173262, 14.316306906250906 ], [ 37.401056616848642, 14.31121233547459 ], [ 37.395895193951191, 14.305579434173403 ], [ 37.39243726296786, 14.29689407990535 ], [ 37.400751675408358, 14.28834466266469 ], [ 37.414605267683299, 14.283247715338215 ], [ 37.425607253732373, 14.271719511293533 ], [ 37.432792528052893, 14.268740232887732 ], [ 37.443489181116163, 14.259485104120406 ], [ 37.446211110410268, 14.249395796266661 ], [ 37.463749517029107, 14.250985042811768 ], [ 37.468747295488249, 14.244788033411661 ], [ 37.467644438683593, 14.228821221647411 ], [ 37.463918871343608, 14.217661491627508 ], [ 37.467182279632127, 14.212046530246633 ], [ 37.475766366033255, 14.208348900106001 ], [ 37.47921725537276, 14.200784943853245 ], [ 37.49008990783387, 14.196410862276654 ], [ 37.494434969854574, 14.191758767178426 ], [ 37.493607678784947, 14.18423674895628 ], [ 37.499164111656043, 14.178528276628498 ], [ 37.507641344074926, 14.178723688644228 ], [ 37.515064847869027, 14.181482920746051 ], [ 37.522056533172716, 14.179030196647412 ], [ 37.525937206612419, 14.173680670003499 ], [ 37.523812341054267, 14.167965398057616 ], [ 37.515278629475254, 14.161427014680163 ], [ 37.518621069812312, 14.144350005639668 ], [ 37.518492893812869, 14.137800672305231 ], [ 37.52512577177751, 14.116588144870498 ], [ 37.53009490441648, 14.111284281941304 ], [ 37.54286176058217, 14.110398312006831 ], [ 37.547773332013719, 14.104030817234797 ], [ 37.555972279573915, 14.099919513977222 ], [ 37.557508306465046, 14.091092795901559 ], [ 37.567226352589302, 14.094193349202587 ], [ 37.573024781011235, 14.094530134361555 ], [ 37.579732256292388, 14.078175498659855 ], [ 37.589855962677014, 14.067929450896568 ], [ 37.588174036835241, 14.054315420335373 ], [ 37.592348932301185, 14.05103517178782 ], [ 37.598413467212836, 14.053015729362142 ], [ 37.602648950208163, 14.038319101621429 ], [ 37.615078477433549, 14.037511894632345 ], [ 37.621414206989336, 14.033319138540712 ], [ 37.608455877152508, 14.008808192494321 ], [ 37.609959971848063, 14.003773774489234 ], [ 37.61607761462416, 13.99932963200059 ], [ 37.621224445796187, 13.992688175063087 ], [ 37.629841517491869, 13.976181642902631 ], [ 37.631378385206311, 13.968485846326185 ], [ 37.628147568070467, 13.953308820431499 ], [ 37.635646211971029, 13.950745222987859 ], [ 37.643484534696327, 13.952788030656674 ], [ 37.650447795754758, 13.948992772639917 ], [ 37.654465298758858, 13.940918467149981 ], [ 37.657313986575275, 13.922041367735732 ], [ 37.659792454253733, 13.91559837870734 ], [ 37.664461008465409, 13.910207295768828 ], [ 37.675858667797762, 13.905282536137532 ], [ 37.682735455269459, 13.893759505823803 ], [ 37.69354861778119, 13.887611533868611 ], [ 37.701716555553865, 13.88632778908377 ], [ 37.707076307442328, 13.88858432634942 ], [ 37.711713366873568, 13.894027000728713 ], [ 37.71699822253882, 13.89690226588719 ], [ 37.722604655310661, 13.896606847763387 ], [ 37.729087415054479, 13.893780965783549 ], [ 37.733545688949022, 13.889333369312375 ], [ 37.735028278005359, 13.878859335657088 ], [ 37.740321278320621, 13.875511239122648 ], [ 37.751113022261727, 13.873504407300135 ], [ 37.765251943539063, 13.854596837697464 ], [ 37.763146869673093, 13.846724796223123 ], [ 37.767631930624773, 13.839360063261744 ], [ 37.764140222867049, 13.831824033619313 ], [ 37.767915856017815, 13.827081822962031 ], [ 37.778323356609228, 13.825990612033037 ], [ 37.787713365684169, 13.816468815156355 ], [ 37.79516615692598, 13.813235718445114 ], [ 37.801539811525771, 13.807508892949643 ], [ 37.798426100086402, 13.775046436901551 ], [ 37.807079027124608, 13.763973109004795 ], [ 37.808139446229347, 13.755251377464051 ], [ 37.803811027297641, 13.74409794257789 ], [ 37.799122786833308, 13.739903855690729 ], [ 37.795825044605991, 13.734029185353942 ], [ 37.792620306512042, 13.721160934500707 ], [ 37.785563472427341, 13.705195218917142 ], [ 37.786341922188598, 13.696584369892172 ], [ 37.782606535778406, 13.688991201202231 ], [ 37.777550319311644, 13.683080648530581 ], [ 37.776503449276383, 13.677547090921626 ], [ 37.777213746679713, 13.664486176135192 ], [ 37.785047481987071, 13.652324542239985 ], [ 37.777358632241899, 13.640147651841993 ], [ 37.776897166696763, 13.634150629135581 ], [ 37.775595424484735, 13.612303500618331 ], [ 37.785475732483285, 13.597964668237497 ], [ 37.784979689130076, 13.588370831055796 ], [ 37.774697015176081, 13.574999235846823 ], [ 37.769854471783702, 13.563252652656772 ], [ 37.785770322787037, 13.539884577490442 ], [ 37.793489503206658, 13.521271708918563 ], [ 37.809836525960151, 13.519751143831117 ], [ 37.812754205074803, 13.480332911624329 ], [ 37.817736084703427, 13.463837463795944 ], [ 37.867231902806708, 13.47578801950324 ], [ 37.875979413872606, 13.468366925963331 ], [ 37.888025380474915, 13.454032613707286 ], [ 37.904933936955345, 13.447711982696569 ], [ 37.947320872301404, 13.467076324347165 ], [ 37.963339303132926, 13.49027074709902 ], [ 37.969223001752113, 13.49435273514516 ], [ 38.002014255576313, 13.501755639062358 ], [ 38.008938954754868, 13.501487117563878 ], [ 38.015753842033497, 13.487174869954938 ], [ 38.021564689914619, 13.481916712005628 ], [ 38.025255494066336, 13.486309644495318 ], [ 38.030683964893548, 13.483416523992524 ], [ 38.037760770936437, 13.483465274308708 ], [ 38.046439155374024, 13.480771148773849 ], [ 38.052832008116191, 13.468593900290589 ], [ 38.060277052917037, 13.467852665364994 ], [ 38.066749934861271, 13.471863280635365 ], [ 38.071528441475714, 13.47705213793118 ], [ 38.083723011562078, 13.484333602086505 ], [ 38.116159275624199, 13.494920983967658 ], [ 38.121828371533546, 13.506961715703497 ], [ 38.125151811278499, 13.498625107670133 ], [ 38.129190390025272, 13.492966066723531 ], [ 38.130744717043306, 13.485398204597507 ], [ 38.136126498722625, 13.479347188477636 ], [ 38.146030737991083, 13.472338724012097 ], [ 38.15603656126266, 13.477195492681549 ], [ 38.159352700576733, 13.483507930368312 ], [ 38.174558963548947, 13.494102172347874 ], [ 38.189290578138639, 13.485020854911602 ], [ 38.201736910501324, 13.480797634976982 ], [ 38.212158633105027, 13.487504116642167 ], [ 38.22102453112042, 13.489912727432912 ], [ 38.228166809072427, 13.489873469547536 ], [ 38.243968247026331, 13.497391935450354 ], [ 38.248798393560804, 13.502319931445808 ], [ 38.250624435819141, 13.496823940270026 ], [ 38.259982637991776, 13.486861733345865 ], [ 38.268514895903863, 13.488459539851599 ], [ 38.279758205616247, 13.486177661612365 ], [ 38.320698504237292, 13.502808964930733 ], [ 38.323880647491976, 13.510221974876734 ], [ 38.320883492328356, 13.524505145029568 ], [ 38.326873239922527, 13.535056825758334 ], [ 38.325897689588075, 13.543963651525207 ], [ 38.328725486733866, 13.550978114719534 ], [ 38.342039367917728, 13.538296780558435 ], [ 38.350279639083219, 13.543064983268149 ], [ 38.360794017086924, 13.553656839219277 ], [ 38.366339670838997, 13.552816374348312 ], [ 38.380683075864717, 13.545130353801319 ], [ 38.386415747606392, 13.552237790273459 ], [ 38.392077924194808, 13.554008100051504 ], [ 38.400138851685362, 13.546138721572259 ], [ 38.400228064130332, 13.540332219182044 ], [ 38.407352267968811, 13.540064694133132 ], [ 38.42464758751381, 13.561953201541311 ], [ 38.427279267210452, 13.571986923813631 ], [ 38.433547639367326, 13.580344564920278 ], [ 38.441650740572399, 13.585054939984975 ], [ 38.451883870452889, 13.58524902081081 ], [ 38.444116536612412, 13.569591415859561 ], [ 38.443638749342213, 13.561191854250753 ], [ 38.454467751951377, 13.557598042074641 ], [ 38.459363246804813, 13.560471428904933 ], [ 38.466060161037177, 13.568295879693965 ], [ 38.473696356938042, 13.564763632013065 ], [ 38.474319993513625, 13.557905548842545 ], [ 38.478465661758342, 13.552997109380145 ], [ 38.490698804805895, 13.558664040619124 ], [ 38.502296138683391, 13.558510975801381 ], [ 38.533261499812056, 13.553945659155582 ], [ 38.550098480467732, 13.553221607896758 ], [ 38.554793599548688, 13.550960269917722 ], [ 38.551537918265495, 13.538549857460231 ], [ 38.543306095838787, 13.526456450995589 ], [ 38.533465261969404, 13.519340461611705 ], [ 38.523018952032487, 13.518086805685135 ], [ 38.509466351222557, 13.511853932068814 ], [ 38.503771523250087, 13.512201606573264 ], [ 38.49765064668285, 13.507445389465271 ], [ 38.49150439206241, 13.496434875841132 ], [ 38.499102706394616, 13.485113305827952 ], [ 38.468248146189993, 13.485559964994945 ], [ 38.466331054553635, 13.480377422464144 ], [ 38.469865626261942, 13.476087933665841 ], [ 38.461836285232998, 13.460221683276425 ], [ 38.485002023419788, 13.470396154909388 ], [ 38.512588840369119, 13.473570198422644 ], [ 38.535090300927102, 13.482468533388577 ], [ 38.545957874696526, 13.484048074586623 ], [ 38.562922862566595, 13.483987466268474 ], [ 38.568319873460482, 13.487109995249314 ], [ 38.57382927789633, 13.498363658137674 ], [ 38.580414053773978, 13.504121010865335 ], [ 38.590960528608541, 13.506779761902518 ], [ 38.606237546867085, 13.491348292833264 ], [ 38.614893828096079, 13.491343824239044 ], [ 38.623315783640706, 13.496035586343583 ], [ 38.636835178979346, 13.506920351179771 ], [ 38.663000084925862, 13.531834822656934 ], [ 38.673342193748631, 13.509861488513744 ], [ 38.676804932582712, 13.498274480304046 ], [ 38.67853905198367, 13.511964225347631 ], [ 38.67155225706712, 13.529561472649448 ], [ 38.663137808049299, 13.54497024430797 ], [ 38.658943902382916, 13.556613172528635 ], [ 38.641223721046764, 13.573352749433795 ], [ 38.637319057276237, 13.579800744367406 ], [ 38.635161482490382, 13.59689775629325 ], [ 38.631864063583059, 13.604061872640127 ], [ 38.622709907139573, 13.610537999972289 ], [ 38.614368339066544, 13.628318401630061 ], [ 38.60171946518112, 13.641199090553133 ], [ 38.598136491696579, 13.646846996485829 ], [ 38.593483483719112, 13.649939067910108 ], [ 38.585700066809544, 13.648631384915264 ], [ 38.576908065811587, 13.649477749700724 ], [ 38.570673229629612, 13.653610385722216 ], [ 38.565535949314125, 13.660055161879143 ], [ 38.539833453480767, 13.678975623719762 ], [ 38.527657266381404, 13.684386776156451 ], [ 38.52818479595625, 13.68957913533052 ], [ 38.525918709640777, 13.694726986488108 ], [ 38.526069521965674, 13.702918855575627 ], [ 38.51963025874835, 13.715170556699476 ], [ 38.514189192867775, 13.71782712788024 ], [ 38.509796226736292, 13.740769978780611 ], [ 38.503111135146334, 13.75094601429849 ], [ 38.499052707853103, 13.763141077949275 ], [ 38.492746266029741, 13.774009755052388 ], [ 38.49500948981904, 13.779174574379244 ], [ 38.494321719279618, 13.785307874249035 ], [ 38.506921621370815, 13.801044085706609 ], [ 38.520180696712423, 13.828449590601711 ], [ 38.527760333148677, 13.833166082087697 ], [ 38.53806517271093, 13.844194234844277 ], [ 38.544036689751721, 13.848123045080916 ], [ 38.563501429132522, 13.880859595994918 ], [ 38.559680758654871, 13.885640323379095 ], [ 38.558708217377941, 13.893590392684587 ], [ 38.555325787329636, 13.899532391062898 ], [ 38.558115886765748, 13.905917202169297 ], [ 38.526968299632614, 13.934156716063002 ], [ 38.523731856645824, 13.940376019030078 ], [ 38.51787892342147, 13.945136993656908 ], [ 38.505609473996223, 13.960491026192191 ], [ 38.497873817028207, 13.967015262819716 ], [ 38.49630173800027, 13.986797315358336 ], [ 38.491599120522984, 13.998159730098152 ], [ 38.490460429278819, 14.010931673789313 ], [ 38.488036650799778, 14.017100923428954 ], [ 38.488333168416041, 14.02632583212004 ], [ 38.494346966579407, 14.029692472449556 ], [ 38.500252550301433, 14.02858618490802 ], [ 38.504387289637712, 14.033076091383958 ], [ 38.520157397400745, 14.042084672916733 ], [ 38.518478574991924, 14.047118144846081 ], [ 38.500246329634969, 14.07260565739807 ], [ 38.496989975575943, 14.080563775493228 ], [ 38.499662206598991, 14.086300405368016 ], [ 38.495349557668035, 14.090369596967525 ], [ 38.500743999702124, 14.095768044137769 ], [ 38.503381114651454, 14.101000769044301 ], [ 38.501020992266504, 14.107255039426802 ], [ 38.503215634930896, 14.115646743733524 ], [ 38.523018446903158, 14.125789483483061 ], [ 38.528292294574804, 14.131278636185089 ], [ 38.54065443610201, 14.133384632773161 ], [ 38.546103171553717, 14.136004707823783 ], [ 38.549105180241192, 14.142389679717724 ], [ 38.542676088931685, 14.161694135267684 ], [ 38.555318955649803, 14.168286484637118 ], [ 38.560747057221874, 14.176082899527257 ], [ 38.563769958459723, 14.184502726765627 ], [ 38.56756628659079, 14.189363883069841 ], [ 38.568181904959602, 14.195460068580633 ], [ 38.574096490365875, 14.204321231420991 ], [ 38.565993308675296, 14.209231572066763 ], [ 38.558761263963042, 14.207041993600249 ], [ 38.554191853875636, 14.209872167772433 ], [ 38.546738992012678, 14.209635990109323 ], [ 38.536402045587948, 14.227254542348311 ], [ 38.542504689244396, 14.22714617504716 ], [ 38.562566014599362, 14.231695279819453 ], [ 38.567029746066794, 14.236348376310826 ], [ 38.558376431587355, 14.243743984301567 ], [ 38.553256656495883, 14.242206439564191 ], [ 38.536643689406461, 14.245461467417572 ], [ 38.532060805769561, 14.250382264437592 ], [ 38.530695665374267, 14.257373418239537 ], [ 38.527807496827393, 14.262419696858142 ], [ 38.530495837180993, 14.266963619352389 ], [ 38.528655802382524, 14.272848547208589 ], [ 38.508913905282419, 14.280383944725871 ], [ 38.503166518497537, 14.286445392003641 ], [ 38.503450839609016, 14.294049219304242 ], [ 38.500624473491847, 14.301039144568849 ], [ 38.492994622089682, 14.302092164375715 ], [ 38.486937283511956, 14.299930965306084 ], [ 38.47936544835737, 14.308944738084337 ], [ 38.47383251437801, 14.308655758785795 ], [ 38.472873813254566, 14.314710984103506 ], [ 38.475160096402732, 14.322410741538269 ], [ 38.453504052008171, 14.332419064999876 ], [ 38.451352967283036, 14.34115579986581 ], [ 38.447244156409198, 14.346427599476645 ], [ 38.445748570686725, 14.351463255352474 ], [ 38.44819682076276, 14.35636865064339 ], [ 38.445584595911733, 14.376760538340857 ], [ 38.442341651110695, 14.381095213549518 ], [ 38.430159916801884, 14.409113489750409 ], [ 38.432606160321583, 14.415823370180886 ], [ 38.431577430589293, 14.422422750566637 ], [ 38.433021891795839, 14.428577810796105 ] ] ] ] } },
{ "type": "Feature", "properties": { "shapeName": "North Wollo", "shapeISO": "", "shapeID": "57463737B48822238288228", "shapeGroup": "ETH", "shapeType": "ADM2" }, "geometry": { "type": "Polygon", "coordinates": [ [ [ 39.818482668856561, 12.324782038651371 ], [ 39.801199139552466, 12.317141822000195 ], [ 39.778011461285601, 12.311638458283579 ], [ 39.762416978494571, 12.304006229424955 ], [ 39.759423787042593, 12.320705837363082 ], [ 39.739976833737281, 12.313590836602563 ], [ 39.722371022968495, 12.308982241563989 ], [ 39.707133973475081, 12.306960748560105 ], [ 39.680182870735081, 12.308569957789516 ], [ 39.659569026859636, 12.307135599428435 ], [ 39.633141634708906, 12.308408321330511 ], [ 39.621801346053601, 12.300976612926894 ], [ 39.625989934883954, 12.288754782452459 ], [ 39.615079659926266, 12.276488268119939 ], [ 39.605866823384353, 12.271319944227516 ], [ 39.59782882607356, 12.270627903319941 ], [ 39.5927359569217, 12.271733102104145 ], [ 39.573409619426357, 12.256684464349076 ], [ 39.556049582427562, 12.256270175144893 ], [ 39.544138626037444, 12.265766119511833 ], [ 39.539401439139617, 12.292667705636322 ], [ 39.523526798479296, 12.327167006728978 ], [ 39.508305523352085, 12.333604513960161 ], [ 39.47138163080065, 12.322152177646744 ], [ 39.456427415795481, 12.325780484024655 ], [ 39.441606659747286, 12.316253711497341 ], [ 39.42843738355851, 12.303196293251249 ], [ 39.420376711222787, 12.297352585912158 ], [ 39.403748020466381, 12.296035063640366 ], [ 39.389457583622054, 12.301251827281408 ], [ 39.373438187352306, 12.302050953710239 ], [ 39.35101254380438, 12.299169350569636 ], [ 39.343206009149569, 12.301457868237954 ], [ 39.334675770838942, 12.301359932143209 ], [ 39.322563128367655, 12.305621638056786 ], [ 39.30606828577227, 12.298036406397021 ], [ 39.291733877992883, 12.296828270936226 ], [ 39.285644232250917, 12.300444161594845 ], [ 39.281058640188725, 12.305756727870232 ], [ 39.264314342817812, 12.331182785742792 ], [ 39.256483788885973, 12.310834743139891 ], [ 39.248131285628531, 12.300209123596815 ], [ 39.241545924636505, 12.288582979131441 ], [ 39.220101660294056, 12.26340931212596 ], [ 39.216938032989447, 12.257538844602083 ], [ 39.210929236611015, 12.238013585007804 ], [ 39.198726765023814, 12.218073402093083 ], [ 39.196040439580166, 12.205285645357202 ], [ 39.187718321149731, 12.197126299371256 ], [ 39.185745224693328, 12.190932851805062 ], [ 39.175803878886335, 12.180387334670524 ], [ 39.16662907694198, 12.173313010280944 ], [ 39.159300361866272, 12.171707697073293 ], [ 39.155793227931881, 12.166148204003587 ], [ 39.149282908707015, 12.145038086721334 ], [ 39.137654465553993, 12.126642764860867 ], [ 39.130563227489205, 12.12044734971151 ], [ 39.120716936018304, 12.11773464866565 ], [ 39.108115576639541, 12.116582827985578 ], [ 39.101815411593073, 12.118131732213342 ], [ 39.091579175790777, 12.125885120763765 ], [ 39.089601493054175, 12.131835280492153 ], [ 39.093158293283686, 12.137124130280652 ], [ 39.093555339497925, 12.1425496545549 ], [ 39.090017361712121, 12.161142055577852 ], [ 39.089823411128073, 12.169669312581007 ], [ 39.086476353343372, 12.175095860390435 ], [ 39.0813572177018, 12.176254792009161 ], [ 39.050633347727761, 12.174327153151028 ], [ 39.014199262168844, 12.163869793404276 ], [ 39.007686282578824, 12.169408684834265 ], [ 39.005339335719057, 12.213468025964206 ], [ 39.006916497739518, 12.231679429817831 ], [ 39.005794673635151, 12.24157086088421 ], [ 39.00038940160443, 12.244971813492105 ], [ 38.982210251102082, 12.248808760380376 ], [ 38.968048506364589, 12.246541379381915 ], [ 38.956666524473171, 12.247100069344681 ], [ 38.91817754962188, 12.263109000064391 ], [ 38.901280432103611, 12.266680044898997 ], [ 38.895399621158042, 12.269876553884689 ], [ 38.879607381705547, 12.270398057559721 ], [ 38.869149859104709, 12.276462690418798 ], [ 38.8620379640507, 12.274376620847775 ], [ 38.837591602882625, 12.27573018887691 ], [ 38.821476124682611, 12.2665139578394 ], [ 38.812961180821752, 12.264397977060595 ], [ 38.804700743614063, 12.265091186177777 ], [ 38.795484411893625, 12.269229683638386 ], [ 38.781492191396389, 12.278399630589769 ], [ 38.773424867712514, 12.281067191200016 ], [ 38.768149446449293, 12.285253810025269 ], [ 38.751957326827743, 12.29083897490797 ], [ 38.738287237981609, 12.292010524447225 ], [ 38.726438420817807, 12.288385675489673 ], [ 38.703125746010585, 12.27437010935647 ], [ 38.694421990661887, 12.272753303865692 ], [ 38.688716410176774, 12.269557317344326 ], [ 38.682899405807923, 12.271120516658335 ], [ 38.670745522695441, 12.268993054894063 ], [ 38.652288815813506, 12.274557407000604 ], [ 38.639723804681189, 12.276065520388842 ], [ 38.634148008935753, 12.280463505670648 ], [ 38.627813174056527, 12.282111544266865 ], [ 38.592009191339912, 12.286422079991832 ], [ 38.584278589524779, 12.289041867120911 ], [ 38.571090456039975, 12.28984591087649 ], [ 38.565272194613854, 12.293276244716925 ], [ 38.543791305406913, 12.293901607567538 ], [ 38.532407904943184, 12.285855261321407 ], [ 38.518450975132382, 12.281976972302289 ], [ 38.497966039867741, 12.287184256218612 ], [ 38.484273788864371, 12.292866346806363 ], [ 38.478782436675445, 12.299943233021477 ], [ 38.471910866836161, 12.29722204389409 ], [ 38.464331591786937, 12.287645421759605 ], [ 38.459661437924886, 12.284135254835968 ], [ 38.454919180738109, 12.26461047810117 ], [ 38.455723999777874, 12.258678988396641 ], [ 38.452563761174936, 12.248257662581608 ], [ 38.448027836038641, 12.24063985107772 ], [ 38.445607361076732, 12.229047789704856 ], [ 38.448436227275302, 12.221401519505553 ], [ 38.458354947150369, 12.211826540732227 ], [ 38.463973089374029, 12.209231732882776 ], [ 38.46326703429493, 12.203547230812076 ], [ 38.46665258062815, 12.195686226648192 ], [ 38.472044770136002, 12.164123634849735 ], [ 38.478609407410453, 12.148085371126125 ], [ 38.48456916221636, 12.127577592267999 ], [ 38.488914257732951, 12.123198658026631 ], [ 38.495373799232887, 12.120762230473943 ], [ 38.500636529611903, 12.113838926517843 ], [ 38.506565406858314, 12.113066547226969 ], [ 38.511932640196704, 12.120604144948699 ], [ 38.520377389289436, 12.122365190725795 ], [ 38.528693239359484, 12.120812775628529 ], [ 38.551690476316537, 12.106271484658272 ], [ 38.558582839546403, 12.094148764173552 ], [ 38.56421851990698, 12.087459984572167 ], [ 38.571403077206753, 12.082365862291539 ], [ 38.585303400202633, 12.078149728074003 ], [ 38.595230970670201, 12.078119337911241 ], [ 38.606067495001092, 12.073240946213765 ], [ 38.611429841300911, 12.064402933857247 ], [ 38.617768920445577, 12.048605269704952 ], [ 38.625680585715251, 12.039361526809591 ], [ 38.636295838690522, 12.032132092880966 ], [ 38.640162324693492, 12.025862281879133 ], [ 38.64094538022664, 12.01781481103856 ], [ 38.634624591928066, 12.000010899231516 ], [ 38.6343669397734, 11.976649935561062 ], [ 38.632359346390324, 11.970683967721175 ], [ 38.628586212522677, 11.966130553160486 ], [ 38.623041534763068, 11.962619226080211 ], [ 38.607293053858875, 11.956200379241743 ], [ 38.602062367790836, 11.949935456394574 ], [ 38.600951303259841, 11.944426943096838 ], [ 38.588660869905212, 11.930086265471662 ], [ 38.586432762605128, 11.922921903071844 ], [ 38.565775990418899, 11.891477764709959 ], [ 38.562992862220653, 11.88320850204329 ], [ 38.551263455155151, 11.870521676770267 ], [ 38.548264336102051, 11.864788194179203 ], [ 38.547934755821679, 11.853159209134015 ], [ 38.545734866421341, 11.846229826562192 ], [ 38.567927315897293, 11.825615158750661 ], [ 38.569801071629335, 11.820726107141379 ], [ 38.565930326392504, 11.814681656948771 ], [ 38.56484437620643, 11.807319530119175 ], [ 38.554062916459245, 11.789594714213303 ], [ 38.559396590326955, 11.772928469110374 ], [ 38.564904419700319, 11.76881286205043 ], [ 38.57105404651314, 11.766836265215611 ], [ 38.584458302932781, 11.758244469406362 ], [ 38.599061537422671, 11.751449775833885 ], [ 38.603963171009816, 11.745391703707439 ], [ 38.606919148478923, 11.728036271954155 ], [ 38.609307948414937, 11.723489289091237 ], [ 38.616694865682, 11.718700029178912 ], [ 38.631931703546883, 11.704169108134138 ], [ 38.633456525012342, 11.698644829014729 ], [ 38.629238784440744, 11.688602332525234 ], [ 38.626602077358548, 11.676214282434882 ], [ 38.629344228704632, 11.63722456786213 ], [ 38.631045226617161, 11.628973278305779 ], [ 38.635484940240069, 11.620153048420116 ], [ 38.642665109689091, 11.611108520578799 ], [ 38.650651899790653, 11.594491509075155 ], [ 38.670162367352006, 11.590088413985054 ], [ 38.673191843982757, 11.57758252169921 ], [ 38.682855813996589, 11.56942017900413 ], [ 38.695718646713516, 11.565158976002564 ], [ 38.706534042275763, 11.557038408073987 ], [ 38.714726063799361, 11.546312179223099 ], [ 38.718595521008673, 11.537890592585089 ], [ 38.718535461882269, 11.528324863193308 ], [ 38.716238293714113, 11.522096287388026 ], [ 38.705888026414542, 11.514381622477387 ], [ 38.704542445260806, 11.507036455735063 ], [ 38.705937367852322, 11.498775261196833 ], [ 38.702515297339573, 11.474799085970425 ], [ 38.703131709836519, 11.457226036516467 ], [ 38.701920799418644, 11.449982177151334 ], [ 38.698486866292079, 11.442183462065374 ], [ 38.69802843502206, 11.434895352311894 ], [ 38.706037885256769, 11.422554085993008 ], [ 38.705611092217723, 11.415480833304887 ], [ 38.712579478984516, 11.41614740918512 ], [ 38.720888728393, 11.419369078799688 ], [ 38.727614414920595, 11.419332293392907 ], [ 38.737577075738109, 11.406717964425832 ], [ 38.747174251495608, 11.405499890679524 ], [ 38.76242646386298, 11.390938927718899 ], [ 38.769643655507807, 11.389462215468139 ], [ 38.77970921514784, 11.380625130358295 ], [ 38.785488293960142, 11.380855577257709 ], [ 38.791453864073105, 11.378919879331182 ], [ 38.801747176320248, 11.369363239701489 ], [ 38.824344816811696, 11.371782897623532 ], [ 38.835661418984216, 11.378227017700612 ], [ 38.840528918274167, 11.383387537601632 ], [ 38.848331011290377, 11.385221731515507 ], [ 38.853674936648105, 11.381308142802503 ], [ 38.856368580336067, 11.376198474989918 ], [ 38.861959142953161, 11.37751492767824 ], [ 38.880565157283293, 11.377366332645572 ], [ 38.890738676719096, 11.375211628574366 ], [ 38.894762738970975, 11.367042154224993 ], [ 38.896999481514307, 11.355456156459423 ], [ 38.901107467446558, 11.348003035588885 ], [ 38.915722660289383, 11.348922920720213 ], [ 38.922448281958708, 11.346429649918518 ], [ 38.929467857687939, 11.351787164858292 ], [ 38.935788592622238, 11.361777377218827 ], [ 38.942231280306437, 11.363364034086455 ], [ 38.947073190785936, 11.367931522044778 ], [ 38.949212765606433, 11.378853502833024 ], [ 38.965236085167533, 11.391610924396632 ], [ 38.974355999670621, 11.390875934822917 ], [ 38.992057599030254, 11.392915113761596 ], [ 38.998362035191221, 11.397339394645785 ], [ 39.014509983906628, 11.397784594578294 ], [ 39.019331270958673, 11.395585425813588 ], [ 39.025056597164451, 11.395814371352584 ], [ 39.030062602168009, 11.401427517430896 ], [ 39.035317847195742, 11.404137332122307 ], [ 39.038691755861578, 11.408634167997851 ], [ 39.044236373882718, 11.409197585799847 ], [ 39.056458144458361, 11.418860041799993 ], [ 39.075420865755213, 11.430761261350611 ], [ 39.080709772399416, 11.428438983665661 ], [ 39.090038264716839, 11.430123480742497 ], [ 39.099125209733437, 11.434589285687307 ], [ 39.114527923354878, 11.438991343940051 ], [ 39.121014108146817, 11.44457233027269 ], [ 39.132292532415057, 11.446864761868596 ], [ 39.153429330189169, 11.454714781112918 ], [ 39.159257672505994, 11.453218973295245 ], [ 39.173800519610637, 11.45611663221805 ], [ 39.182813334022114, 11.455282330843295 ], [ 39.199410728829207, 11.462526988671721 ], [ 39.211746371599787, 11.47117545667049 ], [ 39.218220394901415, 11.472997957758233 ], [ 39.226914883041346, 11.472731845229443 ], [ 39.239897964170879, 11.481987539374554 ], [ 39.25538040521262, 11.484430981478285 ], [ 39.261295529710679, 11.487209091062155 ], [ 39.255068696565488, 11.492465028488699 ], [ 39.257088782170051, 11.497347755345531 ], [ 39.276579944821506, 11.517706685060745 ], [ 39.282022707102442, 11.535838561335787 ], [ 39.283022812440485, 11.548277464977321 ], [ 39.302823562147715, 11.58102280624786 ], [ 39.311180351807742, 11.590502090479024 ], [ 39.335953231461637, 11.595385177590307 ], [ 39.345071314584196, 11.595238468863503 ], [ 39.353941533000892, 11.591165771825926 ], [ 39.361356726989769, 11.589558367521166 ], [ 39.376137633070996, 11.589497282214674 ], [ 39.392910073005524, 11.585999486894561 ], [ 39.414158169206431, 11.587935186555107 ], [ 39.434641553894231, 11.586156217369966 ], [ 39.465274111309355, 11.593938679052968 ], [ 39.469836930114006, 11.598118618112025 ], [ 39.478285773141927, 11.602505763775262 ], [ 39.482626342783966, 11.607823186975864 ], [ 39.481038178311799, 11.615019898634836 ], [ 39.487585952587473, 11.62998304490039 ], [ 39.490357097843564, 11.640795079420375 ], [ 39.497350078893454, 11.646874002204754 ], [ 39.504316091166324, 11.658084475017116 ], [ 39.508708239871133, 11.662404568515061 ], [ 39.522189625904133, 11.664989758161264 ], [ 39.537016565891612, 11.670047222485934 ], [ 39.54167623327028, 11.676189654293879 ], [ 39.54508442318739, 11.691191316193985 ], [ 39.543800803015984, 11.709145949172852 ], [ 39.557704634742386, 11.708133686622642 ], [ 39.577264886810966, 11.703706767319632 ], [ 39.582530982655641, 11.696197643854092 ], [ 39.585916983973725, 11.658228041250464 ], [ 39.582950495660207, 11.618438967699658 ], [ 39.587080361468104, 11.606734548115819 ], [ 39.594178623030579, 11.574285281431417 ], [ 39.600167606818466, 11.56192032567831 ], [ 39.601118566984155, 11.551491735413304 ], [ 39.599933493091847, 11.544996814155461 ], [ 39.593414723126472, 11.530682862288717 ], [ 39.593622176457878, 11.522351842299631 ], [ 39.600678366521812, 11.521879340939289 ], [ 39.612340201024175, 11.524276558127454 ], [ 39.620275916735906, 11.524105273818497 ], [ 39.629199120438429, 11.51783452054106 ], [ 39.635780587553327, 11.510577284358821 ], [ 39.64070673766922, 11.512916048376548 ], [ 39.648748097612206, 11.508727200332702 ], [ 39.65156814272391, 11.503749620676368 ], [ 39.662587954383042, 11.505466901501832 ], [ 39.668337089379044, 11.501939675466934 ], [ 39.667156014564391, 11.495299266826301 ], [ 39.669581016339301, 11.485027322241162 ], [ 39.668780603819002, 11.478123499221724 ], [ 39.670107730606425, 11.46923972684394 ], [ 39.679614064875381, 11.47081635688547 ], [ 39.684343404879172, 11.473395362352074 ], [ 39.713691634720334, 11.475426290677659 ], [ 39.722996384352669, 11.470500885366757 ], [ 39.730853269651199, 11.468181461961915 ], [ 39.73799607365747, 11.468913851184915 ], [ 39.744971758467955, 11.473969115771091 ], [ 39.763177421588374, 11.47601000227195 ], [ 39.769932745712723, 11.474015565521253 ], [ 39.796085492066275, 11.481261811834305 ], [ 39.804585302224865, 11.486206464225525 ], [ 39.816619335170209, 11.497376568142677 ], [ 39.829157758980891, 11.503962049604112 ], [ 39.854287566473943, 11.513733291273244 ], [ 39.889762558561365, 11.538688769520409 ], [ 39.907316689333733, 11.553164448140596 ], [ 39.926499592405953, 11.577524094574432 ], [ 39.936875692308732, 11.587127768279045 ], [ 39.9666017225275, 11.600236332446222 ], [ 39.973365078181935, 11.605439104163807 ], [ 39.980140593455538, 11.606064862892747 ], [ 39.991829965195507, 11.611884732500467 ], [ 39.998324047117322, 11.613039060235895 ], [ 40.016159039475724, 11.646362622618096 ], [ 39.994986331852068, 11.681964826926643 ], [ 39.970528217779311, 11.665289371416637 ], [ 39.950903109974163, 11.683199144138383 ], [ 39.924817803308471, 11.701601612480429 ], [ 39.912338627749413, 11.718846363311258 ], [ 39.903084445265215, 11.737352899361127 ], [ 39.885978170270583, 11.76258911435546 ], [ 39.880089104456346, 11.768197175508829 ], [ 39.875742460706974, 11.779553450594749 ], [ 39.874340424698794, 11.799356792858992 ], [ 39.878827757647457, 11.859187367984974 ], [ 39.878968135369163, 11.883442070102396 ], [ 39.887971733379437, 11.90652623468729 ], [ 39.877418404270443, 11.975143280631256 ], [ 39.871321340234466, 11.990391482934736 ], [ 39.867609775829052, 11.99596851712316 ], [ 39.862269246724487, 12.013381524895584 ], [ 39.854980158505782, 12.029940120629419 ], [ 39.84213347034968, 12.054323566457056 ], [ 39.844373611697975, 12.066082520697814 ], [ 39.860658180888386, 12.084103834195746 ], [ 39.862596268208364, 12.089141379645254 ], [ 39.829471436530241, 12.100608592690069 ], [ 39.820022337205216, 12.124207587010211 ], [ 39.813699388614836, 12.157406719954741 ], [ 39.807972325156065, 12.171152554350217 ], [ 39.800731292838272, 12.195748448387523 ], [ 39.803547480083331, 12.211692034088552 ], [ 39.804496634015955, 12.230447386115801 ], [ 39.808417805331757, 12.239628556004885 ], [ 39.828450368063841, 12.24121728404603 ], [ 39.824526612153321, 12.292379833360281 ], [ 39.825608357367223, 12.318493572126037 ], [ 39.818482668856561, 12.324782038651371 ] ] ] } },
{ "type": "Feature", "properties": { "shapeName": "Nuer", "shapeISO": "", "shapeID": "57463737B84329108093360", "shapeGroup": "ETH", "shapeType": "ADM2" }, "geometry": { "type": "Polygon", "coordinates": [ [ [ 34.042555923664906, 8.518699608795663 ], [ 34.033828994124811, 8.511477492854056 ], [ 34.028110283270401, 8.497592414365423 ], [ 34.021166170735327, 8.489833120550053 ], [ 34.015747709671103, 8.487955565788683 ], [ 34.001248244917122, 8.493987158021401 ], [ 33.992164409355624, 8.489016460280761 ], [ 33.986037280211761, 8.489833254282678 ], [ 33.972945275527834, 8.499454340466366 ], [ 33.95703553449939, 8.493508832405979 ], [ 33.946823667845742, 8.498817880307152 ], [ 33.936203293845772, 8.495959223827109 ], [ 33.926042955483517, 8.487955907359778 ], [ 33.899031967711181, 8.481665878603827 ], [ 33.893721758475117, 8.474314963527663 ], [ 33.889595905968818, 8.463392776939539 ], [ 33.882243338845527, 8.461350878414903 ], [ 33.882243312625185, 8.454408327642138 ], [ 33.875707674763397, 8.446649031882274 ], [ 33.877954254516219, 8.437460353544189 ], [ 33.865904223134407, 8.436439436290025 ], [ 33.852783858618146, 8.432650464917653 ], [ 33.840987201404012, 8.431947291331712 ], [ 33.838127854788276, 8.427046678356724 ], [ 33.827915944654819, 8.421329323245189 ], [ 33.821380285531461, 8.407444247362248 ], [ 33.814436176555326, 8.400910108480948 ], [ 33.808309025033459, 8.395601122643162 ], [ 33.800139512709791, 8.395192767477566 ], [ 33.773180029643889, 8.370689751323081 ], [ 33.756024065074868, 8.372731741860658 ], [ 33.750101183756797, 8.375998846394895 ], [ 33.738459595653907, 8.366606027497683 ], [ 33.733149407366334, 8.364972505931489 ], [ 33.717218868256921, 8.366606107186772 ], [ 33.710386158851989, 8.371624701863954 ], [ 33.701288348632254, 8.373548716584551 ], [ 33.695047674665055, 8.380536559230096 ], [ 33.692710435120489, 8.392742858025523 ], [ 33.689442659998129, 8.400502190977475 ], [ 33.683724027387818, 8.407036377069669 ], [ 33.678618173585839, 8.430926937952739 ], [ 33.680864829926477, 8.441749140887877 ], [ 33.649820753639489, 8.458901442100556 ], [ 33.62075690316982, 8.469674932519515 ], [ 33.611015589923959, 8.462577055818956 ], [ 33.598144615183038, 8.447545976133611 ], [ 33.576626211396594, 8.448424006008297 ], [ 33.569429498113621, 8.454766172707133 ], [ 33.56265045926213, 8.469350555391463 ], [ 33.557106531066161, 8.470267862240705 ], [ 33.54239171914729, 8.468703093707791 ], [ 33.534321842647095, 8.46986654417138 ], [ 33.525489006721202, 8.468461663729467 ], [ 33.520211923183957, 8.468703702324754 ], [ 33.511700273277889, 8.472107647592047 ], [ 33.498850577533574, 8.472040870899697 ], [ 33.489856571028568, 8.470067411892394 ], [ 33.483464899010926, 8.457798799622003 ], [ 33.475516638029724, 8.45349558472096 ], [ 33.461352029412303, 8.450452910698052 ], [ 33.448573125490626, 8.438696748679606 ], [ 33.438179915972505, 8.440770722743791 ], [ 33.424522414902469, 8.447553185007614 ], [ 33.412350292175113, 8.44017504047909 ], [ 33.396086920887832, 8.424654454347065 ], [ 33.387881905385278, 8.426208201982751 ], [ 33.381281745521683, 8.432806953385727 ], [ 33.373170456690737, 8.432045323094593 ], [ 33.367626224426893, 8.442136238952866 ], [ 33.36148122186971, 8.441226093138955 ], [ 33.350254020284467, 8.446087898055886 ], [ 33.335531531923088, 8.444425243101103 ], [ 33.32116846309907, 8.450112118015189 ], [ 33.314597225995229, 8.46056736428292 ], [ 33.305948693061417, 8.456471634268162 ], [ 33.300321565330925, 8.442805219257536 ], [ 33.296389734843153, 8.437813199683418 ], [ 33.289636179920521, 8.437588719938454 ], [ 33.280913480116112, 8.448735287738938 ], [ 33.275236905630557, 8.453723871187258 ], [ 33.249278098402932, 8.445094728036398 ], [ 33.247499401414785, 8.436480258399301 ], [ 33.234787340176631, 8.42388657059025 ], [ 33.217929725692713, 8.433524053277814 ], [ 33.215525440889849, 8.428088644500301 ], [ 33.217630591055311, 8.415811041883735 ], [ 33.217190395703348, 8.409134467410446 ], [ 33.208684841072547, 8.406299780917156 ], [ 33.193363853001678, 8.408001793942031 ], [ 33.190526613433256, 8.402895933729983 ], [ 33.195752329607018, 8.392874820878394 ], [ 33.190526556889544, 8.387578323677461 ], [ 33.189838351862626, 8.381049586938119 ], [ 33.194100180916415, 8.352324711585648 ], [ 33.20092686707423, 8.350747331433292 ], [ 33.217196323564927, 8.35637568725986 ], [ 33.215496860239519, 8.343055610395016 ], [ 33.211276195889496, 8.335965726603062 ], [ 33.205273032292332, 8.334065851976556 ], [ 33.192709162955254, 8.333994319961686 ], [ 33.193879209493012, 8.327365378744371 ], [ 33.201665974982092, 8.313793409556556 ], [ 33.202405192700674, 8.307141702135272 ], [ 33.195751988504057, 8.299011863528071 ], [ 33.170697164674699, 8.297084667764405 ], [ 33.176531655798549, 8.2849694445969 ], [ 33.173756186834993, 8.264360033895349 ], [ 33.176279909630708, 8.255647541270285 ], [ 33.180912855009659, 8.249204685313762 ], [ 33.189978694756427, 8.250157770041799 ], [ 33.198926554700648, 8.248699465782353 ], [ 33.203311583280744, 8.234965752954961 ], [ 33.197412645199705, 8.219114693420233 ], [ 33.191316206873253, 8.211800637010819 ], [ 33.175940587515804, 8.203376448258011 ], [ 33.166541189482807, 8.195744321459941 ], [ 33.16783516644908, 8.188869454481441 ], [ 33.173378370862068, 8.189218544450643 ], [ 33.177656797024653, 8.167403836841878 ], [ 33.184855256793462, 8.161353416023296 ], [ 33.184662787370023, 8.146022694096931 ], [ 33.190068936053606, 8.135641701732839 ], [ 33.186918820850678, 8.124690201631038 ], [ 33.173535678598434, 8.12832805027308 ], [ 33.167103300433538, 8.124114366690193 ], [ 33.164050295734697, 8.115187847858875 ], [ 33.159432423058, 8.111761228637469 ], [ 33.137187970744961, 8.113421834279112 ], [ 33.12073262317022, 8.10791240080165 ], [ 33.117522167554817, 8.101539151517093 ], [ 33.117137473004327, 8.088116469471869 ], [ 33.119343020982107, 8.063955727953863 ], [ 33.112150764948233, 8.072584586547963 ], [ 33.105246185050362, 8.076611400353933 ], [ 33.086450345867981, 8.076227962362935 ], [ 33.084148795974777, 8.071050670346219 ], [ 33.087409267608798, 8.062230073503422 ], [ 33.079545676239341, 8.054943530871485 ], [ 33.081463598263149, 8.048999216205655 ], [ 33.078203013820293, 8.025797253591092 ], [ 33.07391492621327, 8.021193222338105 ], [ 33.059550562834303, 8.01533746679868 ], [ 33.046963964190532, 8.015700983373216 ], [ 33.037088309138674, 8.006055181818811 ], [ 33.03118597036935, 7.991609241327747 ], [ 33.036974590021671, 7.975404512685529 ], [ 33.029085946921086, 7.962079355081841 ], [ 33.009834008792929, 7.949691562199964 ], [ 33.002821285831274, 7.941258994477429 ], [ 33.005723632662637, 7.927539768543549 ], [ 33.002821204880171, 7.916951931901682 ], [ 33.005136641187974, 7.907113351404695 ], [ 33.014398465000689, 7.889751132627876 ], [ 33.004557703882519, 7.886278728893206 ], [ 33.002242216396994, 7.880491341778601 ], [ 33.005035215899426, 7.873035506687304 ], [ 33.010925158595406, 7.859077948002278 ], [ 33.037552936022955, 7.82088104838993 ], [ 33.045011293291594, 7.812878396499384 ], [ 33.045922133804176, 7.802919341757073 ], [ 33.050794140003973, 7.788447165228187 ], [ 33.057179099546957, 7.792277263371499 ], [ 33.062925543481633, 7.787170417278011 ], [ 33.073779969198547, 7.792277206259085 ], [ 33.085272876529189, 7.7935538747082 ], [ 33.089072084383474, 7.80120373003461 ], [ 33.096018481435237, 7.797152529912714 ], [ 33.105704689630699, 7.788446978288441 ], [ 33.102512195009758, 7.781425102394079 ], [ 33.109535631275811, 7.780148372532959 ], [ 33.115699938675, 7.785577674015146 ], [ 33.123804055378045, 7.784420168650434 ], [ 33.134223711462731, 7.789050047686601 ], [ 33.138267894326283, 7.785255101819678 ], [ 33.145920629288433, 7.791054044740341 ], [ 33.156784263585372, 7.792915277907729 ], [ 33.157957288983937, 7.798309799744353 ], [ 33.166061426557889, 7.796573553813903 ], [ 33.184585148031054, 7.78499870138624 ], [ 33.200214581638889, 7.780368731755256 ], [ 33.217580559483117, 7.772266321193571 ], [ 33.225103120845247, 7.770572679703338 ], [ 33.238998660023746, 7.774581206328883 ], [ 33.248260505119688, 7.764742604221953 ], [ 33.281984007792182, 7.742652943347616 ], [ 33.295727609284491, 7.746801519715195 ], [ 33.293036057104835, 7.735853134226534 ], [ 33.300216362029147, 7.740937430046316 ], [ 33.304384999284594, 7.734807405701527 ], [ 33.304088099390569, 7.726503409990081 ], [ 33.315987889244873, 7.722494395330942 ], [ 33.320039930591641, 7.713234550880324 ], [ 33.32087709090198, 7.70737538497069 ], [ 33.343224418621858, 7.712482134516331 ], [ 33.352163383090165, 7.724610814699406 ], [ 33.360463799331697, 7.720780667611709 ], [ 33.375032377503551, 7.731175287698924 ], [ 33.381978787805949, 7.731175263993171 ], [ 33.391240660078253, 7.728860274922635 ], [ 33.408027841577741, 7.735805090396578 ], [ 33.417289765851265, 7.741592451533974 ], [ 33.424893868602872, 7.749144067979183 ], [ 33.432340341872226, 7.752588449529533 ], [ 33.448548591598254, 7.741013606297959 ], [ 33.461931630579855, 7.742258646841319 ], [ 33.465047519815144, 7.748059858165741 ], [ 33.477820019072837, 7.770471408079808 ], [ 33.485990383271947, 7.823642757834173 ], [ 33.479513062689733, 7.866304168116089 ], [ 33.484872465242987, 7.880601293855043 ], [ 33.455725610583855, 7.876307539227033 ], [ 33.440747239458879, 7.890847850326439 ], [ 33.44043081256747, 7.914426291844924 ], [ 33.450461665945781, 7.93814320421443 ], [ 33.462030883169135, 7.957459336048013 ], [ 33.481151944033392, 7.965084731870078 ], [ 33.5037938214682, 7.969748120496085 ], [ 33.491026429902107, 8.000593260013462 ], [ 33.47871891175766, 8.035804646383815 ], [ 33.478218314003868, 8.072648070923579 ], [ 33.489829012634871, 8.089019312578234 ], [ 33.493581939263791, 8.139187512252233 ], [ 33.48138401170123, 8.165553749015679 ], [ 33.464847712344472, 8.184489054864732 ], [ 33.461746198852154, 8.194764188497576 ], [ 33.461110747769311, 8.240448352670301 ], [ 33.474159148729811, 8.259790688710087 ], [ 33.513699920160327, 8.289817766654791 ], [ 33.554550734776207, 8.274637149893662 ], [ 33.54560821088306, 8.229815635824645 ], [ 33.566825872459958, 8.193248452903067 ], [ 33.610586431435642, 8.13044105095026 ], [ 33.706504816736768, 8.150873545674951 ], [ 33.744902024366617, 8.157272635115243 ], [ 33.778747592236307, 8.172458234759365 ], [ 33.79806433081739, 8.166808674282823 ], [ 33.815977212237122, 8.155240668078477 ], [ 33.835274601621848, 8.151063060404008 ], [ 33.850282987728868, 8.135030782508849 ], [ 33.860322587281615, 8.160231347178176 ], [ 33.864365871343523, 8.191255653308406 ], [ 33.884256063200326, 8.256406359176438 ], [ 33.902060822718724, 8.253683914227414 ], [ 33.921535023252012, 8.236231456823072 ], [ 33.930550031601477, 8.226020311272991 ], [ 33.932255685174965, 8.208341258135604 ], [ 33.941418831228653, 8.186330619795537 ], [ 33.974155612293536, 8.173463935250819 ], [ 33.987369001545225, 8.182479281823381 ], [ 34.005135397693707, 8.182699767070901 ], [ 34.018552287005178, 8.175489556834338 ], [ 34.048145880745913, 8.177329084692964 ], [ 34.048931133011912, 8.233400305884317 ], [ 34.032642093262531, 8.233198758025218 ], [ 33.998510303279907, 8.23867507621963 ], [ 33.996694771689363, 8.265205840023654 ], [ 33.996358870024892, 8.291755048031352 ], [ 34.011112506035786, 8.29636590600693 ], [ 34.015294318823926, 8.317071551512674 ], [ 34.022531743380043, 8.330439601376995 ], [ 34.04586029555653, 8.338175637766437 ], [ 34.051913575060453, 8.349986603413521 ], [ 34.050115223220729, 8.375044270278304 ], [ 34.069261668648188, 8.384136285948067 ], [ 34.064593342373399, 8.401781828466428 ], [ 34.050959695318127, 8.425215265429923 ], [ 34.076880005829857, 8.460428479104438 ], [ 34.082918323914214, 8.475780196152355 ], [ 34.070326577165282, 8.478745369190026 ], [ 34.046957325045028, 8.506305979407662 ], [ 34.042555923664906, 8.518699608795663 ] ] ] } },
{ "type": "Feature", "properties": { "shapeName": "Oromia", "shapeISO": "", "shapeID": "57463737B14712300908991", "shapeGroup": "ETH", "shapeType": "ADM2" }, "geometry": { "type": "Polygon", "coordinates": [ [ [ 39.989819219135299, 10.08926095401579 ], [ 39.994431231723446, 10.077844369906551 ], [ 40.02487771890663, 10.075304248956476 ], [ 40.069895038673373, 10.080008024820696 ], [ 40.108021769791456, 10.072126975464611 ], [ 40.133456410689945, 10.072040481203263 ], [ 40.159017848077241, 10.091223835602495 ], [ 40.137928931059349, 10.145978153039986 ], [ 40.129865353732974, 10.174484188255565 ], [ 40.150741149874314, 10.234262277473194 ], [ 40.156452104384385, 10.258341247949886 ], [ 40.147532095710517, 10.278145938982238 ], [ 40.158370549075563, 10.286293564318569 ], [ 40.161258372060288, 10.301724421824684 ], [ 40.159967101621618, 10.357200750752973 ], [ 40.163930417705075, 10.375724366153863 ], [ 40.164512952390169, 10.413280717007531 ], [ 40.162461068077256, 10.436255410347696 ], [ 40.153774329287337, 10.440200469596038 ], [ 40.151505383061071, 10.47131624300777 ], [ 40.129369226709784, 10.618383809454064 ], [ 40.109949395209377, 10.724774470788406 ], [ 40.103418546010829, 10.740572743042389 ], [ 40.103483670166206, 10.755933361207934 ], [ 40.109296421915353, 10.764711903232765 ], [ 40.122904507119877, 10.769058382665616 ], [ 40.134090694083604, 10.779541875828931 ], [ 40.141297165252077, 10.783040440584818 ], [ 40.167569667455204, 10.805930973199295 ], [ 40.164962698078426, 10.829488447905282 ], [ 40.167982063920611, 10.834917177623746 ], [ 40.168940089250619, 10.842954851916371 ], [ 40.167827065734791, 10.848346144417539 ], [ 40.17082613247424, 10.874401412929087 ], [ 40.176731919310051, 10.878658802612595 ], [ 40.179384517472066, 10.885202540256312 ], [ 40.181376480996875, 10.897736503780354 ], [ 40.150185113656306, 10.896670913844904 ], [ 40.133816953755044, 10.916034411137263 ], [ 40.124645250609724, 10.938510426535037 ], [ 40.145002618250913, 10.952984919410117 ], [ 40.169876975658042, 11.002437353218756 ], [ 40.187814424294785, 11.026206183864316 ], [ 40.194055997442781, 11.048726975657903 ], [ 40.196388496660639, 11.069084421132807 ], [ 40.19467216670553, 11.097224426524228 ], [ 40.213314131045813, 11.109764189262345 ], [ 40.173751685777297, 11.240824319091708 ], [ 40.146494912344529, 11.256469045832006 ], [ 40.123678427126983, 11.296946782845167 ], [ 40.103451981539308, 11.317753149373807 ], [ 40.079878593330022, 11.323340427967178 ], [ 40.072108114476713, 11.326483236773543 ], [ 40.065829984589833, 11.338595818090088 ], [ 40.068092125868546, 11.361402829064437 ], [ 40.071060715724272, 11.37449764770594 ], [ 40.067208020242468, 11.429517868868952 ], [ 40.051552987335207, 11.425395555463536 ], [ 40.037452970206267, 11.418613069787115 ], [ 40.020365285061537, 11.413715000264839 ], [ 40.012338778294961, 11.407798008826898 ], [ 40.008747841583563, 11.400679369402155 ], [ 39.981993838936681, 11.369951551602398 ], [ 39.973152650850899, 11.361929676901656 ], [ 39.960262052529878, 11.357467206758049 ], [ 39.948977543559259, 11.347931957289653 ], [ 39.923324470530723, 11.343979810277462 ], [ 39.914827857222377, 11.34051901243342 ], [ 39.907642805071283, 11.334607485641614 ], [ 39.902104499159243, 11.335279305206949 ], [ 39.889688101887408, 11.333368738120738 ], [ 39.858330103288466, 11.315222322469612 ], [ 39.851005820080701, 11.313950420084321 ], [ 39.848508234268174, 11.309756962303744 ], [ 39.84881219821316, 11.304642377309776 ], [ 39.864939859204888, 11.304499740206625 ], [ 39.871259868707391, 11.300280344173652 ], [ 39.884744069215948, 11.276744152522237 ], [ 39.890461452035737, 11.272608745158951 ], [ 39.895901920025054, 11.270890895483527 ], [ 39.892575253674551, 11.265057826735974 ], [ 39.889980272869209, 11.253296114623794 ], [ 39.891361373591231, 11.246391710411849 ], [ 39.896172518706578, 11.239695948692088 ], [ 39.894713107721635, 11.231690737755081 ], [ 39.908914572646189, 11.229044130577208 ], [ 39.916260367297511, 11.236511147590594 ], [ 39.922288042954882, 11.239196019023829 ], [ 39.923519766199917, 11.228730068984138 ], [ 39.931269121637882, 11.208574504777213 ], [ 39.935994123787353, 11.202228611346289 ], [ 39.950917323100015, 11.190400239962136 ], [ 39.969181413067375, 11.192104109498466 ], [ 39.977281489858058, 11.1833832168239 ], [ 39.977123551041544, 11.177603719709872 ], [ 39.973813586327502, 11.171945849179874 ], [ 39.982204687690448, 11.157291262507734 ], [ 39.976476632201553, 11.151934240342047 ], [ 39.977014614625794, 11.145158835733328 ], [ 39.967078340610165, 11.129041544676578 ], [ 39.968317972957472, 11.119997312282816 ], [ 39.96618097888723, 11.113264855468135 ], [ 39.961349179110663, 11.10784673527148 ], [ 39.964078487079703, 11.101817738374985 ], [ 39.977125826736703, 11.084702526294278 ], [ 39.980398542425164, 11.071517037939559 ], [ 39.988196620568033, 11.061552598451348 ], [ 39.990067562066415, 11.054907435196597 ], [ 39.993979995465232, 11.048221635826192 ], [ 39.992613820488828, 11.040704018065391 ], [ 39.99763340356877, 11.030116120768842 ], [ 40.000509675009198, 11.02533479217943 ], [ 40.002947694577301, 11.019450043245932 ], [ 40.014185453230915, 11.00473567299931 ], [ 40.018968049473003, 10.996740060528817 ], [ 40.029731810792633, 10.993734332484708 ], [ 40.035649140351396, 10.989506613848688 ], [ 40.038911308671373, 10.981909757357448 ], [ 40.044323058432717, 10.983067069883655 ], [ 40.049548918353338, 10.982123154704441 ], [ 40.054870822679234, 10.979343791244778 ], [ 40.057341318710499, 10.974408177348712 ], [ 40.068602256642748, 10.969741728091156 ], [ 40.072258908318091, 10.962714188830336 ], [ 40.057478482852048, 10.951962968415529 ], [ 40.046963697500814, 10.950594464429987 ], [ 40.039693823171788, 10.942811060466372 ], [ 40.041014811879961, 10.934228243422135 ], [ 40.049900699705603, 10.91125090752964 ], [ 40.056011979749648, 10.908684935938911 ], [ 40.060497522381219, 10.904616961861363 ], [ 40.076714163989841, 10.898575151074542 ], [ 40.086713764868691, 10.893804148561767 ], [ 40.09137340043003, 10.889283074619776 ], [ 40.095213283001456, 10.88267623916261 ], [ 40.104879071793356, 10.876275289108159 ], [ 40.113500279724121, 10.873645555335939 ], [ 40.105469146852009, 10.868335388401247 ], [ 40.085082754002201, 10.86313879153054 ], [ 40.077876072315597, 10.86395823613014 ], [ 40.064799109474109, 10.857192954469935 ], [ 40.05827648559, 10.85584370677536 ], [ 40.048856957554662, 10.853456787332876 ], [ 40.038967856067543, 10.852942553594234 ], [ 40.02907753292822, 10.854356923002312 ], [ 40.013417450661542, 10.848053239068093 ], [ 40.006875259278786, 10.842790858854643 ], [ 39.991855139057698, 10.836176334456514 ], [ 39.986388795577327, 10.844326682672424 ], [ 39.979137659675708, 10.84783089469564 ], [ 39.96606563170819, 10.847098466935266 ], [ 39.957672180418896, 10.845084836956735 ], [ 39.942763224056428, 10.829384269599323 ], [ 39.931500052224379, 10.824110198560993 ], [ 39.954450612066019, 10.858257745826306 ], [ 39.957484213929526, 10.865138747311589 ], [ 39.958653934986287, 10.872512734682191 ], [ 39.95080965620626, 10.884540448993576 ], [ 39.944124017579611, 10.888204843840967 ], [ 39.932987130134812, 10.889520190237693 ], [ 39.927047223191607, 10.891052250685796 ], [ 39.914299981847513, 10.886466694019097 ], [ 39.907518107085941, 10.888089629257125 ], [ 39.907006341719296, 10.895404034256782 ], [ 39.890270448650178, 10.889682290862108 ], [ 39.879591724113517, 10.883017900533535 ], [ 39.876452388620578, 10.878828659065618 ], [ 39.880845034106365, 10.874651698339083 ], [ 39.887763401701733, 10.863139132379031 ], [ 39.86723413412826, 10.859357339466602 ], [ 39.859442829149408, 10.856594533709883 ], [ 39.852714615539163, 10.851287192679363 ], [ 39.847527643948482, 10.849709740397804 ], [ 39.838341182807056, 10.85361379385705 ], [ 39.836083280597421, 10.860645855201849 ], [ 39.835665367139889, 10.8694812545044 ], [ 39.839461891621539, 10.881862305636922 ], [ 39.839240093290961, 10.887284376480661 ], [ 39.832530430083658, 10.891819480402114 ], [ 39.82894422362773, 10.899330695933079 ], [ 39.821919092358613, 10.898312008839971 ], [ 39.814088631098279, 10.894140988134936 ], [ 39.806482659307655, 10.886405010354862 ], [ 39.79586678647366, 10.879180407936358 ], [ 39.789063058657554, 10.876313872104319 ], [ 39.788411508035765, 10.882117685780482 ], [ 39.782636039085212, 10.885585477280216 ], [ 39.778555959788285, 10.890724214752378 ], [ 39.769692173118621, 10.890957795280912 ], [ 39.765750919047157, 10.886098198843447 ], [ 39.751529999164347, 10.880112727844892 ], [ 39.744457158575003, 10.883015429637119 ], [ 39.735615075571644, 10.881209474865472 ], [ 39.725618422999958, 10.873025589058331 ], [ 39.719802091680577, 10.871842894099906 ], [ 39.694529100895721, 10.878886420550637 ], [ 39.688552318666744, 10.883771524380878 ], [ 39.683074682652688, 10.885787628652759 ], [ 39.672547403669959, 10.895180161633951 ], [ 39.667345286031669, 10.890653841702225 ], [ 39.667436252898227, 10.884752562189833 ], [ 39.680321143849064, 10.87100982466038 ], [ 39.681817514290152, 10.863441109443992 ], [ 39.678898155089229, 10.858388821841945 ], [ 39.681188213746509, 10.84395175032291 ], [ 39.700808651749789, 10.833045120368432 ], [ 39.712694968185389, 10.8301278920471 ], [ 39.715244807620685, 10.824078639830111 ], [ 39.729639766123704, 10.812900176484211 ], [ 39.732567303553864, 10.806187400595196 ], [ 39.732288103789941, 10.798466833867405 ], [ 39.728160745823708, 10.793056446989876 ], [ 39.721916246423135, 10.79713113807095 ], [ 39.709348568344126, 10.809698309852088 ], [ 39.701736908457249, 10.808409102782829 ], [ 39.695155459802002, 10.804995942487036 ], [ 39.691023058330913, 10.79822456484732 ], [ 39.696685276374112, 10.79041272216541 ], [ 39.702607952757248, 10.786975657923108 ], [ 39.707944438784359, 10.781002692043362 ], [ 39.708491085333492, 10.771261945563252 ], [ 39.713880114988093, 10.763094035803819 ], [ 39.70820688978587, 10.750871148625508 ], [ 39.70358941073669, 10.747285491986322 ], [ 39.693777633348262, 10.744997014263463 ], [ 39.692356603442761, 10.730970536714945 ], [ 39.695641063348937, 10.724923514316107 ], [ 39.693286074769119, 10.709340572097476 ], [ 39.696048779026185, 10.700273097721386 ], [ 39.70194449043678, 10.694504122754012 ], [ 39.714392956206787, 10.692518214855259 ], [ 39.716014287069946, 10.69787830239328 ], [ 39.727687528506287, 10.714817526822223 ], [ 39.736117010825318, 10.718322015087477 ], [ 39.744014630393266, 10.714368295879272 ], [ 39.751738967136973, 10.716505974428943 ], [ 39.783758227555353, 10.734811973587965 ], [ 39.790547228381676, 10.735383619402647 ], [ 39.800287383751545, 10.732809741877301 ], [ 39.809646701502786, 10.725190721526326 ], [ 39.813035982042152, 10.718326783422809 ], [ 39.814564421342546, 10.695747014131388 ], [ 39.831646037991113, 10.682324375462311 ], [ 39.834958793121807, 10.68643849037211 ], [ 39.851545465993446, 10.684480905259335 ], [ 39.860725413644872, 10.687774019241663 ], [ 39.870671661269753, 10.682881432042791 ], [ 39.871034145621437, 10.674985811268089 ], [ 39.85398262464502, 10.672254749588724 ], [ 39.842889927020593, 10.667309619486328 ], [ 39.838914992070485, 10.663544915052217 ], [ 39.838777879704416, 10.658005346656552 ], [ 39.828541900823488, 10.645194854852065 ], [ 39.838885463163322, 10.624132973644363 ], [ 39.853052225795572, 10.623376058884125 ], [ 39.860380528990618, 10.616302036293405 ], [ 39.866188247027374, 10.615835774366346 ], [ 39.86951468063782, 10.611752851061008 ], [ 39.865972114482084, 10.598663908033412 ], [ 39.869191688424749, 10.583803250876725 ], [ 39.877128267168501, 10.560143432043942 ], [ 39.877812427130443, 10.553785459736838 ], [ 39.882791259164357, 10.549352468785461 ], [ 39.888533473914848, 10.552007091140315 ], [ 39.892217207006915, 10.556185653343388 ], [ 39.899292309310887, 10.554938287185658 ], [ 39.905428595529827, 10.549406339008366 ], [ 39.911443411135096, 10.547621782160777 ], [ 39.916006877903953, 10.544192293767386 ], [ 39.919927964280696, 10.532371954655064 ], [ 39.906327932645596, 10.526909279263545 ], [ 39.902063627416091, 10.522197727882352 ], [ 39.903521027400579, 10.516182158093956 ], [ 39.911894908231424, 10.507677319806277 ], [ 39.918456779937053, 10.507271170315665 ], [ 39.92602267632882, 10.508791170175222 ], [ 39.933364925598262, 10.485782156772062 ], [ 39.937328049378181, 10.480205830009833 ], [ 39.931326113216613, 10.467682199868811 ], [ 39.936774122956209, 10.459558834180765 ], [ 39.938263588700757, 10.45023909632466 ], [ 39.936288376467758, 10.436497658576011 ], [ 39.944258758203361, 10.433852214406675 ], [ 39.942189223085592, 10.421539417645208 ], [ 39.942810097189252, 10.398698765575348 ], [ 39.938787685390928, 10.377579626082722 ], [ 39.939204817158256, 10.359447823445668 ], [ 39.94282766961679, 10.355363151233782 ], [ 39.955916295624291, 10.351657790166449 ], [ 39.961940905054107, 10.34810896841436 ], [ 39.977221834102409, 10.335791958724741 ], [ 39.959121564404327, 10.325687958014912 ], [ 39.951729162831199, 10.325875569889204 ], [ 39.939422233089871, 10.332489953074933 ], [ 39.933209282919641, 10.330493283518653 ], [ 39.919856080552186, 10.322114338248159 ], [ 39.918978244728457, 10.312918929951511 ], [ 39.916277156214846, 10.306082579514209 ], [ 39.916825031985567, 10.300060969991341 ], [ 39.919560008803643, 10.293452714917317 ], [ 39.924130092182679, 10.289878038815068 ], [ 39.93219181820281, 10.288826266117221 ], [ 39.938031655047418, 10.285122285001219 ], [ 39.927465853382117, 10.277627473456478 ], [ 39.92263770080222, 10.271038475344408 ], [ 39.937748163745653, 10.234152892280365 ], [ 39.932935365451584, 10.231770877552053 ], [ 39.926981559118801, 10.225743481615549 ], [ 39.920971806598018, 10.21565159116513 ], [ 39.931902820083479, 10.198431997241446 ], [ 39.930880469849704, 10.189560923991792 ], [ 39.92325116987471, 10.17451847864052 ], [ 39.923869186316765, 10.166467409122632 ], [ 39.931438153788534, 10.160425212720577 ], [ 39.930154565309536, 10.149630125959009 ], [ 39.915957039737542, 10.14021758420327 ], [ 39.912733477568956, 10.132721983238367 ], [ 39.913765494975664, 10.121430911708396 ], [ 39.917474259534472, 10.115942993474428 ], [ 39.924314634233198, 10.111311938070664 ], [ 39.932250586415485, 10.108525974771625 ], [ 39.951694098260994, 10.103408626785985 ], [ 39.963872277300403, 10.1103697447491 ], [ 39.982366963260084, 10.10289106483161 ], [ 39.988041686230645, 10.097549366747335 ], [ 39.989819219135299, 10.08926095401579 ] ] ] } },
{ "type": "Feature", "properties": { "shapeName": "Region 14", "shapeISO": "", "shapeID": "57463737B5378229891244", "shapeGroup": "ETH", "shapeType": "ADM2" }, "geometry": { "type": "Polygon", "coordinates": [ [ [ 38.903626512920702, 8.963459231855261 ], [ 38.907085648112002, 8.978464860684436 ], [ 38.905180666772658, 8.993201900983607 ], [ 38.906895738903266, 8.998576415236316 ], [ 38.905842937772569, 9.010543184355138 ], [ 38.894185585969204, 9.038267956739693 ], [ 38.883785375549735, 9.053145022276357 ], [ 38.882798757903799, 9.069596900997826 ], [ 38.877162327903058, 9.082621183833899 ], [ 38.869061244275855, 9.085945248042162 ], [ 38.857592730409749, 9.084559453014263 ], [ 38.850368473508198, 9.079206369993877 ], [ 38.843410401101089, 9.079650669591018 ], [ 38.825576601748566, 9.076926370760564 ], [ 38.805965560091913, 9.083366350729831 ], [ 38.800803348861223, 9.0796015714589 ], [ 38.792151432940706, 9.078719116372236 ], [ 38.779026219814384, 9.094687680239014 ], [ 38.772086084308739, 9.099230545932757 ], [ 38.766053337327712, 9.099186159616307 ], [ 38.751695129533374, 9.091565300578772 ], [ 38.738858585122323, 9.087899454168012 ], [ 38.727939599427479, 9.086750811806153 ], [ 38.717480755736361, 9.088787084151505 ], [ 38.707587463612406, 9.082869136192336 ], [ 38.695389505871923, 9.078769681321573 ], [ 38.686245300391924, 9.074065380285941 ], [ 38.684530801522307, 9.067355309167237 ], [ 38.684378299365143, 9.05107799273847 ], [ 38.673434712935752, 9.039713948981857 ], [ 38.672918404776404, 9.034187144446774 ], [ 38.668059771100801, 9.027274890243438 ], [ 38.66787310803295, 9.011071623509871 ], [ 38.652778450457831, 9.011328291620767 ], [ 38.651887973050485, 9.00353780753421 ], [ 38.658628374356297, 8.995863644151189 ], [ 38.660222988485337, 8.986448513704426 ], [ 38.655481073360086, 8.977983432180494 ], [ 38.640241439462748, 8.975082907417322 ], [ 38.64365461644077, 8.966901207779793 ], [ 38.677063980572456, 8.958653300039382 ], [ 38.681798190256572, 8.950713813654625 ], [ 38.681479225050779, 8.942139809377872 ], [ 38.688739124924794, 8.940791864955616 ], [ 38.694681742054684, 8.942947448415582 ], [ 38.697665855853451, 8.93375834237103 ], [ 38.702803483628678, 8.926679513556168 ], [ 38.709265345157547, 8.921966605286348 ], [ 38.719979980033379, 8.920767245765276 ], [ 38.731910154893384, 8.906143889496649 ], [ 38.73735430548782, 8.902343826299417 ], [ 38.744427567683033, 8.903638703268056 ], [ 38.745315146066879, 8.893165363215648 ], [ 38.743997496851655, 8.881467526148533 ], [ 38.748132861831444, 8.878214367183858 ], [ 38.746038786893841, 8.870546496769727 ], [ 38.746355743860221, 8.864480254563214 ], [ 38.754955418820678, 8.859650284291209 ], [ 38.757303358310864, 8.854298056607622 ], [ 38.762397196801103, 8.854671957198624 ], [ 38.773830491080972, 8.858524435925826 ], [ 38.778304108916537, 8.853482431873724 ], [ 38.779222041622567, 8.842867183079376 ], [ 38.781433723361381, 8.836978486428491 ], [ 38.792863934195751, 8.836835538689007 ], [ 38.798423147020387, 8.834544389375033 ], [ 38.813386780673788, 8.841073765080388 ], [ 38.818329641072488, 8.84035162973972 ], [ 38.82523283116808, 8.842390619214164 ], [ 38.824747524516035, 8.853815667457576 ], [ 38.83024972952245, 8.869838091514254 ], [ 38.827775956410385, 8.874721369922614 ], [ 38.826841379361873, 8.881242193381725 ], [ 38.833823841029471, 8.88396669317517 ], [ 38.841528210622478, 8.880906555448624 ], [ 38.847917829296698, 8.881074983718719 ], [ 38.859228632549048, 8.884692877636033 ], [ 38.864649760181173, 8.883905249853141 ], [ 38.869557965855755, 8.874091139958351 ], [ 38.870672229607564, 8.881829708463131 ], [ 38.87833274856181, 8.896840678298226 ], [ 38.87415039865872, 8.906147602690927 ], [ 38.880288305236107, 8.919365672780966 ], [ 38.861674578967857, 8.933228247127669 ], [ 38.856395976093502, 8.939342586865086 ], [ 38.862259289005401, 8.943726477872387 ], [ 38.892265051658434, 8.935382079384672 ], [ 38.897600870046645, 8.938076693058409 ], [ 38.901940691175938, 8.947190032161291 ], [ 38.897076455951897, 8.955885646522562 ], [ 38.903626512920702, 8.963459231855261 ] ] ] } },
{ "type": "Feature", "properties": { "shapeName": "Segen Peoples'", "shapeISO": "", "shapeID": "57463737B59192913037223", "shapeGroup": "ETH", "shapeType": "ADM2" }, "geometry": { "type": "Polygon", "coordinates": [ [ [ 37.804548083848196, 5.994491623034675 ], [ 37.802790147328821, 5.987888423056436 ], [ 37.797720115803273, 5.980978418838238 ], [ 37.778200004237455, 5.968808424614815 ], [ 37.768319945522563, 5.960308422983547 ], [ 37.759359885528688, 5.949038423578864 ], [ 37.717099638555823, 5.918488428715092 ], [ 37.689884470990187, 5.895968426863314 ], [ 37.681269414447577, 5.886308420866584 ], [ 37.659659267346335, 5.854118402928044 ], [ 37.652079222898195, 5.84606839763148 ], [ 37.64105915774838, 5.841248406705173 ], [ 37.608028991791528, 5.836208435425409 ], [ 37.600918954166509, 5.833448439751752 ], [ 37.58094884291598, 5.823788451088286 ], [ 37.556618704912438, 5.807238457371488 ], [ 37.545933638214557, 5.796978453356838 ], [ 37.536168569377175, 5.782858444422402 ], [ 37.504478367419892, 5.74719841868766 ], [ 37.495288303253503, 5.731558406197795 ], [ 37.486548236129529, 5.712228381946862 ], [ 37.479888192909137, 5.703718382028382 ], [ 37.471628151285003, 5.700498380461094 ], [ 37.464758117702914, 5.702108394340173 ], [ 37.442748021119435, 5.711538435002595 ], [ 37.4281979606627, 5.721898472137712 ], [ 37.41548792339006, 5.74145852273762 ], [ 37.402187862676151, 5.746978540763575 ], [ 37.390957821139466, 5.758948580626096 ], [ 37.376747760185673, 5.767458605032326 ], [ 37.366877706206957, 5.763778612612279 ], [ 37.35952766218918, 5.755258607248948 ], [ 37.349887603802159, 5.74766861041444 ], [ 37.342087557441907, 5.745598613599268 ], [ 37.332457515098731, 5.746288625201642 ], [ 37.324427473092797, 5.748588640261045 ], [ 37.312102421558563, 5.754213665947672 ], [ 37.282177276794187, 5.758248707629286 ], [ 37.273047217583297, 5.750878707518965 ], [ 37.265467172018333, 5.741668695232001 ], [ 37.253297098588064, 5.732228696256399 ], [ 37.239757023074887, 5.725778702927155 ], [ 37.225076949596868, 5.723938714334332 ], [ 37.198926815152262, 5.72392874587935 ], [ 37.161756632843414, 5.721608785847259 ], [ 37.150377902992211, 5.717764295753484 ], [ 37.137368837264347, 5.719330562870569 ], [ 37.132558126610391, 5.724801003464621 ], [ 37.126785788520486, 5.726947150568464 ], [ 37.110077563285138, 5.718792428403865 ], [ 37.104656114865669, 5.707553441073554 ], [ 37.096851769017952, 5.702934073517346 ], [ 37.090860299564703, 5.701866227364788 ], [ 37.074517485291125, 5.705147494943462 ], [ 37.069165951909966, 5.710195177338972 ], [ 37.061919567027523, 5.708358120352473 ], [ 37.056448579440463, 5.705222535189542 ], [ 37.052993433747126, 5.701212473202266 ], [ 37.047919184961287, 5.686092089822281 ], [ 37.050417611164704, 5.678768652579031 ], [ 37.047245983382268, 5.656158796027453 ], [ 37.045628485415435, 5.649280703806447 ], [ 37.04232922900507, 5.644307943830724 ], [ 37.043360439583182, 5.639040144866866 ], [ 37.03802467298646, 5.632241646368375 ], [ 37.030657671395169, 5.631533482255409 ], [ 37.03303348898519, 5.62533743817095 ], [ 37.030807832303623, 5.618657589926983 ], [ 37.0247919292962, 5.615522104230642 ], [ 37.025652269192257, 5.606443756158908 ], [ 37.016333968449715, 5.5973198320908 ], [ 37.018910835711807, 5.591412320954178 ], [ 37.018291847873662, 5.583995188068041 ], [ 37.015369893095666, 5.576466505704709 ], [ 37.016303894632962, 5.564868307996413 ], [ 37.010986777823035, 5.562689828012587 ], [ 37.01427002190642, 5.558353909129578 ], [ 37.011944405751208, 5.547275067006478 ], [ 37.012872720236501, 5.539998086343264 ], [ 37.016935685339121, 5.528588602036393 ], [ 37.02282813923884, 5.51995227146778 ], [ 37.013113500216676, 5.519477374211408 ], [ 37.032305745416991, 5.509258547068076 ], [ 37.049055813623141, 5.494078501714007 ], [ 37.055125117480891, 5.474180436716864 ], [ 37.055264053887555, 5.468559041038287 ], [ 37.062435701651147, 5.453918035796893 ], [ 37.063725813706249, 5.426868364651772 ], [ 37.061895785732318, 5.412598339394802 ], [ 37.057712304834197, 5.399145912812877 ], [ 37.050096155893897, 5.387132653747964 ], [ 37.051338121710771, 5.380137063233313 ], [ 37.044498105131396, 5.378690214399873 ], [ 37.03933562665722, 5.372780897584502 ], [ 37.03214012361731, 5.355984057388107 ], [ 37.039265945130943, 5.352498246974704 ], [ 37.039885607247967, 5.346958235762322 ], [ 37.033695561512019, 5.334058215476611 ], [ 37.019255448341816, 5.294898156590173 ], [ 37.016275412813492, 5.269108111124913 ], [ 37.004104248351275, 5.200467422893587 ], [ 37.082915656995475, 5.187767881765481 ], [ 37.113025807686554, 5.187657850651608 ], [ 37.146105970303338, 5.190327818310007 ], [ 37.182626160435817, 5.195307795447324 ], [ 37.19795624724857, 5.21169780719941 ], [ 37.217706346566118, 5.214067790677857 ], [ 37.238906438022155, 5.200817741885648 ], [ 37.29315670128053, 5.195747673824038 ], [ 37.31804679946282, 5.174917608834734 ], [ 37.341536904465357, 5.160987556926891 ], [ 37.367977023638474, 5.156487518198104 ], [ 37.418017279838622, 5.167937486458706 ], [ 37.466387547596113, 5.194557484918262 ], [ 37.492077680863382, 5.204297478140011 ], [ 37.518667833893346, 5.221857479111757 ], [ 37.552158006246657, 5.23530747101267 ], [ 37.578659599750829, 5.24376886204256 ], [ 37.580636218432048, 5.249056897531969 ], [ 37.630541945552423, 5.267387461533756 ], [ 37.638093683106959, 5.284543200558401 ], [ 37.64751359133799, 5.300662053614269 ], [ 37.675038689964936, 5.30901746179196 ], [ 37.701688814051479, 5.30725742921417 ], [ 37.729748938563581, 5.293557371139982 ], [ 37.747939004993114, 5.277987322278283 ], [ 37.773639139963535, 5.284727309182947 ], [ 37.793419226760179, 5.275597268370365 ], [ 37.810889298479552, 5.269677237368105 ], [ 37.827939357047185, 5.251117184861115 ], [ 37.853469465623299, 5.236027124397592 ], [ 37.885898262764414, 5.235690280250879 ], [ 37.901632435002576, 5.246233385515037 ], [ 37.905197848062734, 5.280752876419501 ], [ 37.905587899809959, 5.305331819796196 ], [ 37.89718785314443, 5.351249856683748 ], [ 37.902025651947447, 5.374615609591769 ], [ 37.920087580271428, 5.39734305759954 ], [ 37.936038591619123, 5.424396631039004 ], [ 37.941028724248206, 5.451285456762077 ], [ 37.947628873887126, 5.475644393589 ], [ 37.950068973864923, 5.508952955000216 ], [ 37.948629013912765, 5.539041655600148 ], [ 37.942348970455448, 5.569800337563683 ], [ 37.941942713519062, 5.586454249416306 ], [ 37.930988890650752, 5.618018278529898 ], [ 37.944334568987713, 5.640808234078454 ], [ 37.978280571935372, 5.650747672061763 ], [ 38.008830715889481, 5.651497639615708 ], [ 38.024890808938409, 5.661407629578849 ], [ 38.041630908495492, 5.674987630625154 ], [ 38.075981392787867, 5.690279926560074 ], [ 38.087901550965228, 5.722593440931686 ], [ 38.089701621703007, 5.746942385489011 ], [ 38.072895333226221, 5.76389190363543 ], [ 38.054971123397564, 5.765481656879921 ], [ 38.04003090612288, 5.773721330216901 ], [ 38.020690638471621, 5.791370599597522 ], [ 38.01309054697829, 5.805600004599365 ], [ 38.007950560475265, 5.850598068194723 ], [ 37.983290254970065, 5.889146447400438 ], [ 37.979810239490867, 5.908895597824351 ], [ 37.978400259546866, 5.929094725206771 ], [ 37.969390182492077, 5.957333523579257 ], [ 37.953509945414694, 5.964663239656256 ], [ 37.923639474280151, 5.961393444093654 ], [ 37.90478917255134, 5.961823459691372 ], [ 37.895799063838041, 5.975812872927791 ], [ 37.881298858315631, 5.986352447958526 ], [ 37.866348627425765, 5.987942409044662 ], [ 37.857358514108796, 6.000321895688645 ], [ 37.843778323899528, 6.012251403976111 ], [ 37.827908066856097, 6.011301484663761 ], [ 37.814137825613123, 5.999102035778594 ], [ 37.804548083848196, 5.994491623034675 ] ] ] } },
{ "type": "Feature", "properties": { "shapeName": "Selti", "shapeISO": "", "shapeID": "57463737B47845623472468", "shapeGroup": "ETH", "shapeType": "ADM2" }, "geometry": { "type": "Polygon", "coordinates": [ [ [ 38.40165250705207, 7.596472595407086 ], [ 38.409388659768915, 7.60631139190336 ], [ 38.421091386574517, 7.625509625342579 ], [ 38.419051406371793, 7.643648837808439 ], [ 38.411711346932663, 7.663397990354965 ], [ 38.413261641929232, 7.682715196035985 ], [ 38.426649120911854, 7.697921229020193 ], [ 38.439481946756985, 7.720025425861578 ], [ 38.443452063729069, 7.739984538701073 ], [ 38.445676611738541, 7.76068870105063 ], [ 38.493273185908855, 7.79654486325789 ], [ 38.500793187827185, 7.812371190971515 ], [ 38.504293300210087, 7.832100315378209 ], [ 38.513738944708869, 7.850057184178392 ], [ 38.528986798864189, 7.859579191505206 ], [ 38.52010676930103, 7.866509214000914 ], [ 38.498666713167985, 7.894429271267716 ], [ 38.48929668162733, 7.902979297249733 ], [ 38.472586622747265, 7.916169330760256 ], [ 38.461616582947343, 7.927479361442409 ], [ 38.4384664918515, 7.940699410947786 ], [ 38.431606466539087, 7.947629428815559 ], [ 38.440506561307693, 7.972169425597611 ], [ 38.439646573972091, 7.980219434520127 ], [ 38.4334665485787, 7.985759448064313 ], [ 38.425209808891537, 7.989767480906873 ], [ 38.403156409599795, 7.995809509567509 ], [ 38.403821439905585, 8.009334518636503 ], [ 38.401406448405901, 8.018889525067744 ], [ 38.391286433178827, 8.040979560026136 ], [ 38.379526390867312, 8.048809588052134 ], [ 38.367516326493963, 8.048349612536077 ], [ 38.354816256258687, 8.045809635391159 ], [ 38.303515938888971, 8.022319714031104 ], [ 38.276025786426864, 8.01654976416202 ], [ 38.262888725439886, 8.020962790912339 ], [ 38.265195759581587, 8.032429790754129 ], [ 38.265215782875693, 8.046019798921876 ], [ 38.263615805275556, 8.060749817109865 ], [ 38.26039580802022, 8.070879824963034 ], [ 38.260186850932961, 8.094706839449389 ], [ 38.255437943164502, 8.100685538208262 ], [ 38.248540798422326, 8.097924866762863 ], [ 38.234105717284578, 8.095499892634917 ], [ 38.224625653215611, 8.088129903302624 ], [ 38.209815539519461, 8.071089921888236 ], [ 38.204035505240491, 8.066939927134463 ], [ 38.190165419399996, 8.060479953075145 ], [ 38.168216487081565, 8.053973209063134 ], [ 38.134477384854222, 7.993666114494648 ], [ 38.124149674824722, 7.954207068341097 ], [ 38.072177320319867, 7.918808927823711 ], [ 38.067220300531481, 7.895491501594051 ], [ 38.061130557016945, 7.884720690722219 ], [ 38.044724294214852, 7.863570088197072 ], [ 38.032424189074995, 7.844770098602369 ], [ 37.999072623024738, 7.818447133753497 ], [ 37.983939984479434, 7.835610640111189 ], [ 37.970644803060296, 7.865245751921792 ], [ 37.942599519882712, 7.843750055991506 ], [ 37.920520285849157, 7.843798143803302 ], [ 37.930256190577822, 7.819207561215063 ], [ 37.936933604454971, 7.796925229222797 ], [ 37.926463526742793, 7.783590236723759 ], [ 37.916073461309011, 7.776960253347788 ], [ 37.898583372852599, 7.778870278790067 ], [ 37.890893324261818, 7.774900292585436 ], [ 37.889201914015302, 7.767594821215839 ], [ 37.865154362757075, 7.753139311445268 ], [ 37.881116611100481, 7.683750576016283 ], [ 37.905873838621702, 7.683152655336618 ], [ 37.929348310519359, 7.671934509849626 ], [ 37.941072261312151, 7.671545781099167 ], [ 37.949832769430515, 7.684515117220458 ], [ 37.964273049057347, 7.697382312197232 ], [ 37.978257957132996, 7.703796689108573 ], [ 37.998366013426732, 7.699667236739276 ], [ 38.033561165128845, 7.699711760618984 ], [ 38.04579904749324, 7.672171736126371 ], [ 38.044540285835097, 7.643126823299366 ], [ 38.058728599033579, 7.623025262171362 ], [ 38.086946419400128, 7.612855688491181 ], [ 38.121854248171474, 7.612209765306094 ], [ 38.113334120590523, 7.564429742739093 ], [ 38.103634056631655, 7.556419753063495 ], [ 38.10176403890376, 7.55136974816154 ], [ 38.103443987497052, 7.520099722264076 ], [ 38.094213930634453, 7.511859732549138 ], [ 38.089803895145053, 7.503599728825804 ], [ 38.09710391015588, 7.492079708774617 ], [ 38.111523964433424, 7.479149674965234 ], [ 38.114933965016924, 7.470859661834347 ], [ 38.11419394429219, 7.460979655256258 ], [ 38.106656849188894, 7.451127241048712 ], [ 38.117731621887287, 7.437341858345262 ], [ 38.117786702201535, 7.409619096026858 ], [ 38.144244353196775, 7.405710148177316 ], [ 38.162697116833883, 7.43874890705006 ], [ 38.189141955090932, 7.442758370223353 ], [ 38.195702235858377, 7.471813811290223 ], [ 38.216863307751474, 7.473171888970237 ], [ 38.216783402036562, 7.518057344622316 ], [ 38.237880166745427, 7.557699409877543 ], [ 38.247451776109308, 7.592792549195376 ], [ 38.253694870835155, 7.58038450687576 ], [ 38.263094913487194, 7.575279485835883 ], [ 38.277604993557098, 7.579359468551704 ], [ 38.306175157854902, 7.591179422172451 ], [ 38.315865217377194, 7.595959410985609 ], [ 38.335025341431162, 7.608739381548399 ], [ 38.345845403169562, 7.611449364138982 ], [ 38.366715493639632, 7.602159324333471 ], [ 38.395905637149681, 7.600869270075942 ], [ 38.40165250705207, 7.596472595407086 ] ] ] } },
{ "type": "Feature", "properties": { "shapeName": "Shabelle", "shapeISO": "", "shapeID": "57463737B16105117004736", "shapeGroup": "ETH", "shapeType": "ADM2" }, "geometry": { "type": "Polygon", "coordinates": [ [ [ 45.002630839155593, 4.933604647711376 ], [ 45.081079514534146, 5.012470435543517 ], [ 45.669204718481758, 5.623661602537506 ], [ 45.536912274980793, 5.721263113821803 ], [ 45.099422847618612, 5.757251645752159 ], [ 44.95495973335197, 5.77720041550743 ], [ 44.908668712354761, 5.779430400870462 ], [ 44.891783331909103, 5.777755630787418 ], [ 44.887488259031748, 5.782825178501309 ], [ 44.868302825513013, 5.781960337741557 ], [ 44.688113878783994, 5.798669550163992 ], [ 44.661983287154918, 5.798429683074412 ], [ 44.627542570264474, 5.810768692155156 ], [ 44.584141609377703, 5.815268460818207 ], [ 44.471199192353147, 5.845256167180502 ], [ 44.435678481695433, 5.865954412537431 ], [ 44.360786792729748, 5.867604578108839 ], [ 44.310725714559297, 5.880373609309496 ], [ 44.263604647204971, 5.880353809118811 ], [ 44.224723828973509, 5.895692563051668 ], [ 44.198473317281653, 5.917650653767574 ], [ 44.167882658303867, 5.926169999061743 ], [ 44.154242374592258, 5.933119416514598 ], [ 44.125881779552394, 5.944208520469224 ], [ 44.10729141459926, 5.95936720105911 ], [ 44.084810942315777, 5.968466465407576 ], [ 44.066610584258669, 5.983025205404176 ], [ 44.050870289215837, 5.998693836461941 ], [ 44.012299466587258, 6.013642626580006 ], [ 43.990669030023923, 6.027011491205702 ], [ 43.955158284304815, 6.044510035052729 ], [ 43.93272778010936, 6.047849821335679 ], [ 43.904857236821577, 6.071067813611435 ], [ 43.910327461927331, 6.094635632880233 ], [ 43.908047531399532, 6.122773058509543 ], [ 43.895367314589542, 6.141001448059721 ], [ 43.890767407939968, 6.186917261127831 ], [ 43.886807397830935, 6.207185418727115 ], [ 43.871787156991843, 6.231323271573441 ], [ 43.86548712114827, 6.257490902687662 ], [ 43.849996847883489, 6.27598927540796 ], [ 43.843456797644201, 6.29933716510986 ], [ 43.830776582654472, 6.317565548791153 ], [ 43.826816580407389, 6.337833707550327 ], [ 43.808576242783211, 6.356512082067082 ], [ 43.786635780626774, 6.367141201125673 ], [ 43.785505842721058, 6.387149376177311 ], [ 43.76973555584491, 6.405687742589673 ], [ 43.754665270089873, 6.42000649894929 ], [ 43.735644964368682, 6.450373807118776 ], [ 43.733774983283922, 6.464282537538 ], [ 43.720604861905677, 6.506708710565524 ], [ 43.70890470003549, 6.530686574245102 ], [ 43.697414469650774, 6.539375828976566 ], [ 43.696814500635874, 6.55011484636748 ], [ 43.682034183986076, 6.556064363712342 ], [ 43.679784172644943, 6.565423517914089 ], [ 43.674104068141027, 6.57053307843766 ], [ 43.658073737134629, 6.579642320466509 ], [ 43.652183687122594, 6.600030478311083 ], [ 43.640833470816666, 6.610239594231218 ], [ 43.638443452720686, 6.618088885856308 ], [ 43.628873286401024, 6.631187728946758 ], [ 43.625623278076397, 6.646746320512857 ], [ 43.603562890853674, 6.674733858588045 ], [ 43.59637275010364, 6.679983410426951 ], [ 43.584022535649183, 6.696381968463874 ], [ 43.570032277196255, 6.711410661074702 ], [ 43.556292034828282, 6.729479068727198 ], [ 43.548361920319785, 6.743947784852653 ], [ 43.547751953710609, 6.754686802609141 ], [ 43.53363167962484, 6.768195627743436 ], [ 43.522801507728659, 6.784464194346046 ], [ 43.501351078759406, 6.801712716606223 ], [ 43.481680715656935, 6.821840968301926 ], [ 43.466690459966983, 6.843069093713488 ], [ 43.443599985907753, 6.858947745009548 ], [ 43.431249779048962, 6.875346305367326 ], [ 43.398579138424154, 6.904313812810357 ], [ 43.38916907612515, 6.937240849450019 ], [ 43.348618407945629, 6.998985393235488 ], [ 43.344498421016851, 7.022263288148118 ], [ 43.337208347234757, 7.044301311203422 ], [ 43.334648486260662, 7.085747531901156 ], [ 43.342918804536765, 7.110925196461753 ], [ 43.347029039324461, 7.141072419633534 ], [ 43.346459166233181, 7.170119768277589 ], [ 43.352339470659714, 7.203156724296643 ], [ 43.354949664870247, 7.23078418846758 ], [ 43.362089974296936, 7.260651420710346 ], [ 43.361870050949008, 7.27593002696576 ], [ 43.352850020222995, 7.313396653131916 ], [ 43.343619872243494, 7.328315332031672 ], [ 43.329319497685397, 7.320126151480058 ], [ 43.295878658735738, 7.310987149851156 ], [ 43.269627929670001, 7.290319161675094 ], [ 43.252507481837768, 7.281040095252967 ], [ 43.228756883358976, 7.273720876998088 ], [ 43.212186396170409, 7.254882676582478 ], [ 43.179175516001436, 7.23483466869039 ], [ 43.103573446645179, 7.177980216402982 ], [ 43.087923031967257, 7.169921025112383 ], [ 43.055922156754846, 7.145703379235277 ], [ 43.032941544664567, 7.131524783381487 ], [ 43.016051107406909, 7.124935461928124 ], [ 42.996890566711848, 7.107687122042226 ], [ 42.972139966416087, 7.104547528878612 ], [ 42.952439454679492, 7.096858315874814 ], [ 42.922478663795786, 7.080609935540819 ], [ 42.915618500919457, 7.079890039276283 ], [ 42.902748086639278, 7.056622213970808 ], [ 42.879457519552936, 7.054702496241188 ], [ 42.868197227593498, 7.050312946662453 ], [ 42.852886884592721, 7.054822606882097 ], [ 42.831626365915746, 7.052832888103769 ], [ 42.807965798348718, 7.05371291260243 ], [ 42.778185042514352, 7.044613879633086 ], [ 42.730853947470763, 7.05355328707622 ], [ 42.634861693121451, 7.064452732275534 ], [ 42.616081284762103, 7.074101941193093 ], [ 42.59924090061849, 7.079601514313171 ], [ 42.521209075516119, 7.092080741745008 ], [ 42.50895881744583, 7.100060068960255 ], [ 42.494748501799016, 7.106379559257446 ], [ 42.471327953008348, 7.109869350218937 ], [ 42.455347618262664, 7.12255827127723 ], [ 42.439627279573386, 7.130667608367744 ], [ 42.430287086415269, 7.138676924196711 ], [ 42.413176698450279, 7.14387652875975 ], [ 42.387566094880718, 7.147896277957018 ], [ 42.336814966184278, 7.171024410902643 ], [ 42.32303467735796, 7.180773590532874 ], [ 42.277573671252483, 7.202841794599823 ], [ 42.255223139870409, 7.205371667462996 ], [ 42.235032642991939, 7.204965131947355 ], [ 42.204365854921534, 7.195830766637419 ], [ 42.205611640808186, 7.14223761758734 ], [ 42.187871011367456, 7.097601744446791 ], [ 42.158520089292203, 7.052535957947194 ], [ 42.163550022507494, 7.008329938372158 ], [ 42.140849290011595, 6.968483643490295 ], [ 42.135069095174451, 6.955384857077358 ], [ 42.10695830019062, 6.931437152522983 ], [ 42.099638064316572, 6.916958492590125 ], [ 42.077137389602981, 6.887961215568359 ], [ 42.076427270536804, 6.865213273467688 ], [ 42.067826966376664, 6.842315382228694 ], [ 42.063786124901505, 6.82715430499818 ], [ 42.056436295436264, 6.749993792719607 ], [ 42.026395381360253, 6.707657747344875 ], [ 42.015545010619391, 6.681690144373006 ], [ 42.014364890593569, 6.659852118512316 ], [ 42.000084472949638, 6.642863716682125 ], [ 42.001284446465796, 6.629894883977347 ], [ 42.007384534962583, 6.615636154352667 ], [ 42.004944408967063, 6.598877674163679 ], [ 42.042055248481802, 6.58306895306124 ], [ 42.101966549151577, 6.544972157798664 ], [ 42.119506846160206, 6.513324950225721 ], [ 42.122376862080714, 6.500146128781938 ], [ 42.155897510128263, 6.45986963902673 ], [ 42.196178371342704, 6.43177202074619 ], [ 42.239009299121541, 6.405294240333263 ], [ 42.254269625648035, 6.393905209466613 ], [ 42.266289797189785, 6.364707810615601 ], [ 42.297880453332724, 6.338300076904249 ], [ 42.364431980506609, 6.318591591298563 ], [ 42.452774072485404, 6.310611961930728 ], [ 42.48189477134104, 6.310771831322732 ], [ 42.509595394870118, 6.30071262696447 ], [ 42.552346386459433, 6.292253221105452 ], [ 42.565196669323619, 6.28587374877524 ], [ 42.610697691301887, 6.270344977310239 ], [ 42.644868491150433, 6.265675261287504 ], [ 42.703469833169954, 6.251326329542926 ], [ 42.742670759437495, 6.249156363898662 ], [ 42.762741196712405, 6.23877722579133 ], [ 42.780721482261001, 6.205020224027889 ], [ 42.803701921756144, 6.17733264731753 ], [ 42.825382280504115, 6.139016037511285 ], [ 42.848672792567143, 6.128646893038955 ], [ 42.910734172336035, 6.105988702906882 ], [ 42.980185758393425, 6.092059690747762 ], [ 43.004568385404816, 6.091584339410245 ], [ 42.913499769831155, 5.983643880200779 ], [ 42.726641960720904, 5.757338653017613 ], [ 42.733608573833941, 5.7432623398377 ], [ 42.758069120857087, 5.733563128367387 ], [ 42.792059856397501, 5.715874604631325 ], [ 42.831430746568572, 5.704495495900828 ], [ 42.84671107426837, 5.695326268820565 ], [ 42.861651419187673, 5.692786443497674 ], [ 42.896502206760502, 5.68288720946662 ], [ 42.91585263152399, 5.674407909738945 ], [ 42.939813173326613, 5.667738428413595 ], [ 42.987934265739611, 5.656599257520034 ], [ 43.016144923436876, 5.655319273545558 ], [ 43.052215724022737, 5.643420221184477 ], [ 43.134633645790181, 5.638908320398744 ], [ 43.152218094398549, 5.649469294530165 ], [ 43.164848405474523, 5.653218909241152 ], [ 43.189939038813101, 5.665047732999055 ], [ 43.222729783337407, 5.659638100692583 ], [ 43.277391044328546, 5.655318292154053 ], [ 43.435314697745774, 5.647878369880222 ], [ 43.47321562174649, 5.659127195390711 ], [ 43.500726273515454, 5.663966650376714 ], [ 43.521106781815291, 5.671915847073765 ], [ 43.544357367982101, 5.684524610050509 ], [ 43.579818228215245, 5.69600342171438 ], [ 43.593068578815434, 5.707072357515839 ], [ 43.626299401181051, 5.721220938107838 ], [ 43.63976976713402, 5.734729654922973 ], [ 43.655680186155614, 5.748018373946924 ], [ 43.669570577306729, 5.766406639202106 ], [ 43.673060706163845, 5.778385536135613 ], [ 43.683460976297901, 5.784804902040317 ], [ 43.694491281770702, 5.798543605641009 ], [ 43.707481622179237, 5.809422561130773 ], [ 43.723462039881596, 5.820461490148655 ], [ 43.755222760867319, 5.817521633033884 ], [ 43.779523298054706, 5.811512082451357 ], [ 43.80744382767665, 5.782864590314722 ], [ 43.826574220787002, 5.771295574059879 ], [ 43.83944450262787, 5.76785583686539 ], [ 43.871345107531312, 5.736508577230113 ], [ 43.896765616358273, 5.716940266669958 ], [ 43.912195890710755, 5.695832139067027 ], [ 43.948156553163216, 5.655615678971517 ], [ 43.993117497252662, 5.634237459366754 ], [ 44.062939019885569, 5.615478901254251 ], [ 44.094489715848617, 5.610099273763083 ], [ 44.112160054234892, 5.594200659729089 ], [ 44.17751146057735, 5.572902360821754 ], [ 44.205742046823396, 5.559733454083633 ], [ 44.249563009048401, 5.55148404103938 ], [ 44.276163481380152, 5.517047092422258 ], [ 44.28692365625799, 5.498828721971567 ], [ 44.300953934625468, 5.490149462938333 ], [ 44.314364178009946, 5.474150883031399 ], [ 44.350954872818832, 5.441253762439905 ], [ 44.362125073660835, 5.427924936924943 ], [ 44.387945594005309, 5.413236188695613 ], [ 44.415806142824493, 5.392377994786707 ], [ 44.510408094531059, 5.346731826215551 ], [ 44.58567962795675, 5.305335341965302 ], [ 44.617020294511597, 5.297515937933821 ], [ 44.652621029639057, 5.281917240980831 ], [ 44.668471322226722, 5.265698668501127 ], [ 44.746952844945675, 5.204324015520028 ], [ 44.765253186974569, 5.187875457306103 ], [ 44.805683916918909, 5.142319500611931 ], [ 44.820904168589657, 5.11877160630022 ], [ 44.849534653987227, 5.079225139116271 ], [ 44.878795185396086, 5.047007996573107 ], [ 44.915795900904904, 5.018990437330606 ], [ 44.92920614090162, 5.002981860383526 ], [ 44.949946532602183, 4.986313322562594 ], [ 45.002630839155593, 4.933604647711376 ] ] ] } },
{ "type": "Feature", "properties": { "shapeName": "Sheka", "shapeISO": "", "shapeID": "57463737B63626574921368", "shapeGroup": "ETH", "shapeType": "ADM2" }, "geometry": { "type": "Polygon", "coordinates": [ [ [ 35.664932412623045, 7.209888846803958 ], [ 35.658555401767615, 7.22916288350451 ], [ 35.652547037121074, 7.231289560652111 ], [ 35.631915252459748, 7.232137916106319 ], [ 35.623760215095011, 7.238312930546845 ], [ 35.618850184938303, 7.235662932252115 ], [ 35.60960013210078, 7.234952945979287 ], [ 35.603330106669539, 7.242692962004631 ], [ 35.594420060411146, 7.245892978874991 ], [ 35.583649992923256, 7.240152980792089 ], [ 35.573809945013963, 7.243602995626373 ], [ 35.567099916074895, 7.251813018229203 ], [ 35.556389861235481, 7.257363034969818 ], [ 35.54469979127721, 7.251413042963756 ], [ 35.523179675141506, 7.258583076685596 ], [ 35.500869547507847, 7.252873094815677 ], [ 35.491249492832317, 7.255853103977315 ], [ 35.484949469198895, 7.261983122156469 ], [ 35.481939457628521, 7.270573135373776 ], [ 35.483549490026171, 7.288503160105541 ], [ 35.488559545728421, 7.312563191267722 ], [ 35.487439589563969, 7.358193256568509 ], [ 35.492709644997745, 7.383403285848245 ], [ 35.500314704356363, 7.397248293149535 ], [ 35.489479675326663, 7.426509343693557 ], [ 35.510479810044139, 7.440783342082535 ], [ 35.517009881864276, 7.469483374726943 ], [ 35.52488994594804, 7.484623382736157 ], [ 35.537610022066922, 7.491703373543428 ], [ 35.57621025096325, 7.502603349067213 ], [ 35.588240335784207, 7.511983345690652 ], [ 35.583270361589989, 7.557733409997721 ], [ 35.579880364090329, 7.578753440153462 ], [ 35.575740357859196, 7.593603466369449 ], [ 35.573510384860889, 7.623943508363422 ], [ 35.575270405056258, 7.634053517488991 ], [ 35.58027044180119, 7.644603524726175 ], [ 35.590680513224932, 7.652383522402071 ], [ 35.604100598968742, 7.659913512258417 ], [ 35.61268066125546, 7.671833522554057 ], [ 35.590330563854941, 7.695353578338221 ], [ 35.589670573655916, 7.708223593902822 ], [ 35.608870689735632, 7.716193578331753 ], [ 35.612830732686128, 7.728133590608777 ], [ 35.615430769112635, 7.746043605741649 ], [ 35.613150767912003, 7.759373630106061 ], [ 35.61299079526701, 7.783963660351661 ], [ 35.606987447183727, 7.810733610283991 ], [ 35.590385472755358, 7.80978863096925 ], [ 35.570935153348017, 7.814078488571324 ], [ 35.555394902490718, 7.821368206289827 ], [ 35.545164756333243, 7.832147763199542 ], [ 35.536974658756691, 7.850536990165523 ], [ 35.531284628564862, 7.88113568990232 ], [ 35.521489494471986, 7.896755040070315 ], [ 35.51294434630902, 7.893495196622037 ], [ 35.505564203919178, 7.885855544490754 ], [ 35.49795406493508, 7.881445744761921 ], [ 35.490993955339938, 7.883715666947916 ], [ 35.47507366140885, 7.874656087699145 ], [ 35.460493416543756, 7.873666166340254 ], [ 35.434292999131657, 7.883905777874374 ], [ 35.429496733432742, 7.881975000224466 ], [ 35.419188478004656, 7.865286500930519 ], [ 35.410249706189688, 7.844513972762252 ], [ 35.40133989474721, 7.830728010853684 ], [ 35.389902129441296, 7.828178266451421 ], [ 35.372751851449763, 7.833628071038243 ], [ 35.358811631204183, 7.844147644295668 ], [ 35.350619108649418, 7.836028096456326 ], [ 35.342789291853805, 7.822524023468427 ], [ 35.341637246647544, 7.777769766750906 ], [ 35.32565591032742, 7.766491051116466 ], [ 35.311560665313699, 7.762141263728699 ], [ 35.293790346139261, 7.753061690132982 ], [ 35.290643940499265, 7.748395930386597 ], [ 35.276324969418191, 7.747169946545103 ], [ 35.248701267649707, 7.727675727679924 ], [ 35.223489594666198, 7.704268299611241 ], [ 35.220921998363224, 7.681410464446784 ], [ 35.221077902217409, 7.663766541846573 ], [ 35.213080581257778, 7.652667295623539 ], [ 35.173690149773591, 7.65539932646843 ], [ 35.11678783926763, 7.646263195236756 ], [ 35.116390825339131, 7.631968066834775 ], [ 35.146413790693664, 7.631412525358023 ], [ 35.167060551040251, 7.616044439096592 ], [ 35.165461622614856, 7.581584216187172 ], [ 35.170870715990951, 7.556326255514922 ], [ 35.172671696679203, 7.533934462557281 ], [ 35.146973327994779, 7.520696568351616 ], [ 35.138837309309466, 7.513258870102877 ], [ 35.127533162307252, 7.49681670699249 ], [ 35.121472753009279, 7.484682507633706 ], [ 35.123156194422485, 7.479786475697198 ], [ 35.162167864721944, 7.472543769025325 ], [ 35.19000801051844, 7.456813716273032 ], [ 35.210268142377402, 7.473053718086045 ], [ 35.244664547244611, 7.474860550948837 ], [ 35.254464335926521, 7.479565527560102 ], [ 35.263088033421205, 7.481405627822989 ], [ 35.273361047936952, 7.472663688741188 ], [ 35.310313071481531, 7.480363598959257 ], [ 35.32081361841302, 7.464195032250612 ], [ 35.329709500316639, 7.462791209364387 ], [ 35.346069797697837, 7.454059525586719 ], [ 35.356568339591057, 7.437889145453419 ], [ 35.374407973553701, 7.429167855947866 ], [ 35.368594969253586, 7.415818915045275 ], [ 35.393058511420939, 7.397375554107203 ], [ 35.388303563783751, 7.351863919368504 ], [ 35.383515859925616, 7.335450972880219 ], [ 35.375672850747492, 7.291177380894076 ], [ 35.371050929319651, 7.278563496814607 ], [ 35.354138203801995, 7.263601388498227 ], [ 35.346567141177786, 7.240184416048622 ], [ 35.373617013845575, 7.232234555221307 ], [ 35.340821532877051, 7.188352120597664 ], [ 35.335153477310463, 7.189487957946453 ], [ 35.334744839892281, 7.181144603715019 ], [ 35.353805855062433, 7.155098367189976 ], [ 35.369456753189603, 7.145397618388418 ], [ 35.381109910834759, 7.124037492999235 ], [ 35.399018832206245, 7.123743011983963 ], [ 35.417468930249186, 7.119092988861229 ], [ 35.433869033950799, 7.128472983060488 ], [ 35.430899029208227, 7.141573003890616 ], [ 35.430699051638143, 7.159963030782745 ], [ 35.437399095033932, 7.16362303007105 ], [ 35.455179198657113, 7.169083020033 ], [ 35.517479536645588, 7.162002945943738 ], [ 35.531109621084312, 7.167482938087859 ], [ 35.547279725883399, 7.178232930770127 ], [ 35.569219848696463, 7.184362918278722 ], [ 35.60829307327019, 7.188554881580761 ], [ 35.620240147100667, 7.193162873872283 ], [ 35.633860220841122, 7.194272862011101 ], [ 35.647020304443906, 7.198592849329082 ], [ 35.664932412623045, 7.209888846803958 ] ] ] } },
{ "type": "Feature", "properties": { "shapeName": "Sidama", "shapeISO": "", "shapeID": "57463737B92297495098422", "shapeGroup": "ETH", "shapeType": "ADM2" }, "geometry": { "type": "Polygon", "coordinates": [ [ [ 38.297403270145097, 6.41697501309182 ], [ 38.303667035149445, 6.416027261012933 ], [ 38.31070454428955, 6.416920065330245 ], [ 38.316901740381596, 6.408779685376 ], [ 38.327510519595648, 6.408254484284146 ], [ 38.34095531486706, 6.411300538597569 ], [ 38.359231818480296, 6.40583858517491 ], [ 38.385176064056232, 6.40699395308796 ], [ 38.392633715227213, 6.403107571369053 ], [ 38.395364673264773, 6.393234085488833 ], [ 38.398830901062723, 6.388402376823509 ], [ 38.398463259293102, 6.381522451009275 ], [ 38.391929625750421, 6.357308191564329 ], [ 38.394690486245146, 6.351876695177804 ], [ 38.404236225198758, 6.346830145040182 ], [ 38.410082778743622, 6.3524360619741 ], [ 38.418621638502415, 6.36432397967075 ], [ 38.424577344222072, 6.366833083993248 ], [ 38.428471675498152, 6.387221872937934 ], [ 38.441863872590162, 6.406638069466645 ], [ 38.454118671588418, 6.418043249891133 ], [ 38.476114076758186, 6.431648043099049 ], [ 38.504624228530709, 6.43761800668683 ], [ 38.538409389202812, 6.438067954563698 ], [ 38.567374535168909, 6.441727914540871 ], [ 38.584144608712947, 6.438287884232547 ], [ 38.607147502994245, 6.424109419952056 ], [ 38.62757478824512, 6.418307795938828 ], [ 38.64584721067866, 6.424452151030789 ], [ 38.662284955808175, 6.420357741002923 ], [ 38.672844996482816, 6.410257713628462 ], [ 38.691455078967273, 6.407497680330499 ], [ 38.707995137888958, 6.393727640400808 ], [ 38.739485313602103, 6.410227604616922 ], [ 38.75879040804076, 6.410342577778098 ], [ 38.772325454196427, 6.401037541872866 ], [ 38.812965582480459, 6.357197430146472 ], [ 38.83286051688804, 6.344496427953668 ], [ 38.853375715490387, 6.321617332937807 ], [ 38.874945783676075, 6.302117274773896 ], [ 38.886415817707608, 6.286057237191438 ], [ 38.898575830097386, 6.259897187038288 ], [ 38.921755892186184, 6.229847121912592 ], [ 38.937345926077583, 6.201627059747932 ], [ 38.950885958152426, 6.18166702277777 ], [ 38.961435974304408, 6.160566974750313 ], [ 38.988966083790068, 6.148396923872667 ], [ 39.035326286134115, 6.138736834547315 ], [ 39.056456393880886, 6.147206816783281 ], [ 39.080556522938963, 6.154296781358763 ], [ 39.103736631079286, 6.15863674980728 ], [ 39.132701366016889, 6.160082173952515 ], [ 39.131258642654771, 6.167291754687078 ], [ 39.114048405714342, 6.177851332460165 ], [ 39.104438316316944, 6.203540233804654 ], [ 39.10054829582316, 6.219819525080091 ], [ 39.086808170347616, 6.253298094393203 ], [ 39.091691320062502, 6.272088708675836 ], [ 39.11028687629603, 6.288616885335445 ], [ 39.120387546368285, 6.300277796939823 ], [ 39.126588949652351, 6.323174934211876 ], [ 39.127752988255644, 6.337350120562776 ], [ 39.128229029763787, 6.345633944327457 ], [ 39.122069026019687, 6.381862367310347 ], [ 39.108368957454999, 6.438959893709035 ], [ 39.10080888696568, 6.456849133761722 ], [ 39.096238857868613, 6.473358415869847 ], [ 39.097458997290865, 6.522876239341121 ], [ 39.087058900184523, 6.546430234531514 ], [ 39.070628670321362, 6.554554919686628 ], [ 39.053408416081616, 6.558244798124123 ], [ 39.049288386288445, 6.571084248180273 ], [ 39.053760505870471, 6.585305791289454 ], [ 39.065365738671105, 6.600073645888104 ], [ 39.060148648553579, 6.610042504706061 ], [ 39.033038236029796, 6.613062444871351 ], [ 38.960478598626835, 6.602136194851669 ], [ 38.94251684113793, 6.61159274018531 ], [ 38.945296932659268, 6.631531854406379 ], [ 38.950262043788385, 6.645056253944356 ], [ 38.935262874097845, 6.656863422421393 ], [ 38.918686592737089, 6.66046065401741 ], [ 38.90260636057441, 6.666910416819419 ], [ 38.87778598317783, 6.669460367178528 ], [ 38.855955646377836, 6.669950403539405 ], [ 38.838586862335823, 6.676166170364332 ], [ 38.834375374189115, 6.692909451511123 ], [ 38.818765160613019, 6.704858960827464 ], [ 38.810715027442164, 6.702569085974289 ], [ 38.780134551322831, 6.701459209863031 ], [ 38.755074155256906, 6.698279415731512 ], [ 38.743123979094548, 6.702189272128974 ], [ 38.728193772479734, 6.713218830557158 ], [ 38.72177371637931, 6.731348048863609 ], [ 38.706383513926241, 6.743287567275965 ], [ 38.689373251485499, 6.74560750770341 ], [ 38.679253108555976, 6.750207327741711 ], [ 38.672833040507776, 6.763516761256844 ], [ 38.659042840768521, 6.770866479358422 ], [ 38.64432260850117, 6.769966556256362 ], [ 38.636502499132227, 6.772956444926288 ], [ 38.6372225828758, 6.800945215854672 ], [ 38.640685170765046, 6.813925374056445 ], [ 38.668430662123683, 6.833512154951628 ], [ 38.699175835176263, 6.849808117309609 ], [ 38.714918139379073, 6.861811508599017 ], [ 38.705633864825423, 6.88667128337595 ], [ 38.700593835639637, 6.904570509665235 ], [ 38.705463980032675, 6.931859301101849 ], [ 38.702033970055567, 6.94631867384375 ], [ 38.695603902693811, 6.958718147294122 ], [ 38.701364491498111, 6.969869541248331 ], [ 38.71200152389779, 6.974981144132118 ], [ 38.715214293076237, 6.992636605971132 ], [ 38.711334288287226, 7.014205673621721 ], [ 38.698493137391367, 7.01505058399163 ], [ 38.690214778324481, 7.002088951965332 ], [ 38.6782456877377, 7.006576027657056 ], [ 38.675213734928668, 7.01769561667461 ], [ 38.678908599386254, 7.030016490643064 ], [ 38.685283841359386, 7.03517020526591 ], [ 38.681703919980571, 7.049574199792986 ], [ 38.66883375050373, 7.061073730415975 ], [ 38.654343528041451, 7.062923681664727 ], [ 38.637783283822898, 7.067313534136273 ], [ 38.647003504648303, 7.096756458412979 ], [ 38.631173293554816, 7.112061585593913 ], [ 38.612323035008473, 7.125391056570945 ], [ 38.584472600625823, 7.127501034301912 ], [ 38.567192295161156, 7.113531697629009 ], [ 38.54694468327768, 7.092090788844146 ], [ 38.528961636185144, 7.092242727724735 ], [ 38.505931267662824, 7.089052932212173 ], [ 38.480850885372185, 7.091612883120403 ], [ 38.464740653156547, 7.10104251083931 ], [ 38.460850639487383, 7.119401719960091 ], [ 38.443376272024999, 7.128023494352078 ], [ 38.421669395308108, 7.123732577583666 ], [ 38.401459711288531, 7.122681730786951 ], [ 38.378899376971546, 7.130971427032124 ], [ 38.357739085746132, 7.147060776469249 ], [ 38.343018902033634, 7.165660002163865 ], [ 38.32272028193325, 7.162950498992414 ], [ 38.31425443504515, 7.148319041373994 ], [ 38.306083871699236, 7.122824396870485 ], [ 38.29000791320653, 7.108322645351158 ], [ 38.255254386850545, 7.061114943624179 ], [ 38.238743840337278, 7.021275498416498 ], [ 38.217186524391529, 7.015626887527345 ], [ 38.194616163027185, 7.013567031564174 ], [ 38.170895762708746, 7.002097594804245 ], [ 38.147405328041167, 6.978688675769546 ], [ 38.130118682293762, 6.975054934873792 ], [ 38.127208185454784, 6.961989169483519 ], [ 38.130233166626446, 6.943249147012347 ], [ 38.129023142869244, 6.930379137296932 ], [ 38.121023025776694, 6.883049092654129 ], [ 38.111042930936577, 6.854569084965377 ], [ 38.094172805155331, 6.828649080156604 ], [ 38.077171823016549, 6.791030903459626 ], [ 38.06329832294972, 6.736751929786252 ], [ 38.053209297477721, 6.71321106168409 ], [ 38.051986370247015, 6.700676306542292 ], [ 38.047585370740101, 6.692378689443066 ], [ 38.031704283135838, 6.677940804375507 ], [ 38.032502166945832, 6.671950238932632 ], [ 38.028697705088703, 6.666782874663586 ], [ 38.022106716246306, 6.663484638645209 ], [ 38.0158334069395, 6.663243020637978 ], [ 38.01073888174826, 6.661165482244763 ], [ 38.00585210578032, 6.65546578907535 ], [ 37.996750008747348, 6.653282874020745 ], [ 37.984191319696961, 6.634350129757657 ], [ 37.974187437304984, 6.627545430043148 ], [ 37.970160520089763, 6.622683700588666 ], [ 37.963073194438479, 6.610013462609057 ], [ 37.948635456907503, 6.600409988571151 ], [ 37.941927991831577, 6.599905087493183 ], [ 37.938189792615866, 6.604796705242475 ], [ 37.931983935347837, 6.607079732080572 ], [ 37.924407090326063, 6.621286463038643 ], [ 37.917803390984972, 6.62348769819053 ], [ 37.912324124836772, 6.621045871284609 ], [ 37.90640405509221, 6.609203972922154 ], [ 37.908962559107131, 6.602374994125674 ], [ 37.9125330372609, 6.597827050453376 ], [ 37.913427360797023, 6.591928445986446 ], [ 37.919276237411573, 6.575636762214789 ], [ 37.933516313260384, 6.55846883484361 ], [ 37.953479060722131, 6.550882985524241 ], [ 37.969582350985419, 6.55021753916366 ], [ 37.984221718035265, 6.558202590647555 ], [ 37.997671012400517, 6.576874098207011 ], [ 38.016744204677273, 6.576874070275548 ], [ 38.034331153357655, 6.562754981326655 ], [ 38.052413490264428, 6.536003045688934 ], [ 38.091550676072579, 6.527333387222972 ], [ 38.101954215701241, 6.513957417512035 ], [ 38.115330200748723, 6.500829146350938 ], [ 38.140100588352674, 6.507269383950527 ], [ 38.150504133492745, 6.497856659540038 ], [ 38.144311481697301, 6.459462726242378 ], [ 38.156042524126505, 6.440528541794959 ], [ 38.171442615727784, 6.451098529377343 ], [ 38.216322146251642, 6.464738576942671 ], [ 38.222272881768056, 6.462368468019403 ], [ 38.2464130121949, 6.469498437274861 ], [ 38.26090306025187, 6.453428395398162 ], [ 38.283683151088013, 6.438748345891466 ], [ 38.297403270145097, 6.41697501309182 ] ] ] } },
{ "type": "Feature", "properties": { "shapeName": "Siti", "shapeISO": "", "shapeID": "57463737B50434499514610", "shapeGroup": "ETH", "shapeType": "ADM2" }, "geometry": { "type": "Polygon", "coordinates": [ [ [ 42.34069066227628, 9.720589698057674 ], [ 42.347108997186034, 9.722333218825616 ], [ 42.356679217882196, 9.718833476556322 ], [ 42.377490789151139, 9.714812093998987 ], [ 42.449455270150224, 9.722959980089859 ], [ 42.499879662355482, 9.722025990097469 ], [ 42.568979861749739, 9.737898076442454 ], [ 42.61940439217625, 9.759372340691872 ], [ 42.648351836960479, 9.776178351292343 ], [ 42.664719414776592, 9.777515212842083 ], [ 42.663107329328824, 9.791884970100854 ], [ 42.677237771394054, 9.805403652853844 ], [ 42.688328179249439, 9.826601665893627 ], [ 42.702618638425754, 9.841960182695392 ], [ 42.730749495430921, 9.867147727477377 ], [ 42.737419883811143, 9.901724555536877 ], [ 42.746670253228984, 9.92310256134054 ], [ 42.759650865478363, 9.966368562323344 ], [ 42.758491028839401, 9.996115882611537 ], [ 42.747340889728868, 10.017524014211986 ], [ 42.729140611517025, 10.043291802172835 ], [ 42.721200514515211, 10.058850447904124 ], [ 42.715240535116521, 10.084858134339445 ], [ 42.747901478807236, 10.104336157880129 ], [ 42.770972096263371, 10.110645437771728 ], [ 42.803162993919649, 10.124563969882642 ], [ 42.830713847674652, 10.150151476788078 ], [ 42.884605444598677, 10.187367746919179 ], [ 42.856965021062102, 10.226494393800802 ], [ 42.840744890941203, 10.267390802620946 ], [ 42.820304549478806, 10.291788736556386 ], [ 42.805444336366946, 10.315676673205337 ], [ 42.786664167210667, 10.359622826804111 ], [ 42.776514227340606, 10.405578745252965 ], [ 42.75063389402942, 10.450514864257174 ], [ 42.737313891196656, 10.499460538526598 ], [ 42.716913610482628, 10.532077731535248 ], [ 42.705613630492017, 10.575533884541695 ], [ 42.707813995036695, 10.619869871117514 ], [ 42.722524649922917, 10.661436022624292 ], [ 42.741775318637828, 10.686813602833885 ], [ 42.768636334412165, 10.735099062818552 ], [ 42.797467469441649, 10.792853656268949 ], [ 42.897960946203099, 10.925101030465598 ], [ 42.933982103556637, 10.95917770044208 ], [ 42.944352564479161, 10.986335182074548 ], [ 42.918021969633685, 10.995794512963499 ], [ 42.853070386118048, 11.003444291269505 ], [ 42.760538526219847, 11.068219117076895 ], [ 42.702037148261972, 11.082128286634253 ], [ 42.656355937846712, 11.075099240699776 ], [ 42.611154782089571, 11.073659694394813 ], [ 42.579693941505468, 11.06813041455484 ], [ 42.53633275122548, 11.055251873262129 ], [ 42.512532039655362, 11.040563363066187 ], [ 42.475251033452928, 11.032764327211691 ], [ 42.440030014319532, 11.016326045738953 ], [ 42.405289050833744, 11.005467267509918 ], [ 42.334457214932385, 11.000768176711148 ], [ 42.238704765840296, 11.00118880494373 ], [ 42.187193382018989, 10.991879995337989 ], [ 42.079300549949359, 10.982171605830938 ], [ 42.035459288740562, 10.963713552398783 ], [ 41.904975857573497, 10.953275370844151 ], [ 41.817443813557816, 10.983883225398621 ], [ 41.769822631929898, 10.992072810963043 ], [ 41.764272489076255, 10.991732879520752 ], [ 41.761362349616839, 10.982803698996447 ], [ 41.740451719444607, 10.969195057797657 ], [ 41.718521125748943, 10.96564552142938 ], [ 41.700450691051074, 10.970175234881095 ], [ 41.681740166313482, 10.964745846847201 ], [ 41.635088965851111, 10.966166029800252 ], [ 41.583137594553669, 10.962936664612142 ], [ 41.484975073381136, 10.967766877511917 ], [ 41.410983085157667, 10.959338119970475 ], [ 41.393122669503747, 10.967177537836216 ], [ 41.349481508648765, 10.963398160574901 ], [ 41.301180257731154, 10.964928338629008 ], [ 41.269059371750821, 10.958719102434936 ], [ 41.241648410741981, 10.922232531186708 ], [ 41.234498022429712, 10.892055267755111 ], [ 41.232877804027439, 10.864527733061145 ], [ 41.220957294786871, 10.835340408210305 ], [ 41.208356874484124, 10.821181751673725 ], [ 41.191776284123527, 10.797293990687669 ], [ 41.167325538807027, 10.780595636635491 ], [ 41.150044951198538, 10.760567532168725 ], [ 41.134004432930702, 10.744969021475798 ], [ 41.115763804491898, 10.721201258816226 ], [ 41.090872996862963, 10.697863494664142 ], [ 41.078162565575617, 10.682044980578906 ], [ 41.079882471085398, 10.659736963416799 ], [ 41.078782314531409, 10.64036869968508 ], [ 41.083342391001374, 10.633409287719196 ], [ 41.087932304118361, 10.601462111921617 ], [ 41.072201513998259, 10.54188752564831 ], [ 41.062271101469172, 10.517559752566289 ], [ 41.057870883253202, 10.501191242362509 ], [ 41.048040485871219, 10.478533322024392 ], [ 41.032739740566932, 10.422918379921187 ], [ 41.031329569576279, 10.401360313466908 ], [ 41.015918813089591, 10.344095521425922 ], [ 41.005988404928587, 10.319767756277203 ], [ 40.990837522046057, 10.240834891260011 ], [ 40.979716957707872, 10.195608996250439 ], [ 40.975566616122634, 10.157582419217579 ], [ 40.954735708573438, 10.096667984293594 ], [ 40.949575410764325, 10.068700512442309 ], [ 40.937444901024243, 10.036193490532527 ], [ 40.946924945291507, 10.002266463400534 ], [ 40.954365057775625, 9.988447655263711 ], [ 40.966695280473303, 9.972638998445444 ], [ 40.981545648680367, 9.969999147049414 ], [ 40.999826115357266, 9.968789151271521 ], [ 41.014246446413658, 9.960949768611885 ], [ 41.020456540298191, 9.949780731377119 ], [ 41.014826336188925, 9.940161621306286 ], [ 40.997445823285766, 9.929652664433544 ], [ 40.947564245268815, 9.881317275818699 ], [ 40.848221140963666, 9.791295893628639 ], [ 40.826450419413817, 9.764428421308109 ], [ 40.763978250606691, 9.668457348324861 ], [ 40.749577778770849, 9.652278873471928 ], [ 40.736207265001084, 9.622711592747036 ], [ 40.731417055767942, 9.607802954935817 ], [ 40.722706738989153, 9.591244480012119 ], [ 40.71540641660534, 9.566986689706047 ], [ 40.699885821202017, 9.533759746268213 ], [ 40.693865481767951, 9.499892810146134 ], [ 40.694442750007624, 9.445383634504664 ], [ 40.699445343943303, 9.448647358396837 ], [ 40.720415862674464, 9.444877580607272 ], [ 40.78410753584722, 9.4488868737822 ], [ 40.816648406747674, 9.453736262269286 ], [ 40.843249159060612, 9.464585150250723 ], [ 40.863069666529668, 9.464015092980214 ], [ 40.890880306023554, 9.449646224432303 ], [ 40.918410871135855, 9.422838472143715 ], [ 40.928401031344592, 9.406139909805205 ], [ 40.914740635943424, 9.39820070155506 ], [ 40.892100011361208, 9.390541509918123 ], [ 40.859109134537135, 9.386372062895722 ], [ 40.828948394379132, 9.394101534999745 ], [ 40.798527622816508, 9.396561482719296 ], [ 40.789707349875073, 9.387902302109726 ], [ 40.793507337996544, 9.368404024209816 ], [ 40.801207418844157, 9.346135982290408 ], [ 40.809397528132187, 9.327767579304954 ], [ 40.813447548228631, 9.311938972356941 ], [ 40.825637831636733, 9.306369410533128 ], [ 40.844988328573535, 9.305809355463648 ], [ 40.874989130307149, 9.310458773298521 ], [ 40.903849919017993, 9.319227835806217 ], [ 40.927860567711861, 9.324137265305248 ], [ 40.954441320223644, 9.336585999612161 ], [ 40.971601849604099, 9.352514483087123 ], [ 41.014963000308256, 9.35821373371771 ], [ 41.030973499522148, 9.373462276920151 ], [ 41.057374283218238, 9.392070463356568 ], [ 41.084435048614985, 9.405419119335066 ], [ 41.146336759387502, 9.425626961357517 ], [ 41.171347493592869, 9.442405313227166 ], [ 41.195698240683249, 9.463293308745349 ], [ 41.212463221381093, 9.481989311993148 ], [ 41.220779041936879, 9.49171061905683 ], [ 41.240209591004948, 9.499789782781411 ], [ 41.253144929834555, 9.501374567600568 ], [ 41.268450321085929, 9.500359572090415 ], [ 41.280570638057696, 9.502529305343957 ], [ 41.309591395115497, 9.504069007904812 ], [ 41.337392060345287, 9.495629605050487 ], [ 41.359932606798637, 9.49111988105683 ], [ 41.393983455207767, 9.486750083492167 ], [ 41.433514410229797, 9.476850744441638 ], [ 41.479935504435879, 9.461021906855152 ], [ 41.491865789282599, 9.458422065407646 ], [ 41.522966742018099, 9.486319383221801 ], [ 41.541507299788115, 9.500577996614638 ], [ 41.565057946213138, 9.507937195877837 ], [ 41.598628826828978, 9.512406606116613 ], [ 41.633639727275373, 9.514316229298613 ], [ 41.643499986364169, 9.51613601016002 ], [ 41.655060082016583, 9.482228995230269 ], [ 41.671100424604333, 9.471629855564363 ], [ 41.703181218184461, 9.467650025335113 ], [ 41.722851724288091, 9.468529835108363 ], [ 41.735522064350967, 9.472479406105137 ], [ 41.728932006765866, 9.490027863947473 ], [ 41.749973201417561, 9.601537704849623 ], [ 41.749506969722965, 9.637334487250081 ], [ 41.774734148963567, 9.654682773879133 ], [ 41.791904554017755, 9.650013091079051 ], [ 41.801944768604834, 9.643393630198453 ], [ 41.809584948073244, 9.641533752179026 ], [ 41.854186281822635, 9.674720496590105 ], [ 41.874146850045051, 9.684859467162891 ], [ 41.907047654713196, 9.680279684379483 ], [ 41.997339648074956, 9.632143477474816 ], [ 42.00929989462913, 9.623144220804615 ], [ 42.019820130955409, 9.618904541871037 ], [ 42.031720435078547, 9.61946442035298 ], [ 42.186685292900563, 9.774529496725311 ], [ 42.214266050733073, 9.784708406204686 ], [ 42.25190700116341, 9.784458200175564 ], [ 42.294437907707817, 9.758460284882648 ], [ 42.34069066227628, 9.720589698057674 ] ] ] } },
{ "type": "Feature", "properties": { "shapeName": "South Gonder", "shapeISO": "", "shapeID": "57463737B98964662910033", "shapeGroup": "ETH", "shapeType": "ADM2" }, "geometry": { "type": "Polygon", "coordinates": [ [ [ 38.474132844300577, 11.035545606867704 ], [ 38.479719349149114, 11.041096051492296 ], [ 38.480255536724052, 11.057042234521468 ], [ 38.467207636806876, 11.073974340794724 ], [ 38.47135798647038, 11.0801499772378 ], [ 38.476822014424656, 11.084731995548758 ], [ 38.478143397504034, 11.092918471217734 ], [ 38.482330995521707, 11.09861783279778 ], [ 38.487412158369345, 11.102526129393723 ], [ 38.494943430579305, 11.113576119739164 ], [ 38.504386482159674, 11.120508460357417 ], [ 38.513107036479077, 11.13149045128737 ], [ 38.516854372454404, 11.137028345491133 ], [ 38.517110650883602, 11.144583282302657 ], [ 38.530005768942544, 11.148470537221678 ], [ 38.546156098169767, 11.156757055262748 ], [ 38.55193665286815, 11.167304098985003 ], [ 38.556245212608893, 11.171480709326389 ], [ 38.563182009948378, 11.175200011907611 ], [ 38.564004081738744, 11.183720928081417 ], [ 38.572186149685947, 11.185097428791078 ], [ 38.57610845714126, 11.190551928967979 ], [ 38.576354658749558, 11.195465163786222 ], [ 38.578881260841015, 11.201035495146551 ], [ 38.580009994649686, 11.214551680847924 ], [ 38.570338032202983, 11.227405449115803 ], [ 38.574428310828708, 11.231233877341825 ], [ 38.584847961604019, 11.236193884272696 ], [ 38.589872645666219, 11.2495538863171 ], [ 38.594775681925171, 11.255319154734755 ], [ 38.60648264383309, 11.264598776050278 ], [ 38.609817964028878, 11.270335199944281 ], [ 38.609092389667424, 11.280074323179763 ], [ 38.617714025451427, 11.291028399426196 ], [ 38.616982080308063, 11.29820787558147 ], [ 38.625687753296852, 11.299165016792987 ], [ 38.632418097448216, 11.319086360578289 ], [ 38.633086295066647, 11.326883273902602 ], [ 38.640215524786015, 11.332301759784865 ], [ 38.641973726015529, 11.338320956386935 ], [ 38.635173937430189, 11.34375275765969 ], [ 38.635009937493912, 11.350704828595948 ], [ 38.638763813192966, 11.354367236761867 ], [ 38.643670941544144, 11.364295340776581 ], [ 38.648635837697711, 11.368560106091238 ], [ 38.650528364297635, 11.378338905964318 ], [ 38.655939468786777, 11.384641290663854 ], [ 38.670074888464178, 11.389258338945494 ], [ 38.675117172232497, 11.392306334808925 ], [ 38.678441839553678, 11.398071853402595 ], [ 38.701003991235019, 11.409210482236366 ], [ 38.705611092217723, 11.415480833304887 ], [ 38.706037885256769, 11.422554085993008 ], [ 38.69802843502206, 11.434895352311894 ], [ 38.698486866292079, 11.442183462065374 ], [ 38.701920799418644, 11.449982177151334 ], [ 38.703131709836519, 11.457226036516467 ], [ 38.702515297339573, 11.474799085970425 ], [ 38.705937367852322, 11.498775261196833 ], [ 38.704542445260806, 11.507036455735063 ], [ 38.705888026414542, 11.514381622477387 ], [ 38.716238293714113, 11.522096287388026 ], [ 38.718535461882269, 11.528324863193308 ], [ 38.718595521008673, 11.537890592585089 ], [ 38.714726063799361, 11.546312179223099 ], [ 38.706534042275763, 11.557038408073987 ], [ 38.695718646713516, 11.565158976002564 ], [ 38.682855813996589, 11.56942017900413 ], [ 38.673191843982757, 11.57758252169921 ], [ 38.670162367352006, 11.590088413985054 ], [ 38.650651899790653, 11.594491509075155 ], [ 38.642665109689091, 11.611108520578799 ], [ 38.635484940240069, 11.620153048420116 ], [ 38.631045226617161, 11.628973278305779 ], [ 38.629344228704632, 11.63722456786213 ], [ 38.626602077358548, 11.676214282434882 ], [ 38.629238784440744, 11.688602332525234 ], [ 38.633456525012342, 11.698644829014729 ], [ 38.631931703546883, 11.704169108134138 ], [ 38.616694865682, 11.718700029178912 ], [ 38.609307948414937, 11.723489289091237 ], [ 38.606919148478923, 11.728036271954155 ], [ 38.603963171009816, 11.745391703707439 ], [ 38.599061537422671, 11.751449775833885 ], [ 38.584458302932781, 11.758244469406362 ], [ 38.57105404651314, 11.766836265215611 ], [ 38.564904419700319, 11.76881286205043 ], [ 38.559396590326955, 11.772928469110374 ], [ 38.554062916459245, 11.789594714213303 ], [ 38.56484437620643, 11.807319530119175 ], [ 38.565930326392504, 11.814681656948771 ], [ 38.569801071629335, 11.820726107141379 ], [ 38.567927315897293, 11.825615158750661 ], [ 38.545734866421341, 11.846229826562192 ], [ 38.547934755821679, 11.853159209134015 ], [ 38.548264336102051, 11.864788194179203 ], [ 38.551263455155151, 11.870521676770267 ], [ 38.562992862220653, 11.88320850204329 ], [ 38.565775990418899, 11.891477764709959 ], [ 38.586432762605128, 11.922921903071844 ], [ 38.588660869905212, 11.930086265471662 ], [ 38.600951303259841, 11.944426943096838 ], [ 38.602062367790836, 11.949935456394574 ], [ 38.607293053858875, 11.956200379241743 ], [ 38.623041534763068, 11.962619226080211 ], [ 38.628586212522677, 11.966130553160486 ], [ 38.632359346390324, 11.970683967721175 ], [ 38.6343669397734, 11.976649935561062 ], [ 38.634624591928066, 12.000010899231516 ], [ 38.64094538022664, 12.01781481103856 ], [ 38.640162324693492, 12.025862281879133 ], [ 38.636295838690522, 12.032132092880966 ], [ 38.625680585715251, 12.039361526809591 ], [ 38.617768920445577, 12.048605269704952 ], [ 38.611429841300911, 12.064402933857247 ], [ 38.606067495001092, 12.073240946213765 ], [ 38.595230970670201, 12.078119337911241 ], [ 38.585303400202633, 12.078149728074003 ], [ 38.571403077206753, 12.082365862291539 ], [ 38.56421851990698, 12.087459984572167 ], [ 38.558582839546403, 12.094148764173552 ], [ 38.551690476316537, 12.106271484658272 ], [ 38.528693239359484, 12.120812775628529 ], [ 38.520377389289436, 12.122365190725795 ], [ 38.511932640196704, 12.120604144948699 ], [ 38.506565406858314, 12.113066547226969 ], [ 38.500636529611903, 12.113838926517843 ], [ 38.495373799232887, 12.120762230473943 ], [ 38.488914257732951, 12.123198658026631 ], [ 38.48456916221636, 12.127577592267999 ], [ 38.478609407410453, 12.148085371126125 ], [ 38.472044770136002, 12.164123634849735 ], [ 38.46665258062815, 12.195686226648192 ], [ 38.46326703429493, 12.203547230812076 ], [ 38.463973089374029, 12.209231732882776 ], [ 38.458354947150369, 12.211826540732227 ], [ 38.448436227275302, 12.221401519505553 ], [ 38.445607361076732, 12.229047789704856 ], [ 38.448027836038641, 12.24063985107772 ], [ 38.452563761174936, 12.248257662581608 ], [ 38.455723999777874, 12.258678988396641 ], [ 38.454919180738109, 12.26461047810117 ], [ 38.459661437924886, 12.284135254835968 ], [ 38.464331591786937, 12.287645421759605 ], [ 38.471910866836161, 12.29722204389409 ], [ 38.478782436675445, 12.299943233021477 ], [ 38.477305082333814, 12.307235808241376 ], [ 38.484370344868339, 12.317192734238423 ], [ 38.486471111482203, 12.323577333954621 ], [ 38.485496884102645, 12.334213750418229 ], [ 38.488669115507683, 12.34072049946346 ], [ 38.481741630665852, 12.35297957820916 ], [ 38.481556347406716, 12.361789382079074 ], [ 38.461008746786973, 12.379757616230609 ], [ 38.447633309126289, 12.396763056582682 ], [ 38.445225770988131, 12.401541157117382 ], [ 38.444439297029518, 12.409121253990907 ], [ 38.435858884149091, 12.421821455997746 ], [ 38.437467749910304, 12.432859989019523 ], [ 38.429497648276083, 12.452457839212787 ], [ 38.434789130351113, 12.465281445423171 ], [ 38.43587029337548, 12.472911361017989 ], [ 38.430904855004108, 12.478587566619147 ], [ 38.427677564836337, 12.486559645725313 ], [ 38.430584802766994, 12.49784556635327 ], [ 38.426591413119503, 12.506727905227926 ], [ 38.423221670232984, 12.52281503282642 ], [ 38.418747973349966, 12.528719584180386 ], [ 38.425453037983011, 12.531288801227742 ], [ 38.426049436677872, 12.538850709701926 ], [ 38.423319095708287, 12.549831169349364 ], [ 38.403496524481689, 12.548545676016431 ], [ 38.396948318202057, 12.545418487950451 ], [ 38.390522433400186, 12.539870174379502 ], [ 38.370348461660157, 12.52977650606271 ], [ 38.365220085345413, 12.524991751675218 ], [ 38.356290630649902, 12.514447419768231 ], [ 38.341673612274001, 12.485171295065328 ], [ 38.32301254548468, 12.471567970356901 ], [ 38.311432265410843, 12.460960743463509 ], [ 38.304324197604004, 12.449214011872481 ], [ 38.293273321122875, 12.437572962665843 ], [ 38.290468575085114, 12.432873023663467 ], [ 38.287352251447359, 12.42196276716929 ], [ 38.2834375448152, 12.41566508674992 ], [ 38.272035801624718, 12.406367628305761 ], [ 38.26093769552331, 12.394603980721772 ], [ 38.256005335055562, 12.391353970323404 ], [ 38.242945079807157, 12.387166919563564 ], [ 38.234357654460659, 12.380996720772915 ], [ 38.222710303733194, 12.37789225202035 ], [ 38.197035378516667, 12.361239156388045 ], [ 38.183652224801065, 12.347408101781383 ], [ 38.16551329933467, 12.335036615597261 ], [ 38.144989920838981, 12.32731355019032 ], [ 38.126103166768715, 12.327840397393452 ], [ 38.119781388064219, 12.315596172349739 ], [ 38.109399433986262, 12.306063860051635 ], [ 38.098909809813392, 12.301914256713935 ], [ 38.09130237774994, 12.301377561077667 ], [ 38.075850556833132, 12.302477069525349 ], [ 38.069664597342594, 12.305484540643704 ], [ 38.066364039404021, 12.327453363516749 ], [ 38.063075811677514, 12.332746091122768 ], [ 38.045002191012046, 12.324669508721033 ], [ 38.033016756073323, 12.313278442106425 ], [ 38.025957015005574, 12.313276115406145 ], [ 38.022925851587942, 12.308478096439098 ], [ 38.018321537196492, 12.305789523317744 ], [ 38.004717465956944, 12.308510068108703 ], [ 37.998804774855678, 12.299304699671348 ], [ 37.991993497992745, 12.292642692060484 ], [ 37.985027180530096, 12.293634771520042 ], [ 37.985378924402006, 12.300722513182924 ], [ 37.978074276575612, 12.303757836702419 ], [ 37.972082680530789, 12.29953417066255 ], [ 37.969013561340908, 12.29441763143355 ], [ 37.962953480668233, 12.289039674101552 ], [ 37.956803585828958, 12.289917360024571 ], [ 37.957711734620176, 12.305410413224665 ], [ 37.943922400910751, 12.30359333314183 ], [ 37.934466494154726, 12.280989163244914 ], [ 37.939277081683009, 12.272722975698446 ], [ 37.953281723262897, 12.263209292612684 ], [ 37.954420780368849, 12.25481981226746 ], [ 37.951851254495573, 12.242099553655196 ], [ 37.953458507022326, 12.234937289263595 ], [ 37.958623604737184, 12.226690723136565 ], [ 37.959908203255566, 12.219015539088723 ], [ 37.947420668106048, 12.221136269842768 ], [ 37.939330291856763, 12.224614515809874 ], [ 37.931829531253875, 12.233481192067106 ], [ 37.921354324866634, 12.259856069556665 ], [ 37.905979471300981, 12.260080056490317 ], [ 37.900016920735496, 12.266193645127306 ], [ 37.884069424513932, 12.28973323471088 ], [ 37.877325205665223, 12.288164576375559 ], [ 37.878030555556414, 12.28203956889309 ], [ 37.873610743132332, 12.278884201126736 ], [ 37.854389955202336, 12.272441670680585 ], [ 37.842022727371393, 12.260119508795109 ], [ 37.836039462364212, 12.244444899864471 ], [ 37.827849920958421, 12.23477753424393 ], [ 37.820425286976679, 12.23404505725007 ], [ 37.813213255996345, 12.235361068404478 ], [ 37.810075009011371, 12.240894309911878 ], [ 37.818775019902944, 12.252862057461487 ], [ 37.814941989328275, 12.266172975988525 ], [ 37.816546635148946, 12.282809693683273 ], [ 37.815111148272578, 12.291848920565039 ], [ 37.803802912518989, 12.306427225730998 ], [ 37.790900885812015, 12.30794600241506 ], [ 37.792166620623668, 12.313231204222227 ], [ 37.796499980453348, 12.31925095929196 ], [ 37.792098296733521, 12.342888640797426 ], [ 37.789225746013337, 12.348028913590474 ], [ 37.783915624291012, 12.353144801895812 ], [ 37.766819204507676, 12.364716901546087 ], [ 37.761350886902662, 12.36362452809202 ], [ 37.756963596284663, 12.35814809800225 ], [ 37.751624378473522, 12.355232642828023 ], [ 37.745161984221959, 12.356532834494766 ], [ 37.74259882645832, 12.350898936715003 ], [ 37.726864733374029, 12.331380139359382 ], [ 37.721854443669166, 12.327835350118363 ], [ 37.694231032749812, 12.331165055411722 ], [ 37.69078787162988, 12.3393287029395 ], [ 37.686308961353014, 12.342387698338019 ], [ 37.682494223895091, 12.337733422748007 ], [ 37.680466289528376, 12.330325356395464 ], [ 37.675439626123534, 12.324182148106397 ], [ 37.660786239248417, 12.314849950164614 ], [ 37.647128966910671, 12.299238489767758 ], [ 37.655594773977661, 12.276640228339991 ], [ 37.665382930211578, 12.275746948476931 ], [ 37.671253777419039, 12.26895244568208 ], [ 37.669654024201492, 12.261451333303039 ], [ 37.666377177045142, 12.256280437728057 ], [ 37.685598816595814, 12.259190707130989 ], [ 37.688795313420947, 12.255192120124601 ], [ 37.693958628816802, 12.241352111605856 ], [ 37.699324043025435, 12.243067057600673 ], [ 37.704172337009823, 12.241180109452216 ], [ 37.712981863013297, 12.231175858270179 ], [ 37.720689726212207, 12.226991408849203 ], [ 37.726146381534619, 12.221223642902245 ], [ 37.73205616889728, 12.218722142258962 ], [ 37.73655342984781, 12.21303044159149 ], [ 37.749580154427285, 12.211040970876075 ], [ 37.756885077920288, 12.2128851211443 ], [ 37.753498932139905, 12.18789093627157 ], [ 37.742891770469534, 12.183606034426303 ], [ 37.739504428864834, 12.177422255982297 ], [ 37.734052115993997, 12.172096248027964 ], [ 37.727658753739924, 12.16988997573617 ], [ 37.708363135636567, 12.172798783832674 ], [ 37.693974213194537, 12.170969399428353 ], [ 37.687477492969016, 12.16510936898824 ], [ 37.684061061222216, 12.158668331803035 ], [ 37.685032084846114, 12.150136428604268 ], [ 37.678169753322308, 12.148360995400528 ], [ 37.666506207291683, 12.142134226030816 ], [ 37.659573046507944, 12.139977076635189 ], [ 37.651836202240105, 12.14031271636691 ], [ 37.648173803209929, 12.147002950370567 ], [ 37.641970848554109, 12.149427984511806 ], [ 37.637316310581227, 12.146802764991065 ], [ 37.63756100535857, 12.140916495461139 ], [ 37.648954905899558, 12.125227588404995 ], [ 37.642604351204938, 12.122426352480007 ], [ 37.63520027236008, 12.122994514024191 ], [ 37.627364080320667, 12.134858660682573 ], [ 37.612501829465387, 12.131800711287221 ], [ 37.599724675566087, 12.127303887476062 ], [ 37.603402420173722, 12.122503614759358 ], [ 37.608148703697395, 12.119344028218782 ], [ 37.614486250938661, 12.110544503480336 ], [ 37.618124880012275, 12.100615342335665 ], [ 37.617437051966604, 12.090484973215466 ], [ 37.608269900097575, 12.066510099686218 ], [ 37.601066612554, 12.052366864450358 ], [ 37.601324776203732, 12.044932805853536 ], [ 37.590564209364032, 12.034627291530878 ], [ 37.59150719338934, 12.027176098514552 ], [ 37.590585127059434, 12.020371192636084 ], [ 37.58006340730909, 11.995390074166361 ], [ 37.573838799855338, 11.988702027935132 ], [ 37.57153110763673, 11.981330512298687 ], [ 37.57270601495329, 11.973878317892723 ], [ 37.571205273473971, 11.968213483094083 ], [ 37.548638365722432, 11.922317416995668 ], [ 37.541233224942026, 11.91287002622783 ], [ 37.522771812989333, 11.896496296383791 ], [ 37.515300268612577, 11.896975129209792 ], [ 37.5133214181377, 11.903885458758877 ], [ 37.498959084250828, 11.893850486239312 ], [ 37.503165101018624, 11.884432699072571 ], [ 37.500847987512273, 11.876069686394757 ], [ 37.501189211588148, 11.869815976230493 ], [ 37.506700335689267, 11.863911707773161 ], [ 37.510276771343847, 11.852057315119124 ], [ 37.515848912759544, 11.853365946501343 ], [ 37.514642357770398, 11.837524117667515 ], [ 37.507739430637621, 11.831199786883111 ], [ 37.499701659583934, 11.832593787800436 ], [ 37.496509335756379, 11.8267764815345 ], [ 37.482185378846893, 11.826480766876378 ], [ 37.478568057945601, 11.820090067909627 ], [ 37.473382781269351, 11.829779793592975 ], [ 37.469632073021934, 11.82085491000656 ], [ 37.46977350377302, 11.814727270769986 ], [ 37.460342973690913, 11.807920090482579 ], [ 37.461517379414353, 11.801173241061036 ], [ 37.45365028917395, 11.799058949855761 ], [ 37.449642518376635, 11.794616550276249 ], [ 37.455561129045023, 11.790479266184187 ], [ 37.457388675728581, 11.774574842990402 ], [ 37.454652220473776, 11.769760449983284 ], [ 37.449475906101405, 11.766343613905589 ], [ 37.447102327706844, 11.752663991031461 ], [ 37.440540821616587, 11.752506847244153 ], [ 37.436171969948795, 11.747754057984633 ], [ 37.436450143458345, 11.741561942963408 ], [ 37.426132858865913, 11.730940558338323 ], [ 37.436895019241277, 11.716924076506594 ], [ 37.443637422299759, 11.718847623895007 ], [ 37.455838112503571, 11.726375154995424 ], [ 37.46218794918753, 11.724329048520001 ], [ 37.466207522250592, 11.716854508278036 ], [ 37.472985255310455, 11.717968041673938 ], [ 37.494138038058971, 11.726254208185319 ], [ 37.500893842391996, 11.716390227566302 ], [ 37.499433754576053, 11.708117085994344 ], [ 37.501928707356079, 11.68685475056281 ], [ 37.522384670989716, 11.66546982891972 ], [ 37.529456803187479, 11.653021621000294 ], [ 37.542430961734254, 11.64504365955715 ], [ 37.541258148307875, 11.636730821174945 ], [ 37.535684220230024, 11.631880600951698 ], [ 37.528314382826771, 11.628211130408506 ], [ 37.52370671959072, 11.62236556268666 ], [ 37.518377425768719, 11.623743171702154 ], [ 37.513482559584446, 11.620927798184546 ], [ 37.512471609135495, 11.615000511772358 ], [ 37.519830931850365, 11.605344227852378 ], [ 37.517860964585559, 11.591320455813401 ], [ 37.535890600465635, 11.583379881683554 ], [ 37.541369565196263, 11.57891374005637 ], [ 37.543023250661726, 11.573720182169101 ], [ 37.531106035373412, 11.550913476641535 ], [ 37.523696536126344, 11.543909374138762 ], [ 37.515398227454462, 11.530550079274263 ], [ 37.513619473122382, 11.523880668002963 ], [ 37.514810667445516, 11.508930735235538 ], [ 37.529155449792874, 11.499858672083361 ], [ 37.536847829739443, 11.498825720444824 ], [ 37.547615997350654, 11.504062808010389 ], [ 37.564154466855122, 11.494975684643803 ], [ 37.574439333360949, 11.487298855193595 ], [ 37.585179806357843, 11.487501280154532 ], [ 37.590905124385969, 11.485458843785093 ], [ 37.597719707514592, 11.488133074760976 ], [ 37.60484528347228, 11.487918805336092 ], [ 37.610576106394397, 11.484672413749976 ], [ 37.622423499639645, 11.482161711347414 ], [ 37.631526433612919, 11.471723170292886 ], [ 37.63168695577388, 11.462750949385356 ], [ 37.634709615138121, 11.45486676866507 ], [ 37.652659159506264, 11.42814424644313 ], [ 37.654042823091558, 11.421072328120351 ], [ 37.65843883628127, 11.418287406519187 ], [ 37.670615902740607, 11.398025395644394 ], [ 37.676197123961877, 11.383386157765164 ], [ 37.681927986105272, 11.380928626489586 ], [ 37.687710362830245, 11.363275369963128 ], [ 37.690749922303191, 11.358412111096168 ], [ 37.703084383159663, 11.348421914731334 ], [ 37.710178881449259, 11.335876169214966 ], [ 37.717713446805384, 11.330185216015261 ], [ 37.726422770563268, 11.313891546524482 ], [ 37.732394169408899, 11.310266414156354 ], [ 37.736033638129953, 11.304178191139844 ], [ 37.750667455917032, 11.291327133131672 ], [ 37.768254914003272, 11.281797702772407 ], [ 37.787275063714475, 11.2638498318475 ], [ 37.797985741373466, 11.259344596111678 ], [ 37.805601619380688, 11.258852836983095 ], [ 37.809714300131375, 11.255471192322542 ], [ 37.816068221345354, 11.253974539639126 ], [ 37.827136289160897, 11.255146127872424 ], [ 37.832305421838861, 11.252789805880228 ], [ 37.836560260066726, 11.24705890765031 ], [ 37.856279534252579, 11.234884703316199 ], [ 37.861831527706848, 11.231119287362587 ], [ 37.871802424338163, 11.217595580542522 ], [ 37.877328728802183, 11.214419660781269 ], [ 37.908511578885069, 11.209506423625475 ], [ 37.915866127140795, 11.210996087609002 ], [ 37.925876807893168, 11.20780487863207 ], [ 37.932223117724504, 11.201528159511916 ], [ 37.940427014957308, 11.19852421082693 ], [ 37.945081010755267, 11.192021253004571 ], [ 37.951410021717614, 11.191992221525512 ], [ 37.962191514753279, 11.196333035694874 ], [ 37.975793412378913, 11.199179464469525 ], [ 37.995437716837387, 11.199878880620497 ], [ 38.001515021281556, 11.193905536128783 ], [ 38.006469161299428, 11.178874571595223 ], [ 38.013196659250141, 11.174516415878827 ], [ 38.024786960526669, 11.17025972524883 ], [ 38.04243249610812, 11.170086145460157 ], [ 38.056773008348138, 11.16751879237639 ], [ 38.074050597611247, 11.156345675043095 ], [ 38.107610528952044, 11.154851291401171 ], [ 38.115956615765292, 11.151997257778421 ], [ 38.121573757301725, 11.155588985472953 ], [ 38.129328977497956, 11.156314879961416 ], [ 38.136105881106225, 11.158820524880058 ], [ 38.15649367144465, 11.160795273216882 ], [ 38.165546781891571, 11.148634188470531 ], [ 38.178006419834695, 11.140924461268163 ], [ 38.198856991001819, 11.13878220253898 ], [ 38.205421840493692, 11.138612514540048 ], [ 38.211658440135494, 11.140228339478224 ], [ 38.236156937364647, 11.151663707191238 ], [ 38.252990059883487, 11.149140335557808 ], [ 38.265264201486829, 11.142887216027106 ], [ 38.271496369630491, 11.141926365582739 ], [ 38.27850837176311, 11.143045329769061 ], [ 38.28583029914914, 11.147207076127238 ], [ 38.292329489319847, 11.148857145660553 ], [ 38.298193311567239, 11.147301416469404 ], [ 38.309932661125892, 11.136526128609965 ], [ 38.325398394101335, 11.127807606155462 ], [ 38.332439957591617, 11.122105516172999 ], [ 38.342746412896126, 11.107459741732656 ], [ 38.366069792350551, 11.103944671458189 ], [ 38.372501959530815, 11.101732496111504 ], [ 38.384538064320573, 11.090368758216442 ], [ 38.389810790376302, 11.081763694289476 ], [ 38.409962362696355, 11.07697329151363 ], [ 38.415938362031937, 11.076938761665934 ], [ 38.421445944478187, 11.079184035124577 ], [ 38.425765003416828, 11.083118167135108 ], [ 38.433249543694281, 11.083041932578713 ], [ 38.439350450161264, 11.080601813156573 ], [ 38.451346357106218, 11.06714242587522 ], [ 38.474132844300577, 11.035545606867704 ] ] ] } },
{ "type": "Feature", "properties": { "shapeName": "South Omo", "shapeISO": "", "shapeID": "57463737B95170801436908", "shapeGroup": "ETH", "shapeType": "ADM2" }, "geometry": { "type": "Polygon", "coordinates": [ [ [ 36.471317726164699, 6.284558522851571 ], [ 36.465623706763552, 6.291970541150889 ], [ 36.445853602232653, 6.294720570506087 ], [ 36.439183571671101, 6.297470576926673 ], [ 36.438263598086081, 6.322580625092067 ], [ 36.420563515722719, 6.333620657613455 ], [ 36.409753469828686, 6.346280694770482 ], [ 36.406763461002143, 6.35227070655124 ], [ 36.405843476640868, 6.36793073501253 ], [ 36.402853472616272, 6.378530749223913 ], [ 36.392963432532376, 6.386580775099586 ], [ 36.384923399490646, 6.398014138736533 ], [ 36.378933420548186, 6.442780878985537 ], [ 36.372033397278038, 6.452910905534699 ], [ 36.347663274763924, 6.458640945826441 ], [ 36.335703205469578, 6.459780960077342 ], [ 36.32246313825361, 6.457590970058351 ], [ 36.313173077655804, 6.45008096965428 ], [ 36.292712936664913, 6.423100952662367 ], [ 36.283972879562242, 6.414560944069811 ], [ 36.265352765388577, 6.400020939199682 ], [ 36.246617661655613, 6.39181094745515 ], [ 36.237072606492234, 6.389840958012231 ], [ 36.220512525644239, 6.399030991865279 ], [ 36.195892417838621, 6.417201048266572 ], [ 36.189912392817725, 6.423191062548386 ], [ 36.179792348358852, 6.428931085353167 ], [ 36.165072270917847, 6.430521103142017 ], [ 36.132872091316209, 6.424711128947895 ], [ 36.120692017641147, 6.417321130247789 ], [ 36.097931872356853, 6.399301128954004 ], [ 36.087361808317098, 6.389141124557223 ], [ 36.058411615830138, 6.352451090166507 ], [ 36.039906499379484, 6.338816088300882 ], [ 36.036811476761052, 6.330521074722283 ], [ 36.04259147382902, 6.302181023368959 ], [ 36.039841449566303, 6.287650998695323 ], [ 36.028591369282509, 6.272650983736862 ], [ 36.021001325220425, 6.265490979058279 ], [ 36.013651276633738, 6.260870985470259 ], [ 35.996871183113093, 6.254380992319946 ], [ 35.98728611779751, 6.244570980654272 ], [ 35.971111028735322, 6.238810987954315 ], [ 35.964874304966123, 6.21497428748511 ], [ 35.964860955922667, 6.202950934023653 ], [ 35.967820962213587, 6.190300910700822 ], [ 35.9756109825666, 6.170520865278186 ], [ 35.968680936086464, 6.162040860222353 ], [ 35.940320762629987, 6.141230851154814 ], [ 35.935690725674753, 6.128370832826292 ], [ 35.938207397683207, 6.120017478014021 ], [ 35.955530671256788, 6.093263126194338 ], [ 35.979373887439905, 6.078009372283133 ], [ 35.97394782818823, 6.048602262109533 ], [ 35.993780731958083, 5.999750244803341 ], [ 35.996720480566296, 5.97318681361342 ], [ 35.9675176128423, 5.947846502759986 ], [ 35.977457509995283, 5.918524067670058 ], [ 35.962310843595894, 5.877873685306701 ], [ 35.952805199184944, 5.827462444433136 ], [ 35.953045716013314, 5.782699717589059 ], [ 35.968587605694076, 5.749209411600651 ], [ 35.956181214903246, 5.71836797720889 ], [ 35.955035174744893, 5.670799897185308 ], [ 35.937689966122981, 5.655714896855572 ], [ 35.914613700960075, 5.663473296257449 ], [ 35.844825034647506, 5.671830301348768 ], [ 35.794760916654958, 5.660639446248945 ], [ 35.747122911920791, 5.605798481327504 ], [ 35.736566196891552, 5.54461564916808 ], [ 35.741668879580928, 5.407113672238965 ], [ 35.741169366555845, 5.371057335584048 ], [ 35.763293452275477, 5.353267253692266 ], [ 35.785999208533774, 5.344149429673911 ], [ 35.808659326108256, 5.341239404872852 ], [ 35.814016017170559, 5.338486062454872 ], [ 35.819846877075555, 5.332661877077297 ], [ 35.82949942641018, 5.333044367027211 ], [ 35.835876955180765, 5.328824355167054 ], [ 35.839544466950308, 5.322024337442218 ], [ 35.847649509729912, 5.320159327538007 ], [ 35.855023544116293, 5.315975308321242 ], [ 35.858384558582635, 5.310834296671826 ], [ 35.860072058403581, 5.303595113257916 ], [ 35.858396210883654, 5.295749263841781 ], [ 35.853604509772921, 5.285274243242979 ], [ 35.846645722871827, 5.282214244036763 ], [ 35.842574444661835, 5.275239233372465 ], [ 35.832849387266513, 5.267929226859512 ], [ 35.827929358794613, 5.262369216036273 ], [ 35.824549336213053, 5.257249213667341 ], [ 35.823009319748188, 5.249439193454067 ], [ 35.822709310179519, 5.237829169353244 ], [ 35.824659313220216, 5.229179148777263 ], [ 35.828369326733906, 5.22413913358561 ], [ 35.836844355624088, 5.203954081587322 ], [ 35.84963941269514, 5.196589055280968 ], [ 35.853454426286632, 5.19038903729175 ], [ 35.859119448529675, 5.176365673313072 ], [ 35.858649435865217, 5.165893980956621 ], [ 35.855399407091781, 5.15030894767904 ], [ 35.84644268558641, 5.142508941118427 ], [ 35.833374264540176, 5.121028905642746 ], [ 35.81493916235064, 5.105118885017338 ], [ 35.810144125790515, 5.094933862994402 ], [ 35.808529110280141, 5.087916347671004 ], [ 35.810644109862061, 5.071443809479095 ], [ 35.809859040069732, 4.995228641268286 ], [ 35.805188983656578, 4.946898532880583 ], [ 35.805378963643285, 4.923518474053063 ], [ 35.799350673741401, 4.879757796888589 ], [ 35.794130173798884, 4.80472772774432 ], [ 35.786972714939047, 4.751452937421895 ], [ 35.787058592870828, 4.732880853478849 ], [ 35.826781429390245, 4.682297449509646 ], [ 35.846659649023749, 4.652669664112236 ], [ 35.873929058562197, 4.625549387601641 ], [ 35.903696520267587, 4.591007666638478 ], [ 35.966129470959281, 4.512957367860093 ], [ 35.997694614502322, 4.492832297035233 ], [ 36.039909801163127, 4.455507165903193 ], [ 36.049849846353247, 4.450827154670849 ], [ 36.089150045793907, 4.450287120786231 ], [ 36.114945174449311, 4.451482102069193 ], [ 36.156300378165334, 4.447727065672578 ], [ 36.210213732581011, 4.446266581095002 ], [ 36.244852964638682, 4.456152487825304 ], [ 36.265875069402568, 4.44508267169947 ], [ 36.35350852720947, 4.44416402640081 ], [ 36.397955512226829, 4.440605853664494 ], [ 36.45472151282307, 4.444520702937695 ], [ 36.543610388993052, 4.441105539177898 ], [ 36.617646581230986, 4.451260847731302 ], [ 36.641102614831091, 4.451336434354214 ], [ 36.657183013834633, 4.441475182172046 ], [ 36.713367776913891, 4.440700662458827 ], [ 36.658317005752316, 4.581813591172959 ], [ 36.681626439484162, 4.605738392867352 ], [ 36.647193726585883, 4.712185470000215 ], [ 36.829268636826136, 4.71060308465571 ], [ 36.855528732343338, 4.737485467385858 ], [ 36.864265182550938, 4.794460229927432 ], [ 36.861639126845155, 4.936473290251293 ], [ 36.865588304376821, 4.945605756156313 ], [ 36.861498649764236, 4.980171580145112 ], [ 36.882976069596744, 5.076379351389606 ], [ 36.89376154480842, 5.111180341156421 ], [ 36.922019099643073, 5.146520059720745 ], [ 36.949758569722484, 5.196071526626292 ], [ 36.9838926419459, 5.193797411111486 ], [ 37.004104248351275, 5.200467422893587 ], [ 37.016275412813492, 5.269108111124913 ], [ 37.019255448341816, 5.294898156590173 ], [ 37.033695561512019, 5.334058215476611 ], [ 37.039885607247967, 5.346958235762322 ], [ 37.039265945130943, 5.352498246974704 ], [ 37.03214012361731, 5.355984057388107 ], [ 37.03933562665722, 5.372780897584502 ], [ 37.044498105131396, 5.378690214399873 ], [ 37.051338121710771, 5.380137063233313 ], [ 37.050096155893897, 5.387132653747964 ], [ 37.057712304834197, 5.399145912812877 ], [ 37.061895785732318, 5.412598339394802 ], [ 37.063725813706249, 5.426868364651772 ], [ 37.062435701651147, 5.453918035796893 ], [ 37.055264053887555, 5.468559041038287 ], [ 37.055125117480891, 5.474180436716864 ], [ 37.049055813623141, 5.494078501714007 ], [ 37.032305745416991, 5.509258547068076 ], [ 37.013113500216676, 5.519477374211408 ], [ 37.02282813923884, 5.51995227146778 ], [ 37.016935685339121, 5.528588602036393 ], [ 37.012872720236501, 5.539998086343264 ], [ 37.011944405751208, 5.547275067006478 ], [ 37.01427002190642, 5.558353909129578 ], [ 37.010986777823035, 5.562689828012587 ], [ 37.016303894632962, 5.564868307996413 ], [ 37.015369893095666, 5.576466505704709 ], [ 37.018291847873662, 5.583995188068041 ], [ 37.018910835711807, 5.591412320954178 ], [ 37.016333968449715, 5.5973198320908 ], [ 37.025652269192257, 5.606443756158908 ], [ 37.0247919292962, 5.615522104230642 ], [ 37.030807832303623, 5.618657589926983 ], [ 37.024525837187205, 5.629208778867626 ], [ 37.016265815296514, 5.650608823655923 ], [ 37.004115781474312, 5.672928878820575 ], [ 37.000675787655304, 5.69387891738275 ], [ 37.00366582256094, 5.711848949110709 ], [ 37.009990931827758, 5.780919059346153 ], [ 37.008275948682929, 5.800949095637814 ], [ 37.008515983721509, 5.832259148443119 ], [ 37.011756047005917, 5.875779222572155 ], [ 37.009926058446716, 5.891429248065439 ], [ 37.004886062293807, 5.913989292155471 ], [ 36.966355947207092, 5.983739457186233 ], [ 36.933065795778809, 6.004909529587724 ], [ 36.922920750043154, 6.007919547305258 ], [ 36.911945694798163, 6.008809559881684 ], [ 36.905515655551064, 6.003509558211431 ], [ 36.896555603148364, 5.998899558696167 ], [ 36.887605553618215, 5.997509571149416 ], [ 36.877495498616646, 5.99358957277932 ], [ 36.870605456472155, 5.986449573096486 ], [ 36.865095413715622, 5.976309560429304 ], [ 36.855905357981754, 5.968709556702446 ], [ 36.845575300325407, 5.964319559020035 ], [ 36.837535252082077, 5.954649555539916 ], [ 36.824205149700994, 5.921929514724954 ], [ 36.817085096669246, 5.913179509009589 ], [ 36.806525042568907, 5.91155951600038 ], [ 36.794814987711817, 5.91177952999223 ], [ 36.766114830967723, 5.904609550995668 ], [ 36.754174768368891, 5.906209564171746 ], [ 36.739244699300343, 5.915179596241507 ], [ 36.732021785441674, 5.924695342408996 ], [ 36.727764670899248, 5.938659648226713 ], [ 36.725704675053613, 5.955469686564611 ], [ 36.726164688768144, 5.966759704820773 ], [ 36.72432469519314, 5.976429720334952 ], [ 36.718974679167495, 5.987499746771496 ], [ 36.718364727042974, 6.034229827374615 ], [ 36.71537474389833, 6.062559876720434 ], [ 36.711704735780408, 6.071539894309055 ], [ 36.683914610466758, 6.090399962831857 ], [ 36.687584642799038, 6.096159966979902 ], [ 36.720904842100026, 6.123829971479267 ], [ 36.727794886648553, 6.132579976439668 ], [ 36.736074954969332, 6.15309000396807 ], [ 36.735614969053159, 6.166440028240324 ], [ 36.73263496689556, 6.178880048380705 ], [ 36.709430860756001, 6.212182693726501 ], [ 36.700024846431113, 6.219850150500425 ], [ 36.684044771217152, 6.227172182432909 ], [ 36.671304708723461, 6.228810199857786 ], [ 36.617074417878491, 6.219560247737651 ], [ 36.612014388854881, 6.218860255090251 ], [ 36.563984119138972, 6.205920284755739 ], [ 36.557554080285435, 6.201530290758132 ], [ 36.54698401197183, 6.187700273342477 ], [ 36.538943956921528, 6.178940270230282 ], [ 36.530458206636652, 6.175213944989348 ], [ 36.522393868787702, 6.17478027983588 ], [ 36.51711383974007, 6.176150294134633 ], [ 36.504703777322, 6.178670307361256 ], [ 36.494363731182595, 6.183500329311557 ], [ 36.481723665466511, 6.182790339364879 ], [ 36.46058353829352, 6.170100341572131 ], [ 36.449553475339286, 6.161560342540009 ], [ 36.437603405742898, 6.156250347654838 ], [ 36.419683297863251, 6.145630351872573 ], [ 36.411413255726949, 6.143080350054227 ], [ 36.40382321273578, 6.142840359977141 ], [ 36.399003201090494, 6.152280385918742 ], [ 36.399683213395605, 6.16057039217633 ], [ 36.405883259884568, 6.172330409576923 ], [ 36.413703299108974, 6.175570402972125 ], [ 36.41990333980015, 6.182260410606158 ], [ 36.423803368435621, 6.190100419270452 ], [ 36.425183388349623, 6.198390432316828 ], [ 36.423113395698394, 6.216820466771352 ], [ 36.427243420596376, 6.220510465910955 ], [ 36.441263505883285, 6.227900461910159 ], [ 36.445863532436967, 6.233900463697751 ], [ 36.449303564508327, 6.246110484540948 ], [ 36.457353628040636, 6.263170499841975 ], [ 36.46792369536989, 6.276310510278671 ], [ 36.471317726164699, 6.284558522851571 ] ] ] } },
{ "type": "Feature", "properties": { "shapeName": "South West Shewa", "shapeISO": "", "shapeID": "57463737B78639560237753", "shapeGroup": "ETH", "shapeType": "ADM2" }, "geometry": { "type": "Polygon", "coordinates": [ [ [ 38.762397196801103, 8.854671957198624 ], [ 38.757303358310864, 8.854298056607622 ], [ 38.754955418820678, 8.859650284291209 ], [ 38.746355743860221, 8.864480254563214 ], [ 38.746038786893841, 8.870546496769727 ], [ 38.748132861831444, 8.878214367183858 ], [ 38.743997496851655, 8.881467526148533 ], [ 38.745315146066879, 8.893165363215648 ], [ 38.744427567683033, 8.903638703268056 ], [ 38.73735430548782, 8.902343826299417 ], [ 38.731910154893384, 8.906143889496649 ], [ 38.719979980033379, 8.920767245765276 ], [ 38.709265345157547, 8.921966605286348 ], [ 38.702803483628678, 8.926679513556168 ], [ 38.697665855853451, 8.93375834237103 ], [ 38.694681742054684, 8.942947448415582 ], [ 38.688739124924794, 8.940791864955616 ], [ 38.681479225050779, 8.942139809377872 ], [ 38.681798190256572, 8.950713813654625 ], [ 38.677063980572456, 8.958653300039382 ], [ 38.64365461644077, 8.966901207779793 ], [ 38.640241439462748, 8.975082907417322 ], [ 38.655481073360086, 8.977983432180494 ], [ 38.660222988485337, 8.986448513704426 ], [ 38.658628374356297, 8.995863644151189 ], [ 38.651887973050485, 9.00353780753421 ], [ 38.652778450457831, 9.011328291620767 ], [ 38.64377374333867, 9.015176151509738 ], [ 38.620338082356341, 9.007896901549092 ], [ 38.603687556504724, 8.992448342147288 ], [ 38.533915269377758, 8.901426701445899 ], [ 38.508264465941934, 8.876978980035584 ], [ 38.488623882084354, 8.864510162588479 ], [ 38.473113487567915, 8.869999750375559 ], [ 38.460373215955961, 8.886548341193308 ], [ 38.442802695516107, 8.8770692572499 ], [ 38.433782453698171, 8.877519257301318 ], [ 38.4246721210991, 8.857236090590789 ], [ 38.417053881465961, 8.849569801432875 ], [ 38.407921622994778, 8.847072060344422 ], [ 38.365060622927899, 8.883119062413192 ], [ 38.343530087886599, 8.892728312541092 ], [ 38.318069428235205, 8.900267753559822 ], [ 38.278438488914574, 8.929645333814721 ], [ 38.269343254646969, 8.932995078778216 ], [ 38.26407812777164, 8.936744771389998 ], [ 38.239097367138839, 8.918146520389524 ], [ 38.218976835959594, 8.920276421715592 ], [ 38.21203663356124, 8.918876574305262 ], [ 38.192166036543895, 8.905237869559212 ], [ 38.172975475519415, 8.89573878728438 ], [ 38.14983484474476, 8.894748978257892 ], [ 38.124384134702645, 8.890069501067245 ], [ 38.095713291744197, 8.876620806442368 ], [ 38.09530318973966, 8.85520269535985 ], [ 38.13053405297687, 8.832974506571423 ], [ 38.142384271812638, 8.809286546098683 ], [ 38.147584219338519, 8.764850450910693 ], [ 38.132343750763354, 8.751671676039026 ], [ 38.112693188334333, 8.745852274591295 ], [ 38.087692524406179, 8.748762119290371 ], [ 38.068712035838239, 8.754231717190555 ], [ 38.050431530928783, 8.752091982607988 ], [ 38.033341024087129, 8.7421329379469 ], [ 38.018570558365489, 8.727334300576647 ], [ 38.023928674075734, 8.720674867748315 ], [ 38.016066442239584, 8.716315284147027 ], [ 38.010370305820189, 8.721434860005251 ], [ 37.992909826842229, 8.719415109968825 ], [ 37.979239484386198, 8.725584619672548 ], [ 37.97269938756633, 8.744912945500051 ], [ 37.955308966339366, 8.758441826160654 ], [ 37.93721852521891, 8.769200956211661 ], [ 37.915628019581057, 8.789007296396226 ], [ 37.892207447909207, 8.804288051286454 ], [ 37.868166747205635, 8.793369111529769 ], [ 37.838785881922156, 8.788611731887226 ], [ 37.824425539432795, 8.790659532938994 ], [ 37.811025145948918, 8.783230241678615 ], [ 37.815185227733629, 8.776880787878014 ], [ 37.784244319451624, 8.760772332609047 ], [ 37.759073555856652, 8.742004087702309 ], [ 37.729702717106612, 8.733814931399424 ], [ 37.703151917424954, 8.716416575481324 ], [ 37.678441167013005, 8.698098288032252 ], [ 37.634039906581435, 8.686369501095118 ], [ 37.623949537154211, 8.663741534906382 ], [ 37.605068921206239, 8.638063873649081 ], [ 37.592808344853431, 8.579689060754204 ], [ 37.568117387648037, 8.507885479964449 ], [ 37.543036569765228, 8.475258447175385 ], [ 37.536166317009162, 8.459309875568836 ], [ 37.535743844262477, 8.424689750508005 ], [ 37.558789757982538, 8.426606971294373 ], [ 37.576890014943146, 8.415167425272671 ], [ 37.598850239362221, 8.366419487984162 ], [ 37.612780435424213, 8.355189940209435 ], [ 37.666876401517548, 8.384638500212713 ], [ 37.679521594215636, 8.378808718474289 ], [ 37.693031741425969, 8.354669735136426 ], [ 37.705361897365968, 8.338140422745267 ], [ 37.71786209620489, 8.335200517090056 ], [ 37.731702345817091, 8.344260083335762 ], [ 37.748782651004262, 8.352869652559912 ], [ 37.766267778343277, 8.348220479166141 ], [ 37.779813120917083, 8.340800091336575 ], [ 37.797403393764434, 8.335820260135197 ], [ 37.817073700470708, 8.332910327586562 ], [ 37.839964075508007, 8.3332502461807 ], [ 37.863764473793417, 8.336810027743358 ], [ 37.888444920370823, 8.350979333593697 ], [ 37.910805342396117, 8.371588363170762 ], [ 37.928805656958779, 8.379267972346639 ], [ 37.949195959647867, 8.368518387485334 ], [ 37.988986580049307, 8.360628614935266 ], [ 38.009056945944295, 8.373607986287379 ], [ 38.028862319451335, 8.391382146620868 ], [ 38.03974749284761, 8.390317160562773 ], [ 38.067527900249111, 8.377067658175031 ], [ 38.077918080540321, 8.381717426923963 ], [ 38.087358267030609, 8.391196982387973 ], [ 38.103778529462424, 8.390106976260867 ], [ 38.110823037279054, 8.391467913508615 ], [ 38.123368897675398, 8.407686148545723 ], [ 38.139779172670572, 8.410515973989012 ], [ 38.165005182517859, 8.409148606893512 ], [ 38.180854789295907, 8.393966580087723 ], [ 38.218370439442225, 8.409875766685376 ], [ 38.239160780248255, 8.410405677580087 ], [ 38.267141223366892, 8.407735712279592 ], [ 38.282871456807761, 8.400655972005012 ], [ 38.290081516300376, 8.381796781685738 ], [ 38.301651688898509, 8.377456937250896 ], [ 38.312291836277389, 8.371047191443513 ], [ 38.313031794069744, 8.353547952944259 ], [ 38.308701660718718, 8.330968960926809 ], [ 38.307861554423717, 8.300800288389746 ], [ 38.322711708879197, 8.273451444614105 ], [ 38.334002790867729, 8.259661565278197 ], [ 38.348172060399541, 8.255352162264723 ], [ 38.376323713563664, 8.267046957566798 ], [ 38.383232685560948, 8.274581212313739 ], [ 38.401692998081089, 8.280620890079096 ], [ 38.42246335981563, 8.29013041157298 ], [ 38.431038679291618, 8.299857919691075 ], [ 38.433297188646726, 8.313319617369833 ], [ 38.441557275322239, 8.336369614763129 ], [ 38.45253743661344, 8.386129613632145 ], [ 38.462437522529029, 8.400889594998631 ], [ 38.469119320124797, 8.436100127147483 ], [ 38.478714760582051, 8.448453270541496 ], [ 38.502285121978638, 8.44506334737679 ], [ 38.527675579620926, 8.458712666907726 ], [ 38.548935899492029, 8.454162798199272 ], [ 38.576618583667297, 8.445985575895319 ], [ 38.585006417754535, 8.433773587188108 ], [ 38.591716505187826, 8.427113859499569 ], [ 38.605106733806487, 8.43266357071639 ], [ 38.617586930574753, 8.432233546872448 ], [ 38.640477238286365, 8.413194318557116 ], [ 38.655287423141374, 8.39573503800594 ], [ 38.662477476134924, 8.377115837517675 ], [ 38.668067483641735, 8.351586949994017 ], [ 38.666860370761967, 8.328064275069885 ], [ 38.688156915908621, 8.331476479063792 ], [ 38.716727829192223, 8.367673152944237 ], [ 38.736338424635889, 8.383821637122098 ], [ 38.752948907332915, 8.393750685662809 ], [ 38.761929236242452, 8.41309893238569 ], [ 38.762599322286711, 8.428747547735767 ], [ 38.760259352674971, 8.451055576585908 ], [ 38.755379322804252, 8.473363625102431 ], [ 38.754199379691038, 8.493841815244323 ], [ 38.763531811762348, 8.536511991402385 ], [ 38.761289829480319, 8.554596400228357 ], [ 38.747189496940919, 8.564925545793473 ], [ 38.72962905182046, 8.569955174695993 ], [ 38.72313894051409, 8.584203943953648 ], [ 38.717788927431023, 8.614111316641695 ], [ 38.722817099463654, 8.621992597028719 ], [ 38.748499874065523, 8.641308772137117 ], [ 38.751480037932261, 8.661566963352515 ], [ 38.748920063951353, 8.682265141781635 ], [ 38.742199979925168, 8.703653282663142 ], [ 38.737559951137875, 8.724581449553476 ], [ 38.736620011542094, 8.744369695044908 ], [ 38.740520239276442, 8.771987235294882 ], [ 38.745590459570671, 8.790625565957203 ], [ 38.754590809033509, 8.813653485135376 ], [ 38.753190858142084, 8.833201756154468 ], [ 38.756421001409699, 8.84609060456588 ], [ 38.767521309010597, 8.847950390288833 ], [ 38.762397196801103, 8.854671957198624 ] ] ] } },
{ "type": "Feature", "properties": { "shapeName": "South Wollo", "shapeISO": "", "shapeID": "57463737B70829133861950", "shapeGroup": "ETH", "shapeType": "ADM2" }, "geometry": { "type": "Polygon", "coordinates": [ [ [ 38.491215660278847, 10.364933076410818 ], [ 38.503679077678903, 10.36418983227677 ], [ 38.516135106106873, 10.367856611553815 ], [ 38.524619885694548, 10.368735115491706 ], [ 38.535230212135772, 10.367430008873541 ], [ 38.541991834442342, 10.371219015329229 ], [ 38.561047095833786, 10.37684729708803 ], [ 38.566799569885497, 10.375238133800291 ], [ 38.578806547959083, 10.378097020292733 ], [ 38.592950922088207, 10.375310558456233 ], [ 38.605502633988955, 10.375524707000604 ], [ 38.624686563983197, 10.379274044154689 ], [ 38.631115926683663, 10.383098507555923 ], [ 38.657324850024033, 10.374535124549409 ], [ 38.664996430647051, 10.373680034272631 ], [ 38.67218425938109, 10.375019404385394 ], [ 38.676856072225263, 10.378344020114353 ], [ 38.683145014660688, 10.379964797333061 ], [ 38.698240801483394, 10.38031560181939 ], [ 38.713476458885516, 10.387792414097724 ], [ 38.739085511010778, 10.386549727996488 ], [ 38.746963959112627, 10.384669762934745 ], [ 38.762076103840656, 10.376510901535346 ], [ 38.772988476329644, 10.367085424565241 ], [ 38.791535152785244, 10.367449044509867 ], [ 38.807311679583727, 10.369760008186647 ], [ 38.816488655544887, 10.365245232642957 ], [ 38.846572759518523, 10.361948572447359 ], [ 38.876572501320879, 10.35679253455759 ], [ 38.882401719724768, 10.3586287415248 ], [ 38.890363990657121, 10.357997784149839 ], [ 38.903867284710941, 10.348639775515164 ], [ 38.912143673682571, 10.34795767996413 ], [ 38.920510311650169, 10.349709525535173 ], [ 38.939648325447365, 10.348390840302597 ], [ 38.952993171767588, 10.339889190541607 ], [ 38.955960198677779, 10.335136222213354 ], [ 38.971531196213405, 10.330271368858611 ], [ 38.978373790997708, 10.331858292221664 ], [ 38.998095992600774, 10.343789146628474 ], [ 39.013248688715365, 10.359158399209697 ], [ 39.018087338771863, 10.368596907472254 ], [ 39.03129256171669, 10.374115933427545 ], [ 39.041031327588946, 10.374329862896467 ], [ 39.05502818725742, 10.377456146881693 ], [ 39.059683430968327, 10.373601476779749 ], [ 39.062650875963804, 10.367068065596083 ], [ 39.064274174147442, 10.352430141897395 ], [ 39.067995407169853, 10.346173951366037 ], [ 39.082169696784248, 10.341775620914525 ], [ 39.088456659358073, 10.336197472756343 ], [ 39.095935113146886, 10.32324903911425 ], [ 39.103272949175782, 10.323309154804658 ], [ 39.108874825478743, 10.331269325592997 ], [ 39.13626734274829, 10.33805340187681 ], [ 39.160357156660126, 10.324934258609126 ], [ 39.165983580700825, 10.318072039680859 ], [ 39.168870859388228, 10.301391362994123 ], [ 39.181327420363701, 10.288895399548398 ], [ 39.190012082572025, 10.284535037648716 ], [ 39.203456730432933, 10.281629213767129 ], [ 39.214105451609719, 10.292072942437111 ], [ 39.222169632020069, 10.308047738487087 ], [ 39.246228004989142, 10.302706830229843 ], [ 39.244913690768435, 10.282402131618761 ], [ 39.240296945342912, 10.275709497354994 ], [ 39.233146984826739, 10.272563563399171 ], [ 39.224965721752753, 10.265034772318261 ], [ 39.219022991946318, 10.252267682055248 ], [ 39.20232197999745, 10.241375983458374 ], [ 39.19415816949094, 10.225029471882424 ], [ 39.192143569654064, 10.216571729016591 ], [ 39.174796944160079, 10.187944350924926 ], [ 39.174298754166905, 10.181622304518353 ], [ 39.181950849772058, 10.1808404399248 ], [ 39.186319927531386, 10.173367327600326 ], [ 39.199131077881752, 10.164778168476841 ], [ 39.204328590229117, 10.159692190356372 ], [ 39.218891986721196, 10.160163404774915 ], [ 39.222846714788396, 10.167043108432653 ], [ 39.23016033223719, 10.167617134708401 ], [ 39.233740470802715, 10.175365648860987 ], [ 39.25576085668034, 10.185928031049666 ], [ 39.275086891953023, 10.200514871770537 ], [ 39.276544798260616, 10.206725981326731 ], [ 39.280415924213017, 10.210607284191081 ], [ 39.281749491025543, 10.216168785945596 ], [ 39.289203922725946, 10.227883043260443 ], [ 39.299139262024696, 10.252880447605197 ], [ 39.304776338570811, 10.257298026643197 ], [ 39.308771481239901, 10.2636154472013 ], [ 39.315142171441849, 10.266908121228349 ], [ 39.319424310632556, 10.271157722308486 ], [ 39.3197673536244, 10.277295178237463 ], [ 39.323975998918186, 10.282945156202512 ], [ 39.329709915821475, 10.285115683591487 ], [ 39.335388760635041, 10.289594756700893 ], [ 39.344067830546976, 10.290006423707386 ], [ 39.354886906319912, 10.29593599022977 ], [ 39.364406200394924, 10.302726688869704 ], [ 39.378455943303472, 10.323118809394709 ], [ 39.394803050355193, 10.334393959154696 ], [ 39.399165324825518, 10.33075302186481 ], [ 39.415024689319189, 10.354373013135632 ], [ 39.421887899000509, 10.358761088048476 ], [ 39.432552419784059, 10.370618813983976 ], [ 39.43879085737106, 10.388910663251639 ], [ 39.436448663450996, 10.395210619481446 ], [ 39.449466111314386, 10.412407027812119 ], [ 39.451056953478556, 10.421098000661178 ], [ 39.455598385510569, 10.43159079781233 ], [ 39.459625913626915, 10.436975299628715 ], [ 39.461450156102664, 10.451411013816577 ], [ 39.465548847762122, 10.465676729762391 ], [ 39.486503031973477, 10.486517271903386 ], [ 39.494604351417948, 10.504107422083337 ], [ 39.494286412505318, 10.516332593866494 ], [ 39.49011835967007, 10.526768694915564 ], [ 39.486300803736796, 10.53498848965824 ], [ 39.481880882055798, 10.540469030371531 ], [ 39.47549331637039, 10.544545456315278 ], [ 39.47219100993064, 10.550354211129438 ], [ 39.470779039102865, 10.562047186552439 ], [ 39.471527420894958, 10.581604205282833 ], [ 39.475183873017549, 10.599512352189546 ], [ 39.475735785320602, 10.625067342729869 ], [ 39.480062894515243, 10.666924872133178 ], [ 39.484450039650163, 10.671416450687321 ], [ 39.497567429783189, 10.677446844046914 ], [ 39.508159071004982, 10.669515684187106 ], [ 39.516260868512674, 10.665761435812536 ], [ 39.520053085941065, 10.656893531086057 ], [ 39.521008900570074, 10.649289197403327 ], [ 39.524109952310575, 10.643727671098247 ], [ 39.530557605639721, 10.640078123639348 ], [ 39.550829245499045, 10.655854447807343 ], [ 39.55474338041342, 10.660799488765939 ], [ 39.569953824920923, 10.666510897498222 ], [ 39.574546468752949, 10.669831828031082 ], [ 39.580635300457253, 10.6700023610702 ], [ 39.5880723994023, 10.680959517943226 ], [ 39.592712373534788, 10.697892995046667 ], [ 39.604276725468637, 10.704484096428683 ], [ 39.622913421539806, 10.711712100873452 ], [ 39.632092823869272, 10.720977230383413 ], [ 39.644859218818929, 10.729535400522005 ], [ 39.650336402352067, 10.735421849027473 ], [ 39.656398338088955, 10.73924047672198 ], [ 39.661827893949074, 10.737889397612008 ], [ 39.676619265055407, 10.744362506848619 ], [ 39.693777633348262, 10.744997014263463 ], [ 39.70358941073669, 10.747285491986322 ], [ 39.70820688978587, 10.750871148625508 ], [ 39.713880114988093, 10.763094035803819 ], [ 39.708491085333492, 10.771261945563252 ], [ 39.707944438784359, 10.781002692043362 ], [ 39.702607952757248, 10.786975657923108 ], [ 39.696685276374112, 10.79041272216541 ], [ 39.691023058330913, 10.79822456484732 ], [ 39.695155459802002, 10.804995942487036 ], [ 39.701736908457249, 10.808409102782829 ], [ 39.709348568344126, 10.809698309852088 ], [ 39.721916246423135, 10.79713113807095 ], [ 39.728160745823708, 10.793056446989876 ], [ 39.732288103789941, 10.798466833867405 ], [ 39.732567303553864, 10.806187400595196 ], [ 39.729639766123704, 10.812900176484211 ], [ 39.715244807620685, 10.824078639830111 ], [ 39.712694968185389, 10.8301278920471 ], [ 39.700808651749789, 10.833045120368432 ], [ 39.681188213746509, 10.84395175032291 ], [ 39.678898155089229, 10.858388821841945 ], [ 39.681817514290152, 10.863441109443992 ], [ 39.680321143849064, 10.87100982466038 ], [ 39.667436252898227, 10.884752562189833 ], [ 39.667345286031669, 10.890653841702225 ], [ 39.672547403669959, 10.895180161633951 ], [ 39.683074682652688, 10.885787628652759 ], [ 39.688552318666744, 10.883771524380878 ], [ 39.694529100895721, 10.878886420550637 ], [ 39.719802091680577, 10.871842894099906 ], [ 39.725618422999958, 10.873025589058331 ], [ 39.735615075571644, 10.881209474865472 ], [ 39.744457158575003, 10.883015429637119 ], [ 39.751529999164347, 10.880112727844892 ], [ 39.765750919047157, 10.886098198843447 ], [ 39.769692173118621, 10.890957795280912 ], [ 39.778555959788285, 10.890724214752378 ], [ 39.782636039085212, 10.885585477280216 ], [ 39.788411508035765, 10.882117685780482 ], [ 39.789063058657554, 10.876313872104319 ], [ 39.79586678647366, 10.879180407936358 ], [ 39.806482659307655, 10.886405010354862 ], [ 39.814088631098279, 10.894140988134936 ], [ 39.821919092358613, 10.898312008839971 ], [ 39.82894422362773, 10.899330695933079 ], [ 39.832530430083658, 10.891819480402114 ], [ 39.839240093290961, 10.887284376480661 ], [ 39.839461891621539, 10.881862305636922 ], [ 39.835665367139889, 10.8694812545044 ], [ 39.836083280597421, 10.860645855201849 ], [ 39.838341182807056, 10.85361379385705 ], [ 39.847527643948482, 10.849709740397804 ], [ 39.852714615539163, 10.851287192679363 ], [ 39.859442829149408, 10.856594533709883 ], [ 39.86723413412826, 10.859357339466602 ], [ 39.887763401701733, 10.863139132379031 ], [ 39.880845034106365, 10.874651698339083 ], [ 39.876452388620578, 10.878828659065618 ], [ 39.879591724113517, 10.883017900533535 ], [ 39.890270448650178, 10.889682290862108 ], [ 39.889485986994394, 10.905632583626391 ], [ 39.890588872508324, 10.914386772798807 ], [ 39.889719222453685, 10.933619909642253 ], [ 39.890158215928295, 10.943335863331932 ], [ 39.895605101131885, 10.949826736894247 ], [ 39.890390076636287, 10.957142637184337 ], [ 39.88159243299269, 10.956659382948626 ], [ 39.873547890825463, 10.96030534563325 ], [ 39.867107035749598, 10.966404678884995 ], [ 39.877898954702061, 10.97777379473661 ], [ 39.884105805085575, 10.981297773251843 ], [ 39.893316729728511, 10.980529881474794 ], [ 39.90288650342346, 10.977279423126497 ], [ 39.911548906229704, 10.979162836568586 ], [ 39.919655421613427, 10.983903340908757 ], [ 39.923586542274698, 10.993542717284413 ], [ 39.930863083049736, 10.997462654385059 ], [ 39.938417970715989, 11.000187373780472 ], [ 39.953442809937478, 11.016487761688238 ], [ 39.94070306745045, 11.028951552129591 ], [ 39.936695509944521, 11.035161263367485 ], [ 39.943179723138606, 11.040105766578041 ], [ 39.947643969782305, 11.046728522733035 ], [ 39.952455696074487, 11.049542193744502 ], [ 39.972426915008981, 11.033495467746839 ], [ 39.982735363353612, 11.02949042967254 ], [ 39.99064704948831, 11.028431356406124 ], [ 39.99763340356877, 11.030116120768842 ], [ 39.992613820488828, 11.040704018065391 ], [ 39.993979995465232, 11.048221635826192 ], [ 39.990067562066415, 11.054907435196597 ], [ 39.988196620568033, 11.061552598451348 ], [ 39.980398542425164, 11.071517037939559 ], [ 39.977125826736703, 11.084702526294278 ], [ 39.964078487079703, 11.101817738374985 ], [ 39.961349179110663, 11.10784673527148 ], [ 39.96618097888723, 11.113264855468135 ], [ 39.968317972957472, 11.119997312282816 ], [ 39.967078340610165, 11.129041544676578 ], [ 39.977014614625794, 11.145158835733328 ], [ 39.976476632201553, 11.151934240342047 ], [ 39.982204687690448, 11.157291262507734 ], [ 39.973813586327502, 11.171945849179874 ], [ 39.977123551041544, 11.177603719709872 ], [ 39.977281489858058, 11.1833832168239 ], [ 39.969181413067375, 11.192104109498466 ], [ 39.950917323100015, 11.190400239962136 ], [ 39.935994123787353, 11.202228611346289 ], [ 39.931269121637882, 11.208574504777213 ], [ 39.923519766199917, 11.228730068984138 ], [ 39.922288042954882, 11.239196019023829 ], [ 39.916260367297511, 11.236511147590594 ], [ 39.908914572646189, 11.229044130577208 ], [ 39.894713107721635, 11.231690737755081 ], [ 39.896172518706578, 11.239695948692088 ], [ 39.891361373591231, 11.246391710411849 ], [ 39.889980272869209, 11.253296114623794 ], [ 39.892575253674551, 11.265057826735974 ], [ 39.895901920025054, 11.270890895483527 ], [ 39.890461452035737, 11.272608745158951 ], [ 39.884744069215948, 11.276744152522237 ], [ 39.871259868707391, 11.300280344173652 ], [ 39.864939859204888, 11.304499740206625 ], [ 39.84881219821316, 11.304642377309776 ], [ 39.848508234268174, 11.309756962303744 ], [ 39.851005820080701, 11.313950420084321 ], [ 39.858330103288466, 11.315222322469612 ], [ 39.889688101887408, 11.333368738120738 ], [ 39.902104499159243, 11.335279305206949 ], [ 39.907642805071283, 11.334607485641614 ], [ 39.914827857222377, 11.34051901243342 ], [ 39.923324470530723, 11.343979810277462 ], [ 39.948977543559259, 11.347931957289653 ], [ 39.960262052529878, 11.357467206758049 ], [ 39.973152650850899, 11.361929676901656 ], [ 39.981993838936681, 11.369951551602398 ], [ 40.008747841583563, 11.400679369402155 ], [ 40.012338778294961, 11.407798008826898 ], [ 40.020365285061537, 11.413715000264839 ], [ 40.037452970206267, 11.418613069787115 ], [ 40.051552987335207, 11.425395555463536 ], [ 40.067208020242468, 11.429517868868952 ], [ 40.067938548224717, 11.443752107964421 ], [ 40.061788315275692, 11.47495631828656 ], [ 40.055751864464796, 11.488508534235851 ], [ 40.024886066551382, 11.531670706849935 ], [ 40.007346114418127, 11.559458476382254 ], [ 39.994186895324908, 11.584612747720019 ], [ 39.993417316545951, 11.598224688105613 ], [ 39.998324047117322, 11.613039060235895 ], [ 39.991829965195507, 11.611884732500467 ], [ 39.980140593455538, 11.606064862892747 ], [ 39.973365078181935, 11.605439104163807 ], [ 39.9666017225275, 11.600236332446222 ], [ 39.936875692308732, 11.587127768279045 ], [ 39.926499592405953, 11.577524094574432 ], [ 39.907316689333733, 11.553164448140596 ], [ 39.889762558561365, 11.538688769520409 ], [ 39.854287566473943, 11.513733291273244 ], [ 39.829157758980891, 11.503962049604112 ], [ 39.816619335170209, 11.497376568142677 ], [ 39.804585302224865, 11.486206464225525 ], [ 39.796085492066275, 11.481261811834305 ], [ 39.769932745712723, 11.474015565521253 ], [ 39.763177421588374, 11.47601000227195 ], [ 39.744971758467955, 11.473969115771091 ], [ 39.73799607365747, 11.468913851184915 ], [ 39.730853269651199, 11.468181461961915 ], [ 39.722996384352669, 11.470500885366757 ], [ 39.713691634720334, 11.475426290677659 ], [ 39.684343404879172, 11.473395362352074 ], [ 39.679614064875381, 11.47081635688547 ], [ 39.670107730606425, 11.46923972684394 ], [ 39.668780603819002, 11.478123499221724 ], [ 39.669581016339301, 11.485027322241162 ], [ 39.667156014564391, 11.495299266826301 ], [ 39.668337089379044, 11.501939675466934 ], [ 39.662587954383042, 11.505466901501832 ], [ 39.65156814272391, 11.503749620676368 ], [ 39.648748097612206, 11.508727200332702 ], [ 39.64070673766922, 11.512916048376548 ], [ 39.635780587553327, 11.510577284358821 ], [ 39.629199120438429, 11.51783452054106 ], [ 39.620275916735906, 11.524105273818497 ], [ 39.612340201024175, 11.524276558127454 ], [ 39.600678366521812, 11.521879340939289 ], [ 39.593622176457878, 11.522351842299631 ], [ 39.593414723126472, 11.530682862288717 ], [ 39.599933493091847, 11.544996814155461 ], [ 39.601118566984155, 11.551491735413304 ], [ 39.600167606818466, 11.56192032567831 ], [ 39.594178623030579, 11.574285281431417 ], [ 39.587080361468104, 11.606734548115819 ], [ 39.582950495660207, 11.618438967699658 ], [ 39.585916983973725, 11.658228041250464 ], [ 39.582530982655641, 11.696197643854092 ], [ 39.577264886810966, 11.703706767319632 ], [ 39.557704634742386, 11.708133686622642 ], [ 39.543800803015984, 11.709145949172852 ], [ 39.54508442318739, 11.691191316193985 ], [ 39.54167623327028, 11.676189654293879 ], [ 39.537016565891612, 11.670047222485934 ], [ 39.522189625904133, 11.664989758161264 ], [ 39.508708239871133, 11.662404568515061 ], [ 39.504316091166324, 11.658084475017116 ], [ 39.497350078893454, 11.646874002204754 ], [ 39.490357097843564, 11.640795079420375 ], [ 39.487585952587473, 11.62998304490039 ], [ 39.481038178311799, 11.615019898634836 ], [ 39.482626342783966, 11.607823186975864 ], [ 39.478285773141927, 11.602505763775262 ], [ 39.469836930114006, 11.598118618112025 ], [ 39.465274111309355, 11.593938679052968 ], [ 39.434641553894231, 11.586156217369966 ], [ 39.414158169206431, 11.587935186555107 ], [ 39.392910073005524, 11.585999486894561 ], [ 39.376137633070996, 11.589497282214674 ], [ 39.361356726989769, 11.589558367521166 ], [ 39.353941533000892, 11.591165771825926 ], [ 39.345071314584196, 11.595238468863503 ], [ 39.335953231461637, 11.595385177590307 ], [ 39.311180351807742, 11.590502090479024 ], [ 39.302823562147715, 11.58102280624786 ], [ 39.283022812440485, 11.548277464977321 ], [ 39.282022707102442, 11.535838561335787 ], [ 39.276579944821506, 11.517706685060745 ], [ 39.257088782170051, 11.497347755345531 ], [ 39.255068696565488, 11.492465028488699 ], [ 39.261295529710679, 11.487209091062155 ], [ 39.25538040521262, 11.484430981478285 ], [ 39.239897964170879, 11.481987539374554 ], [ 39.226914883041346, 11.472731845229443 ], [ 39.218220394901415, 11.472997957758233 ], [ 39.211746371599787, 11.47117545667049 ], [ 39.199410728829207, 11.462526988671721 ], [ 39.182813334022114, 11.455282330843295 ], [ 39.173800519610637, 11.45611663221805 ], [ 39.159257672505994, 11.453218973295245 ], [ 39.153429330189169, 11.454714781112918 ], [ 39.132292532415057, 11.446864761868596 ], [ 39.121014108146817, 11.44457233027269 ], [ 39.114527923354878, 11.438991343940051 ], [ 39.099125209733437, 11.434589285687307 ], [ 39.090038264716839, 11.430123480742497 ], [ 39.080709772399416, 11.428438983665661 ], [ 39.075420865755213, 11.430761261350611 ], [ 39.056458144458361, 11.418860041799993 ], [ 39.044236373882718, 11.409197585799847 ], [ 39.038691755861578, 11.408634167997851 ], [ 39.035317847195742, 11.404137332122307 ], [ 39.030062602168009, 11.401427517430896 ], [ 39.025056597164451, 11.395814371352584 ], [ 39.019331270958673, 11.395585425813588 ], [ 39.014509983906628, 11.397784594578294 ], [ 38.998362035191221, 11.397339394645785 ], [ 38.992057599030254, 11.392915113761596 ], [ 38.974355999670621, 11.390875934822917 ], [ 38.965236085167533, 11.391610924396632 ], [ 38.949212765606433, 11.378853502833024 ], [ 38.947073190785936, 11.367931522044778 ], [ 38.942231280306437, 11.363364034086455 ], [ 38.935788592622238, 11.361777377218827 ], [ 38.929467857687939, 11.351787164858292 ], [ 38.922448281958708, 11.346429649918518 ], [ 38.915722660289383, 11.348922920720213 ], [ 38.901107467446558, 11.348003035588885 ], [ 38.896999481514307, 11.355456156459423 ], [ 38.894762738970975, 11.367042154224993 ], [ 38.890738676719096, 11.375211628574366 ], [ 38.880565157283293, 11.377366332645572 ], [ 38.861959142953161, 11.37751492767824 ], [ 38.856368580336067, 11.376198474989918 ], [ 38.853674936648105, 11.381308142802503 ], [ 38.848331011290377, 11.385221731515507 ], [ 38.840528918274167, 11.383387537601632 ], [ 38.835661418984216, 11.378227017700612 ], [ 38.824344816811696, 11.371782897623532 ], [ 38.801747176320248, 11.369363239701489 ], [ 38.791453864073105, 11.378919879331182 ], [ 38.785488293960142, 11.380855577257709 ], [ 38.77970921514784, 11.380625130358295 ], [ 38.769643655507807, 11.389462215468139 ], [ 38.76242646386298, 11.390938927718899 ], [ 38.747174251495608, 11.405499890679524 ], [ 38.737577075738109, 11.406717964425832 ], [ 38.727614414920595, 11.419332293392907 ], [ 38.720888728393, 11.419369078799688 ], [ 38.712579478984516, 11.41614740918512 ], [ 38.705611092217723, 11.415480833304887 ], [ 38.701003991235019, 11.409210482236366 ], [ 38.678441839553678, 11.398071853402595 ], [ 38.675117172232497, 11.392306334808925 ], [ 38.670074888464178, 11.389258338945494 ], [ 38.655939468786777, 11.384641290663854 ], [ 38.650528364297635, 11.378338905964318 ], [ 38.648635837697711, 11.368560106091238 ], [ 38.643670941544144, 11.364295340776581 ], [ 38.638763813192966, 11.354367236761867 ], [ 38.635009937493912, 11.350704828595948 ], [ 38.635173937430189, 11.34375275765969 ], [ 38.641973726015529, 11.338320956386935 ], [ 38.640215524786015, 11.332301759784865 ], [ 38.633086295066647, 11.326883273902602 ], [ 38.632418097448216, 11.319086360578289 ], [ 38.625687753296852, 11.299165016792987 ], [ 38.616982080308063, 11.29820787558147 ], [ 38.617714025451427, 11.291028399426196 ], [ 38.609092389667424, 11.280074323179763 ], [ 38.609817964028878, 11.270335199944281 ], [ 38.60648264383309, 11.264598776050278 ], [ 38.594775681925171, 11.255319154734755 ], [ 38.589872645666219, 11.2495538863171 ], [ 38.584847961604019, 11.236193884272696 ], [ 38.574428310828708, 11.231233877341825 ], [ 38.570338032202983, 11.227405449115803 ], [ 38.580009994649686, 11.214551680847924 ], [ 38.578881260841015, 11.201035495146551 ], [ 38.576354658749558, 11.195465163786222 ], [ 38.57610845714126, 11.190551928967979 ], [ 38.572186149685947, 11.185097428791078 ], [ 38.564004081738744, 11.183720928081417 ], [ 38.563182009948378, 11.175200011907611 ], [ 38.556245212608893, 11.171480709326389 ], [ 38.55193665286815, 11.167304098985003 ], [ 38.546156098169767, 11.156757055262748 ], [ 38.530005768942544, 11.148470537221678 ], [ 38.517110650883602, 11.144583282302657 ], [ 38.516854372454404, 11.137028345491133 ], [ 38.513107036479077, 11.13149045128737 ], [ 38.504386482159674, 11.120508460357417 ], [ 38.494943430579305, 11.113576119739164 ], [ 38.487412158369345, 11.102526129393723 ], [ 38.482330995521707, 11.09861783279778 ], [ 38.478143397504034, 11.092918471217734 ], [ 38.476822014424656, 11.084731995548758 ], [ 38.47135798647038, 11.0801499772378 ], [ 38.467207636806876, 11.073974340794724 ], [ 38.480255536724052, 11.057042234521468 ], [ 38.479719349149114, 11.041096051492296 ], [ 38.474132844300577, 11.035545606867704 ], [ 38.478293491819379, 11.029056113111002 ], [ 38.490221826986527, 10.994162004860687 ], [ 38.498162762347178, 10.979055885445906 ], [ 38.498603985953416, 10.972009333740711 ], [ 38.493453880907019, 10.963971149845525 ], [ 38.499172413423523, 10.956177576401974 ], [ 38.504043413877611, 10.938547689727299 ], [ 38.509626852599496, 10.93376941741673 ], [ 38.517631754206491, 10.916674047439511 ], [ 38.517744197032926, 10.908482250937697 ], [ 38.523541740616942, 10.893875464489339 ], [ 38.526643498417982, 10.879736186893107 ], [ 38.524113631319608, 10.871268443397859 ], [ 38.519485717806589, 10.864835068878266 ], [ 38.516925405065159, 10.85133348101774 ], [ 38.508743782767255, 10.839929775205633 ], [ 38.509084590709676, 10.833609578104278 ], [ 38.520080406829386, 10.805585643332865 ], [ 38.526626848925275, 10.801078265179383 ], [ 38.523347233831061, 10.794075468986181 ], [ 38.529170193337364, 10.789201240649694 ], [ 38.530067447001258, 10.782926688778929 ], [ 38.521899466397443, 10.777029222206545 ], [ 38.513204979873755, 10.762427050786995 ], [ 38.508945292471722, 10.749750935172312 ], [ 38.508088362210913, 10.736284121768524 ], [ 38.510471935025919, 10.731455733181958 ], [ 38.511199997449097, 10.723577077273507 ], [ 38.508920608423402, 10.716105388061976 ], [ 38.510095906317083, 10.703619478382352 ], [ 38.513903477873193, 10.697505161500466 ], [ 38.514688301058612, 10.691643338728072 ], [ 38.512809680964857, 10.686841936585447 ], [ 38.507483881476503, 10.6818110733923 ], [ 38.506346435366424, 10.666784731790941 ], [ 38.497216595078065, 10.658154787838562 ], [ 38.491163390667701, 10.643550351625549 ], [ 38.487077089277534, 10.639583971826093 ], [ 38.481693182802118, 10.637958892928458 ], [ 38.475596265748578, 10.6309662311051 ], [ 38.469354371909368, 10.597123417984498 ], [ 38.464100535913424, 10.592675461651536 ], [ 38.463463023508716, 10.585871187043129 ], [ 38.468224154953994, 10.565860882039079 ], [ 38.464144986801067, 10.55212707173221 ], [ 38.464098080416932, 10.543071901181726 ], [ 38.469318829706054, 10.535774703899637 ], [ 38.470822877636387, 10.525249647474871 ], [ 38.480060078679735, 10.512709719081615 ], [ 38.480858823072055, 10.505389789711655 ], [ 38.478322883034231, 10.499542638533478 ], [ 38.479422088709477, 10.492353693255568 ], [ 38.487057497584438, 10.482626382906425 ], [ 38.486455188706699, 10.474722205117496 ], [ 38.480294447769573, 10.461191801334532 ], [ 38.483290003152845, 10.456198974725638 ], [ 38.480702261677315, 10.450974465406574 ], [ 38.481784901051434, 10.444716366602405 ], [ 38.486355416256231, 10.439513050092243 ], [ 38.48546191336839, 10.427888076705301 ], [ 38.482355773388242, 10.417529252589178 ], [ 38.483023230933334, 10.406132917495075 ], [ 38.489530012541145, 10.393930623421582 ], [ 38.487166169742743, 10.372879153307192 ], [ 38.491215660278847, 10.364933076410818 ] ] ] } },
{ "type": "Feature", "properties": { "shapeName": "Southern", "shapeISO": "", "shapeID": "57463737B99888121280160", "shapeGroup": "ETH", "shapeType": "ADM2" }, "geometry": { "type": "Polygon", "coordinates": [ [ [ 39.036881274889978, 13.170631074558928 ], [ 39.042455777401948, 13.162185664415352 ], [ 39.043426799250639, 13.156303229752172 ], [ 39.037790742452039, 13.134924924304656 ], [ 39.027153640330638, 13.128598719064613 ], [ 39.02108095975548, 13.127562462308306 ], [ 39.011098439961387, 13.114668403825023 ], [ 38.979457264909982, 13.099650944892828 ], [ 38.990679470461721, 13.081980123281797 ], [ 38.991306982786433, 13.063521886304555 ], [ 38.994818007055272, 13.045982166190756 ], [ 39.00091220069919, 13.039583864458606 ], [ 39.005189780994051, 13.02409270692983 ], [ 38.995310668246894, 13.012437348378622 ], [ 39.001074636106971, 13.004140672150466 ], [ 39.01046584670798, 13.004595605459183 ], [ 39.015205364323236, 13.002269881006052 ], [ 39.03511736820122, 13.001165346690076 ], [ 39.045442391923892, 12.994059246911759 ], [ 39.054468095813021, 12.991367371528352 ], [ 39.075004976854999, 12.976784998768768 ], [ 39.083716174593974, 12.959972687865093 ], [ 39.101356916781242, 12.959469466753061 ], [ 39.120004263280521, 12.961557197850039 ], [ 39.142723313611192, 12.956540335621858 ], [ 39.151215250516202, 12.953855071770143 ], [ 39.155666444241824, 12.950539228505232 ], [ 39.164328858020944, 12.94911313645008 ], [ 39.175626693263695, 12.938870367239069 ], [ 39.193691556935612, 12.928787653821272 ], [ 39.204159010438175, 12.929617338703924 ], [ 39.216183903727682, 12.922832560209155 ], [ 39.233427966166715, 12.917389579609136 ], [ 39.251667531395135, 12.918686282747951 ], [ 39.259589688997494, 12.915385857747603 ], [ 39.26393705004778, 12.894799331830283 ], [ 39.279884059855036, 12.856956010334569 ], [ 39.295756450436322, 12.87160927058288 ], [ 39.303851537623629, 12.870829091019257 ], [ 39.307689766744652, 12.867017925939429 ], [ 39.310993598562369, 12.852915583673161 ], [ 39.291250561459364, 12.838629798284421 ], [ 39.278546721469567, 12.826735115705464 ], [ 39.308077277645516, 12.812364973147949 ], [ 39.304463545473418, 12.794029047874027 ], [ 39.296591402930936, 12.786211733377202 ], [ 39.276632802253822, 12.788562242983099 ], [ 39.268524460007356, 12.772050731343489 ], [ 39.279714268767897, 12.75926490642548 ], [ 39.281793207495127, 12.744056287779413 ], [ 39.274720569888466, 12.727343990651862 ], [ 39.270395608210585, 12.723939649204858 ], [ 39.286382284070505, 12.705091518112207 ], [ 39.281342870845926, 12.688731087901632 ], [ 39.266526752832213, 12.677806098846865 ], [ 39.239717404758558, 12.663824241438855 ], [ 39.231623202032011, 12.667260246340877 ], [ 39.212848641438036, 12.6623631291388 ], [ 39.199729764666579, 12.661120824183097 ], [ 39.188149411402051, 12.657048920483247 ], [ 39.182280721811871, 12.653398609739597 ], [ 39.175259462379685, 12.644207454217907 ], [ 39.184262792234023, 12.631025207818857 ], [ 39.183903658925779, 12.613022441354792 ], [ 39.2051348409653, 12.576728874797718 ], [ 39.210076374985405, 12.561324431494283 ], [ 39.209576286802246, 12.550297394234395 ], [ 39.215144734254991, 12.544112562382788 ], [ 39.218415441958214, 12.536695019812131 ], [ 39.218984417733914, 12.530787780240972 ], [ 39.22357349416842, 12.523037341182752 ], [ 39.223118442646651, 12.517400167415587 ], [ 39.230632798078638, 12.501820474454401 ], [ 39.23245387900964, 12.493883820328284 ], [ 39.231772146215285, 12.486909765187313 ], [ 39.237213542722863, 12.473826868477868 ], [ 39.237020125762669, 12.449740966861491 ], [ 39.242291865305319, 12.426373466980515 ], [ 39.242701229445764, 12.404341883769719 ], [ 39.24077911494372, 12.395291683959691 ], [ 39.245250046923054, 12.366485498869482 ], [ 39.247350400019087, 12.360674991160264 ], [ 39.246388223641759, 12.353695964389141 ], [ 39.252047591907008, 12.344875504587836 ], [ 39.263714243861955, 12.33545952809896 ], [ 39.264314342817812, 12.331182785742792 ], [ 39.281058640188725, 12.305756727870232 ], [ 39.285644232250917, 12.300444161594845 ], [ 39.291733877992883, 12.296828270936226 ], [ 39.30606828577227, 12.298036406397021 ], [ 39.322563128367655, 12.305621638056786 ], [ 39.334675770838942, 12.301359932143209 ], [ 39.343206009149569, 12.301457868237954 ], [ 39.35101254380438, 12.299169350569636 ], [ 39.373438187352306, 12.302050953710239 ], [ 39.389457583622054, 12.301251827281408 ], [ 39.403748020466381, 12.296035063640366 ], [ 39.420376711222787, 12.297352585912158 ], [ 39.42843738355851, 12.303196293251249 ], [ 39.441606659747286, 12.316253711497341 ], [ 39.456427415795481, 12.325780484024655 ], [ 39.47138163080065, 12.322152177646744 ], [ 39.508305523352085, 12.333604513960161 ], [ 39.523526798479296, 12.327167006728978 ], [ 39.539401439139617, 12.292667705636322 ], [ 39.544138626037444, 12.265766119511833 ], [ 39.556049582427562, 12.256270175144893 ], [ 39.573409619426357, 12.256684464349076 ], [ 39.5927359569217, 12.271733102104145 ], [ 39.59782882607356, 12.270627903319941 ], [ 39.605866823384353, 12.271319944227516 ], [ 39.615079659926266, 12.276488268119939 ], [ 39.625989934883954, 12.288754782452459 ], [ 39.621801346053601, 12.300976612926894 ], [ 39.633141634708906, 12.308408321330511 ], [ 39.659569026859636, 12.307135599428435 ], [ 39.680182870735081, 12.308569957789516 ], [ 39.707133973475081, 12.306960748560105 ], [ 39.722371022968495, 12.308982241563989 ], [ 39.739976833737281, 12.313590836602563 ], [ 39.759423787042593, 12.320705837363082 ], [ 39.762416978494571, 12.304006229424955 ], [ 39.778011461285601, 12.311638458283579 ], [ 39.801199139552466, 12.317141822000195 ], [ 39.818482668856561, 12.324782038651371 ], [ 39.818448625907358, 12.342569692564025 ], [ 39.831748045648752, 12.358249825372082 ], [ 39.830185242070222, 12.366400121840149 ], [ 39.826141762615059, 12.373052410053754 ], [ 39.823914706385466, 12.384669103964372 ], [ 39.820803572309686, 12.390742402114398 ], [ 39.821824745882481, 12.395930648510751 ], [ 39.815800778949509, 12.407807062491974 ], [ 39.822485864700582, 12.415579977705372 ], [ 39.834239828229904, 12.434224664613041 ], [ 39.848345564713654, 12.449947720921745 ], [ 39.863985511238326, 12.464086164484717 ], [ 39.883445741912745, 12.45840322370851 ], [ 39.882923229217845, 12.467695384406239 ], [ 39.872133166580063, 12.469552490191926 ], [ 39.867158825770765, 12.473363673029441 ], [ 39.881938932693288, 12.485199036896168 ], [ 39.869054909629902, 12.495054473243243 ], [ 39.864324710477455, 12.507025764984819 ], [ 39.862560012616129, 12.518240986270943 ], [ 39.864518225888993, 12.524456595745933 ], [ 39.864068845706392, 12.532182911839904 ], [ 39.853243331712001, 12.548154660049866 ], [ 39.841421518581157, 12.547464858490933 ], [ 39.833636523808146, 12.550623791851029 ], [ 39.82677887852563, 12.561686272012729 ], [ 39.827697966821361, 12.572701452624333 ], [ 39.816350428353473, 12.582131383869211 ], [ 39.807608725896692, 12.597012008375554 ], [ 39.809740866602887, 12.604127879475875 ], [ 39.819574849848927, 12.619480513488435 ], [ 39.825210322641723, 12.623264966241136 ], [ 39.833446209766691, 12.635103168509145 ], [ 39.824212664569465, 12.646393504280903 ], [ 39.820950319743417, 12.659550820559522 ], [ 39.826977078180555, 12.694461985503651 ], [ 39.840287015402858, 12.713993199038701 ], [ 39.868479350495839, 12.724455556385024 ], [ 39.870655895390961, 12.734636065060309 ], [ 39.889522254475729, 12.756490745858054 ], [ 39.899923566785191, 12.763022451621987 ], [ 39.920451235342775, 12.767603661172657 ], [ 39.928432391130094, 12.767786660910835 ], [ 39.943583411586779, 12.772192238344816 ], [ 39.964151178143652, 12.782896471412682 ], [ 39.978859364325437, 12.792902545534572 ], [ 39.97345698307241, 12.798071680036925 ], [ 39.970384937389966, 12.8148360817555 ], [ 39.966359652566872, 12.822592576472314 ], [ 39.953414366330684, 12.837627724443726 ], [ 39.942056793842504, 12.861978729260731 ], [ 39.930233925055198, 12.875097844829236 ], [ 39.93013670275424, 12.882209259128517 ], [ 39.926080081761796, 12.894470525970521 ], [ 39.917444066230388, 12.905338435295286 ], [ 39.907310160151049, 12.91504126792735 ], [ 39.90512269307515, 12.922455218388343 ], [ 39.899050733729915, 12.926762529671338 ], [ 39.887260980150025, 12.931609994306241 ], [ 39.873648770280106, 12.942949335389738 ], [ 39.863238180321446, 12.962719118988151 ], [ 39.86088464740368, 12.970329311492209 ], [ 39.862632623838074, 12.994526288810331 ], [ 39.861252315160129, 13.004313542718357 ], [ 39.863933611399126, 13.020396325430989 ], [ 39.858862328746199, 13.036847961052858 ], [ 39.848829723394566, 13.053495779095854 ], [ 39.835937858170155, 13.083665084413898 ], [ 39.834070085240846, 13.089247689613414 ], [ 39.832097397664526, 13.113226739564768 ], [ 39.825170860722814, 13.132635880539469 ], [ 39.816510102087257, 13.146869789420712 ], [ 39.812821136890861, 13.155838702367905 ], [ 39.810045030940572, 13.177365637073088 ], [ 39.804646141298861, 13.190358160503445 ], [ 39.80781930534522, 13.203183894337132 ], [ 39.809407138766502, 13.217849963003689 ], [ 39.801457277028774, 13.219826907898488 ], [ 39.799930706613779, 13.228196522000564 ], [ 39.788098802200082, 13.246304003506582 ], [ 39.785966718516626, 13.252629803356948 ], [ 39.786622948687992, 13.263377271453614 ], [ 39.778252219159292, 13.275832168084992 ], [ 39.768188691142825, 13.285939356904498 ], [ 39.763293829763143, 13.28412381836351 ], [ 39.759521760760961, 13.279570899576617 ], [ 39.74265669789974, 13.283252070380643 ], [ 39.736773789024319, 13.287211080223786 ], [ 39.730923133799628, 13.287247746043837 ], [ 39.725844383050891, 13.289008405694958 ], [ 39.720595712066654, 13.295224016102186 ], [ 39.729371751317942, 13.309467176293149 ], [ 39.735885344342726, 13.314969684874729 ], [ 39.738619673349874, 13.32176185833244 ], [ 39.737328481692387, 13.32796942577399 ], [ 39.739637149616826, 13.33355243454999 ], [ 39.742577625327321, 13.351952485106789 ], [ 39.743053685748706, 13.358153292002193 ], [ 39.740906876711215, 13.363918308080773 ], [ 39.732566714412044, 13.37398325237942 ], [ 39.73039545540194, 13.379470424420186 ], [ 39.74663226543592, 13.374784270683104 ], [ 39.742157554155796, 13.382857754702407 ], [ 39.744424189597197, 13.389599064211183 ], [ 39.739216206361583, 13.400236763452428 ], [ 39.734821186742053, 13.403729673700841 ], [ 39.728615512880225, 13.422887373599748 ], [ 39.726939475349226, 13.441859188408477 ], [ 39.720390641700689, 13.476335473246685 ], [ 39.724298078361947, 13.509843452356501 ], [ 39.729086544192349, 13.517278087135123 ], [ 39.730039170165036, 13.524723874941129 ], [ 39.734818880882059, 13.529344418185964 ], [ 39.740601602379435, 13.547948106639602 ], [ 39.740329733155733, 13.563795285786831 ], [ 39.74542121444243, 13.571457903196778 ], [ 39.735112836466378, 13.581756861912325 ], [ 39.722606036594108, 13.587882608220649 ], [ 39.717217613645992, 13.595180098692992 ], [ 39.683929128934459, 13.612388578918141 ], [ 39.68251748082227, 13.604493317911604 ], [ 39.670720661320793, 13.596607625652915 ], [ 39.659791756722917, 13.58681388848542 ], [ 39.655448279057218, 13.582141714815153 ], [ 39.649272608966847, 13.570137475372501 ], [ 39.644075490802763, 13.564957794384673 ], [ 39.633641792994027, 13.559680568029165 ], [ 39.620032391572778, 13.587509825206936 ], [ 39.618944645099276, 13.593314692255543 ], [ 39.608377501697142, 13.60155068917763 ], [ 39.602441640709507, 13.598775347232042 ], [ 39.598241059676752, 13.59474304153019 ], [ 39.592257187959511, 13.58360891040682 ], [ 39.586200257836182, 13.578410204979612 ], [ 39.573073869838488, 13.576107611591693 ], [ 39.557189080847976, 13.582619616008879 ], [ 39.554654237580102, 13.589591349974967 ], [ 39.543117189611053, 13.601274860768083 ], [ 39.533765847609551, 13.594169859644561 ], [ 39.528878972422319, 13.595296037791094 ], [ 39.516376278332864, 13.602062130353184 ], [ 39.514637484539868, 13.609808563344492 ], [ 39.506009737226023, 13.618712162180072 ], [ 39.496996252890654, 13.620223150791885 ], [ 39.491620776475408, 13.615739540101838 ], [ 39.483557612045004, 13.618879123753324 ], [ 39.477221664507525, 13.626325040976196 ], [ 39.477087907462767, 13.633569455938778 ], [ 39.474897167625429, 13.639647785095232 ], [ 39.463984972797647, 13.641496360927356 ], [ 39.4441189639074, 13.621322269840345 ], [ 39.432301101569038, 13.619874410297555 ], [ 39.425493993038302, 13.613118965907944 ], [ 39.413277873441345, 13.619662231428681 ], [ 39.408271282391233, 13.623983522030537 ], [ 39.402086322458032, 13.622700367480583 ], [ 39.396942263348272, 13.615822451480742 ], [ 39.389948463399563, 13.612213918499258 ], [ 39.3915171897806, 13.605110090419585 ], [ 39.385062290591478, 13.605121266272766 ], [ 39.37964695851732, 13.60275161763027 ], [ 39.376733119841411, 13.598279682088259 ], [ 39.381059213398828, 13.594639177585492 ], [ 39.37118349882676, 13.585733826083873 ], [ 39.364052830550428, 13.568051983196115 ], [ 39.35757651564834, 13.564575340640753 ], [ 39.362553810218273, 13.555519997617466 ], [ 39.3547832258364, 13.551408887707662 ], [ 39.348923567218286, 13.550292337126079 ], [ 39.348581098669918, 13.544450662491005 ], [ 39.353300798876504, 13.539745935233768 ], [ 39.355104888029679, 13.531692132222863 ], [ 39.350727489915549, 13.527988257277336 ], [ 39.342656445042607, 13.513612238352433 ], [ 39.344416999938197, 13.505494179044797 ], [ 39.342104933030967, 13.498481599856802 ], [ 39.337444412758018, 13.49304456141547 ], [ 39.33757873206563, 13.485746131856001 ], [ 39.331479690918933, 13.481064144798529 ], [ 39.325404895380451, 13.46666071715411 ], [ 39.317995929336519, 13.463898059959233 ], [ 39.313775569131259, 13.466824308678104 ], [ 39.3068307294972, 13.466911846142603 ], [ 39.301958928268803, 13.4698918453737 ], [ 39.295245995213556, 13.471315041353376 ], [ 39.29099576058934, 13.475770578891877 ], [ 39.285047554123246, 13.487708262538453 ], [ 39.272686527334379, 13.491650876722982 ], [ 39.267052226338862, 13.495501732532722 ], [ 39.255754494854685, 13.493743741508061 ], [ 39.2429467153123, 13.488047017070041 ], [ 39.236936591416644, 13.482081933148828 ], [ 39.228148535635285, 13.48446879390719 ], [ 39.219237442179441, 13.484023949181211 ], [ 39.205394394111217, 13.486925358551041 ], [ 39.198305306379972, 13.484936446490099 ], [ 39.193420999993009, 13.479467773451459 ], [ 39.186172479693369, 13.482863764524666 ], [ 39.180616172956711, 13.478505563732977 ], [ 39.175739115960475, 13.478125722336975 ], [ 39.169564002761646, 13.473569631553753 ], [ 39.156805221126426, 13.475067596273352 ], [ 39.151928548237954, 13.478520568965404 ], [ 39.14919741664778, 13.473794775381917 ], [ 39.138711314589678, 13.47974179223943 ], [ 39.123081766337563, 13.477021667526696 ], [ 39.11462762715265, 13.478953619240476 ], [ 39.110228177866148, 13.484981494291649 ], [ 39.104767879836722, 13.480588557563745 ], [ 39.10013744521266, 13.484510053040433 ], [ 39.090936113162527, 13.483647549564648 ], [ 39.090540529458323, 13.47696707149899 ], [ 39.082367387953283, 13.475364710095707 ], [ 39.07962447115694, 13.471284701430472 ], [ 39.080916701386037, 13.466395025659008 ], [ 39.075363004371418, 13.465987605318631 ], [ 39.070143060797633, 13.467766106576342 ], [ 39.056517655081308, 13.453608024846826 ], [ 39.045189922503688, 13.4484407697429 ], [ 39.040812318941086, 13.451110822534677 ], [ 39.032143785696277, 13.452467401828654 ], [ 39.023058401224375, 13.459145719934009 ], [ 39.022353812061006, 13.44927476693822 ], [ 39.019525966255046, 13.443583293566308 ], [ 39.020688793375072, 13.430507951180726 ], [ 39.024412151803368, 13.418558231442088 ], [ 39.026865311448496, 13.402624584536589 ], [ 39.027033225263239, 13.390913034898777 ], [ 39.029880066458659, 13.386624975151811 ], [ 39.02986385002496, 13.381290545275233 ], [ 39.027815405960268, 13.375470626330271 ], [ 39.035824439595324, 13.363891743831989 ], [ 39.041498797658775, 13.359897719952317 ], [ 39.045292881563022, 13.346023225631644 ], [ 39.050717644575307, 13.34139179519196 ], [ 39.054799744107278, 13.33462269649378 ], [ 39.061732408980262, 13.328839336085169 ], [ 39.06296623808003, 13.322465054184011 ], [ 39.056187998937489, 13.31775619097945 ], [ 39.051192151707262, 13.309973804519323 ], [ 39.046841455195477, 13.294828278450957 ], [ 39.042723370090584, 13.288705870889586 ], [ 39.050165582999988, 13.284639859299672 ], [ 39.062331315681867, 13.284887073621272 ], [ 39.071196130099018, 13.293523920803462 ], [ 39.081371720223018, 13.282319893148193 ], [ 39.090051474063898, 13.280522832509043 ], [ 39.094896157180429, 13.276434370613769 ], [ 39.090887091027859, 13.262438937148072 ], [ 39.093407192537938, 13.246597399155171 ], [ 39.09668473759978, 13.242245023067287 ], [ 39.098950675820781, 13.235663908537115 ], [ 39.092591955443957, 13.222888463870461 ], [ 39.073623720219729, 13.218232725910783 ], [ 39.070428377418679, 13.212684143136409 ], [ 39.070251985909252, 13.206627911032083 ], [ 39.066958782448836, 13.199717728093509 ], [ 39.053432524151297, 13.201969480291973 ], [ 39.04836585168475, 13.197603567424084 ], [ 39.044005825816427, 13.18761863834218 ], [ 39.045291943729907, 13.181631782579519 ], [ 39.042346120816504, 13.175061866538361 ], [ 39.036881274889978, 13.170631074558928 ] ] ] } },
{ "type": "Feature", "properties": { "shapeName": "Special Woreda", "shapeISO": "", "shapeID": "57463737B67745192438967", "shapeGroup": "ETH", "shapeType": "ADM2" }, "geometry": { "type": "Polygon", "coordinates": [ [ [ 39.99763340356877, 11.030116120768842 ], [ 39.99064704948831, 11.028431356406124 ], [ 39.982735363353612, 11.02949042967254 ], [ 39.972426915008981, 11.033495467746839 ], [ 39.952455696074487, 11.049542193744502 ], [ 39.947643969782305, 11.046728522733035 ], [ 39.943179723138606, 11.040105766578041 ], [ 39.936695509944521, 11.035161263367485 ], [ 39.94070306745045, 11.028951552129591 ], [ 39.953442809937478, 11.016487761688238 ], [ 39.938417970715989, 11.000187373780472 ], [ 39.930863083049736, 10.997462654385059 ], [ 39.923586542274698, 10.993542717284413 ], [ 39.919655421613427, 10.983903340908757 ], [ 39.911548906229704, 10.979162836568586 ], [ 39.90288650342346, 10.977279423126497 ], [ 39.893316729728511, 10.980529881474794 ], [ 39.884105805085575, 10.981297773251843 ], [ 39.877898954702061, 10.97777379473661 ], [ 39.867107035749598, 10.966404678884995 ], [ 39.873547890825463, 10.96030534563325 ], [ 39.88159243299269, 10.956659382948626 ], [ 39.890390076636287, 10.957142637184337 ], [ 39.895605101131885, 10.949826736894247 ], [ 39.890158215928295, 10.943335863331932 ], [ 39.889719222453685, 10.933619909642253 ], [ 39.890588872508324, 10.914386772798807 ], [ 39.889485986994394, 10.905632583626391 ], [ 39.890270448650178, 10.889682290862108 ], [ 39.907006341719296, 10.895404034256782 ], [ 39.907518107085941, 10.888089629257125 ], [ 39.914299981847513, 10.886466694019097 ], [ 39.927047223191607, 10.891052250685796 ], [ 39.932987130134812, 10.889520190237693 ], [ 39.944124017579611, 10.888204843840967 ], [ 39.95080965620626, 10.884540448993576 ], [ 39.958653934986287, 10.872512734682191 ], [ 39.957484213929526, 10.865138747311589 ], [ 39.954450612066019, 10.858257745826306 ], [ 39.931500052224379, 10.824110198560993 ], [ 39.942763224056428, 10.829384269599323 ], [ 39.957672180418896, 10.845084836956735 ], [ 39.96606563170819, 10.847098466935266 ], [ 39.979137659675708, 10.84783089469564 ], [ 39.986388795577327, 10.844326682672424 ], [ 39.991855139057698, 10.836176334456514 ], [ 40.006875259278786, 10.842790858854643 ], [ 40.013417450661542, 10.848053239068093 ], [ 40.02907753292822, 10.854356923002312 ], [ 40.038967856067543, 10.852942553594234 ], [ 40.048856957554662, 10.853456787332876 ], [ 40.05827648559, 10.85584370677536 ], [ 40.064799109474109, 10.857192954469935 ], [ 40.077876072315597, 10.86395823613014 ], [ 40.085082754002201, 10.86313879153054 ], [ 40.105469146852009, 10.868335388401247 ], [ 40.113500279724121, 10.873645555335939 ], [ 40.104879071793356, 10.876275289108159 ], [ 40.095213283001456, 10.88267623916261 ], [ 40.09137340043003, 10.889283074619776 ], [ 40.086713764868691, 10.893804148561767 ], [ 40.076714163989841, 10.898575151074542 ], [ 40.060497522381219, 10.904616961861363 ], [ 40.056011979749648, 10.908684935938911 ], [ 40.049900699705603, 10.91125090752964 ], [ 40.041014811879961, 10.934228243422135 ], [ 40.039693823171788, 10.942811060466372 ], [ 40.046963697500814, 10.950594464429987 ], [ 40.057478482852048, 10.951962968415529 ], [ 40.072258908318091, 10.962714188830336 ], [ 40.068602256642748, 10.969741728091156 ], [ 40.057341318710499, 10.974408177348712 ], [ 40.054870822679234, 10.979343791244778 ], [ 40.049548918353338, 10.982123154704441 ], [ 40.044323058432717, 10.983067069883655 ], [ 40.038911308671373, 10.981909757357448 ], [ 40.035649140351396, 10.989506613848688 ], [ 40.029731810792633, 10.993734332484708 ], [ 40.018968049473003, 10.996740060528817 ], [ 40.014185453230915, 11.00473567299931 ], [ 40.002947694577301, 11.019450043245932 ], [ 40.000509675009198, 11.02533479217943 ], [ 39.99763340356877, 11.030116120768842 ] ] ] } },
{ "type": "Feature", "properties": { "shapeName": "Wag Himra", "shapeISO": "", "shapeID": "57463737B2754129791816", "shapeGroup": "ETH", "shapeType": "ADM2" }, "geometry": { "type": "Polygon", "coordinates": [ [ [ 38.740135008895749, 13.297116217122795 ], [ 38.733936921901943, 13.29131564298995 ], [ 38.727161725933719, 13.290995799352235 ], [ 38.71981849792293, 13.288459732922034 ], [ 38.713696191448577, 13.287538728842458 ], [ 38.70117397830235, 13.290498682013439 ], [ 38.691378272737936, 13.289199276119447 ], [ 38.681500968103883, 13.28377299341715 ], [ 38.660687976794442, 13.265196465115169 ], [ 38.644744196277159, 13.266501459049271 ], [ 38.632790128965631, 13.270129017174337 ], [ 38.626849948427761, 13.268680556584336 ], [ 38.56240449476882, 13.265303024187469 ], [ 38.556091288540344, 13.261697459331101 ], [ 38.553173939974428, 13.247352505860208 ], [ 38.558632503487026, 13.238683924177916 ], [ 38.56128322376324, 13.2305464406878 ], [ 38.558421392960589, 13.21861082114243 ], [ 38.559630795078412, 13.199349721676993 ], [ 38.5517254455469, 13.18793943900444 ], [ 38.537607812632871, 13.188555435417944 ], [ 38.530347301431803, 13.176719613776175 ], [ 38.520796463303142, 13.16730748727522 ], [ 38.515619396802315, 13.159732907061189 ], [ 38.514800193646103, 13.152839772839211 ], [ 38.518403923405522, 13.147004752019553 ], [ 38.517964692228382, 13.13928291967733 ], [ 38.515853265116, 13.134432351540317 ], [ 38.510818942636362, 13.132693784661271 ], [ 38.505807101455076, 13.128132960531532 ], [ 38.515213274252623, 13.113879627130288 ], [ 38.511573449083826, 13.109371253797184 ], [ 38.498722822280328, 13.114451185160565 ], [ 38.491490436880142, 13.102920975753371 ], [ 38.487860066163719, 13.089874660059879 ], [ 38.482230560882748, 13.086548697321131 ], [ 38.469604724507228, 13.090287831820135 ], [ 38.463370359965538, 13.089119883955949 ], [ 38.467595852427358, 13.080652425405283 ], [ 38.466026355193229, 13.072915377871247 ], [ 38.462830196002919, 13.067168636593035 ], [ 38.455046988333244, 13.06765233600858 ], [ 38.452038950107465, 13.062289317367727 ], [ 38.455728850076675, 13.056578452807742 ], [ 38.460926636765329, 13.052187463987618 ], [ 38.462431971767742, 13.046088313297846 ], [ 38.455956769111772, 13.043558073859799 ], [ 38.441180085570025, 13.041907310750409 ], [ 38.429077457749585, 13.0372807875936 ], [ 38.421381744190136, 13.038356869558895 ], [ 38.414863596493348, 13.044152287159497 ], [ 38.404786922087851, 13.061295374716263 ], [ 38.390429533967556, 13.064787166292968 ], [ 38.381831864135101, 13.063801556200676 ], [ 38.377707882572984, 13.059274223148979 ], [ 38.380579783854451, 13.050941172407054 ], [ 38.380206171414386, 13.024381913510826 ], [ 38.384977439157204, 13.017838497434459 ], [ 38.380054104075249, 13.014927730049216 ], [ 38.357507257164926, 13.014845181234055 ], [ 38.349696757487649, 13.011033059883276 ], [ 38.344800501527359, 13.006120514409044 ], [ 38.34234072536249, 13.000225038300735 ], [ 38.342139461403889, 12.987933687331276 ], [ 38.34899142700904, 12.983079974128971 ], [ 38.346602687842214, 12.976121089246348 ], [ 38.338050726206113, 12.968599458342966 ], [ 38.335824255338089, 12.957449101471274 ], [ 38.338561797928264, 12.952050715923949 ], [ 38.3427402432836, 12.947269744113603 ], [ 38.348789253800852, 12.951481199598375 ], [ 38.352256974817038, 12.944659640873871 ], [ 38.356786028437234, 12.945791889888255 ], [ 38.360651588214758, 12.950633197150992 ], [ 38.365583750528124, 12.953916632736791 ], [ 38.372408040127411, 12.939311241923001 ], [ 38.377739308420423, 12.935166922600104 ], [ 38.384019143467405, 12.933513525257828 ], [ 38.39108826943049, 12.92826893287485 ], [ 38.387646912429993, 12.923158396154353 ], [ 38.386059753767192, 12.916173342523003 ], [ 38.382488622528498, 12.91170891677902 ], [ 38.385267081882105, 12.906190375060746 ], [ 38.384126010774374, 12.900412630983931 ], [ 38.388114722873652, 12.893501630892787 ], [ 38.370521827274743, 12.893658049992831 ], [ 38.366871849477668, 12.89768522593071 ], [ 38.369994865546204, 12.901706108928254 ], [ 38.367220343165016, 12.906570057326173 ], [ 38.359225874914436, 12.91189904805503 ], [ 38.348145462913848, 12.905219794136672 ], [ 38.347003193593764, 12.899558690358267 ], [ 38.349731113499821, 12.875610739572322 ], [ 38.342047224252397, 12.864976505656674 ], [ 38.336357657145598, 12.864352046024027 ], [ 38.335612096935016, 12.858373566162513 ], [ 38.353487298475883, 12.836611748639816 ], [ 38.351766863997135, 12.828653780182043 ], [ 38.34579862204717, 12.817770757053694 ], [ 38.34096339552049, 12.804169962363508 ], [ 38.33493815896005, 12.7942903531368 ], [ 38.331605403190132, 12.769585008092628 ], [ 38.33361841201372, 12.762121639961631 ], [ 38.339367939867721, 12.756537736441553 ], [ 38.354982000223416, 12.758734298617881 ], [ 38.379165105587589, 12.745681775131464 ], [ 38.38595863501795, 12.746032035214013 ], [ 38.396983980965366, 12.750903212139066 ], [ 38.404774612712721, 12.749761261405112 ], [ 38.424783111022514, 12.738767586290523 ], [ 38.438312758661084, 12.740645338481402 ], [ 38.443439430481064, 12.744544469639758 ], [ 38.451297546724966, 12.747189315872351 ], [ 38.464186566287566, 12.740969101741639 ], [ 38.464618971843208, 12.73505315667512 ], [ 38.454290624127687, 12.726837932304228 ], [ 38.458618572055407, 12.719110697528167 ], [ 38.457735126424502, 12.712204176119462 ], [ 38.450040574110936, 12.699482823850168 ], [ 38.449113757210739, 12.693270867694698 ], [ 38.452913816614107, 12.685778491525936 ], [ 38.450424153983064, 12.671570435938165 ], [ 38.456639660026234, 12.664564428563306 ], [ 38.45805677763925, 12.65720453108511 ], [ 38.463975591096975, 12.65389884752773 ], [ 38.468225261845625, 12.64880384474357 ], [ 38.468759174062086, 12.640558704520243 ], [ 38.475396125499643, 12.634855256903576 ], [ 38.479658294768043, 12.627213071545626 ], [ 38.473003300677384, 12.620934685646361 ], [ 38.476134269970082, 12.61539868665052 ], [ 38.47793502339885, 12.607981817700585 ], [ 38.464454843440741, 12.595198115093499 ], [ 38.464027296485575, 12.587686911416924 ], [ 38.459518590012095, 12.583228824933105 ], [ 38.451427848418774, 12.581428781649851 ], [ 38.447643945764064, 12.574418162350874 ], [ 38.434797343431832, 12.568729734964029 ], [ 38.432163056119862, 12.556426149605205 ], [ 38.428539593627143, 12.552337525939485 ], [ 38.423319095708287, 12.549831169349364 ], [ 38.426049436677872, 12.538850709701926 ], [ 38.425453037983011, 12.531288801227742 ], [ 38.418747973349966, 12.528719584180386 ], [ 38.423221670232984, 12.52281503282642 ], [ 38.426591413119503, 12.506727905227926 ], [ 38.430584802766994, 12.49784556635327 ], [ 38.427677564836337, 12.486559645725313 ], [ 38.430904855004108, 12.478587566619147 ], [ 38.43587029337548, 12.472911361017989 ], [ 38.434789130351113, 12.465281445423171 ], [ 38.429497648276083, 12.452457839212787 ], [ 38.437467749910304, 12.432859989019523 ], [ 38.435858884149091, 12.421821455997746 ], [ 38.444439297029518, 12.409121253990907 ], [ 38.445225770988131, 12.401541157117382 ], [ 38.447633309126289, 12.396763056582682 ], [ 38.461008746786973, 12.379757616230609 ], [ 38.481556347406716, 12.361789382079074 ], [ 38.481741630665852, 12.35297957820916 ], [ 38.488669115507683, 12.34072049946346 ], [ 38.485496884102645, 12.334213750418229 ], [ 38.486471111482203, 12.323577333954621 ], [ 38.484370344868339, 12.317192734238423 ], [ 38.477305082333814, 12.307235808241376 ], [ 38.478782436675445, 12.299943233021477 ], [ 38.484273788864371, 12.292866346806363 ], [ 38.497966039867741, 12.287184256218612 ], [ 38.518450975132382, 12.281976972302289 ], [ 38.532407904943184, 12.285855261321407 ], [ 38.543791305406913, 12.293901607567538 ], [ 38.565272194613854, 12.293276244716925 ], [ 38.571090456039975, 12.28984591087649 ], [ 38.584278589524779, 12.289041867120911 ], [ 38.592009191339912, 12.286422079991832 ], [ 38.627813174056527, 12.282111544266865 ], [ 38.634148008935753, 12.280463505670648 ], [ 38.639723804681189, 12.276065520388842 ], [ 38.652288815813506, 12.274557407000604 ], [ 38.670745522695441, 12.268993054894063 ], [ 38.682899405807923, 12.271120516658335 ], [ 38.688716410176774, 12.269557317344326 ], [ 38.694421990661887, 12.272753303865692 ], [ 38.703125746010585, 12.27437010935647 ], [ 38.726438420817807, 12.288385675489673 ], [ 38.738287237981609, 12.292010524447225 ], [ 38.751957326827743, 12.29083897490797 ], [ 38.768149446449293, 12.285253810025269 ], [ 38.773424867712514, 12.281067191200016 ], [ 38.781492191396389, 12.278399630589769 ], [ 38.795484411893625, 12.269229683638386 ], [ 38.804700743614063, 12.265091186177777 ], [ 38.812961180821752, 12.264397977060595 ], [ 38.821476124682611, 12.2665139578394 ], [ 38.837591602882625, 12.27573018887691 ], [ 38.8620379640507, 12.274376620847775 ], [ 38.869149859104709, 12.276462690418798 ], [ 38.879607381705547, 12.270398057559721 ], [ 38.895399621158042, 12.269876553884689 ], [ 38.901280432103611, 12.266680044898997 ], [ 38.91817754962188, 12.263109000064391 ], [ 38.956666524473171, 12.247100069344681 ], [ 38.968048506364589, 12.246541379381915 ], [ 38.982210251102082, 12.248808760380376 ], [ 39.00038940160443, 12.244971813492105 ], [ 39.005794673635151, 12.24157086088421 ], [ 39.006916497739518, 12.231679429817831 ], [ 39.005339335719057, 12.213468025964206 ], [ 39.007686282578824, 12.169408684834265 ], [ 39.014199262168844, 12.163869793404276 ], [ 39.050633347727761, 12.174327153151028 ], [ 39.0813572177018, 12.176254792009161 ], [ 39.086476353343372, 12.175095860390435 ], [ 39.089823411128073, 12.169669312581007 ], [ 39.090017361712121, 12.161142055577852 ], [ 39.093555339497925, 12.1425496545549 ], [ 39.093158293283686, 12.137124130280652 ], [ 39.089601493054175, 12.131835280492153 ], [ 39.091579175790777, 12.125885120763765 ], [ 39.101815411593073, 12.118131732213342 ], [ 39.108115576639541, 12.116582827985578 ], [ 39.120716936018304, 12.11773464866565 ], [ 39.130563227489205, 12.12044734971151 ], [ 39.137654465553993, 12.126642764860867 ], [ 39.149282908707015, 12.145038086721334 ], [ 39.155793227931881, 12.166148204003587 ], [ 39.159300361866272, 12.171707697073293 ], [ 39.16662907694198, 12.173313010280944 ], [ 39.175803878886335, 12.180387334670524 ], [ 39.185745224693328, 12.190932851805062 ], [ 39.187718321149731, 12.197126299371256 ], [ 39.196040439580166, 12.205285645357202 ], [ 39.198726765023814, 12.218073402093083 ], [ 39.210929236611015, 12.238013585007804 ], [ 39.216938032989447, 12.257538844602083 ], [ 39.220101660294056, 12.26340931212596 ], [ 39.241545924636505, 12.288582979131441 ], [ 39.248131285628531, 12.300209123596815 ], [ 39.256483788885973, 12.310834743139891 ], [ 39.264314342817812, 12.331182785742792 ], [ 39.263714243861955, 12.33545952809896 ], [ 39.252047591907008, 12.344875504587836 ], [ 39.246388223641759, 12.353695964389141 ], [ 39.247350400019087, 12.360674991160264 ], [ 39.245250046923054, 12.366485498869482 ], [ 39.24077911494372, 12.395291683959691 ], [ 39.242701229445764, 12.404341883769719 ], [ 39.242291865305319, 12.426373466980515 ], [ 39.237020125762669, 12.449740966861491 ], [ 39.237213542722863, 12.473826868477868 ], [ 39.231772146215285, 12.486909765187313 ], [ 39.23245387900964, 12.493883820328284 ], [ 39.230632798078638, 12.501820474454401 ], [ 39.223118442646651, 12.517400167415587 ], [ 39.22357349416842, 12.523037341182752 ], [ 39.218984417733914, 12.530787780240972 ], [ 39.218415441958214, 12.536695019812131 ], [ 39.215144734254991, 12.544112562382788 ], [ 39.209576286802246, 12.550297394234395 ], [ 39.210076374985405, 12.561324431494283 ], [ 39.2051348409653, 12.576728874797718 ], [ 39.183903658925779, 12.613022441354792 ], [ 39.184262792234023, 12.631025207818857 ], [ 39.175259462379685, 12.644207454217907 ], [ 39.182280721811871, 12.653398609739597 ], [ 39.188149411402051, 12.657048920483247 ], [ 39.199729764666579, 12.661120824183097 ], [ 39.212848641438036, 12.6623631291388 ], [ 39.231623202032011, 12.667260246340877 ], [ 39.239717404758558, 12.663824241438855 ], [ 39.266526752832213, 12.677806098846865 ], [ 39.281342870845926, 12.688731087901632 ], [ 39.286382284070505, 12.705091518112207 ], [ 39.270395608210585, 12.723939649204858 ], [ 39.274720569888466, 12.727343990651862 ], [ 39.281793207495127, 12.744056287779413 ], [ 39.279714268767897, 12.75926490642548 ], [ 39.268524460007356, 12.772050731343489 ], [ 39.276632802253822, 12.788562242983099 ], [ 39.296591402930936, 12.786211733377202 ], [ 39.304463545473418, 12.794029047874027 ], [ 39.308077277645516, 12.812364973147949 ], [ 39.278546721469567, 12.826735115705464 ], [ 39.291250561459364, 12.838629798284421 ], [ 39.310993598562369, 12.852915583673161 ], [ 39.307689766744652, 12.867017925939429 ], [ 39.303851537623629, 12.870829091019257 ], [ 39.295756450436322, 12.87160927058288 ], [ 39.279884059855036, 12.856956010334569 ], [ 39.26393705004778, 12.894799331830283 ], [ 39.259589688997494, 12.915385857747603 ], [ 39.251667531395135, 12.918686282747951 ], [ 39.233427966166715, 12.917389579609136 ], [ 39.216183903727682, 12.922832560209155 ], [ 39.204159010438175, 12.929617338703924 ], [ 39.193691556935612, 12.928787653821272 ], [ 39.175626693263695, 12.938870367239069 ], [ 39.164328858020944, 12.94911313645008 ], [ 39.155666444241824, 12.950539228505232 ], [ 39.151215250516202, 12.953855071770143 ], [ 39.142723313611192, 12.956540335621858 ], [ 39.120004263280521, 12.961557197850039 ], [ 39.101356916781242, 12.959469466753061 ], [ 39.083716174593974, 12.959972687865093 ], [ 39.075004976854999, 12.976784998768768 ], [ 39.054468095813021, 12.991367371528352 ], [ 39.045442391923892, 12.994059246911759 ], [ 39.03511736820122, 13.001165346690076 ], [ 39.015205364323236, 13.002269881006052 ], [ 39.01046584670798, 13.004595605459183 ], [ 39.001074636106971, 13.004140672150466 ], [ 38.995310668246894, 13.012437348378622 ], [ 39.005189780994051, 13.02409270692983 ], [ 39.00091220069919, 13.039583864458606 ], [ 38.994818007055272, 13.045982166190756 ], [ 38.991306982786433, 13.063521886304555 ], [ 38.990679470461721, 13.081980123281797 ], [ 38.979457264909982, 13.099650944892828 ], [ 39.011098439961387, 13.114668403825023 ], [ 39.02108095975548, 13.127562462308306 ], [ 39.027153640330638, 13.128598719064613 ], [ 39.037790742452039, 13.134924924304656 ], [ 39.043426799250639, 13.156303229752172 ], [ 39.042455777401948, 13.162185664415352 ], [ 39.036881274889978, 13.170631074558928 ], [ 39.017602274591397, 13.179391649509556 ], [ 38.998223937433309, 13.204084403089347 ], [ 38.985668023586342, 13.203434398324211 ], [ 38.965625588646169, 13.208441892800678 ], [ 38.956679334687216, 13.212692545935314 ], [ 38.957182597680941, 13.219878095194927 ], [ 38.954242063318389, 13.224455884370087 ], [ 38.952597177275592, 13.238191938247189 ], [ 38.930444964588254, 13.236369557952314 ], [ 38.919411187288873, 13.230594606854467 ], [ 38.914188375656884, 13.225150955898108 ], [ 38.894050273211342, 13.224091420478873 ], [ 38.87707186863485, 13.221187050419569 ], [ 38.868027859287849, 13.215999691593682 ], [ 38.863958595240831, 13.210177540230589 ], [ 38.85111076049435, 13.215188158650363 ], [ 38.839113789201072, 13.229764253666632 ], [ 38.834735063986749, 13.232611694835958 ], [ 38.819937544756485, 13.235392607295761 ], [ 38.801542686515283, 13.247986752611203 ], [ 38.790549110546941, 13.250749390994148 ], [ 38.780038854607767, 13.25004766037182 ], [ 38.744102429066139, 13.265698715851874 ], [ 38.732438506722779, 13.262951495304286 ], [ 38.730767007977143, 13.269894489649907 ], [ 38.736355848565019, 13.282617467461161 ], [ 38.740919210095278, 13.287458815568371 ], [ 38.740135008895749, 13.297116217122795 ] ] ] } },
{ "type": "Feature", "properties": { "shapeName": "West Arsi", "shapeISO": "", "shapeID": "57463737B70873970034442", "shapeGroup": "ETH", "shapeType": "ADM2" }, "geometry": { "type": "Polygon", "coordinates": [ [ [ 38.101033454010604, 7.208299449091226 ], [ 38.087785463722454, 7.19614896712481 ], [ 38.078834758566771, 7.181469991175429 ], [ 38.077214664327869, 7.155291139948362 ], [ 38.070294470816457, 7.123602540258817 ], [ 38.067284337377984, 7.088924061822537 ], [ 38.062248437842712, 7.073429504064315 ], [ 38.063824228959859, 7.066655040619365 ], [ 38.06497418928133, 7.044606006843869 ], [ 38.074184298944367, 7.030826580610738 ], [ 38.088694517998654, 7.024166834942256 ], [ 38.102734703205819, 7.011997329440494 ], [ 38.109759789730568, 7.000852802785783 ], [ 38.117934873585746, 6.982138597904332 ], [ 38.130118682293762, 6.975054934873792 ], [ 38.147405328041167, 6.978688675769546 ], [ 38.170895762708746, 7.002097594804245 ], [ 38.194616163027185, 7.013567031564174 ], [ 38.217186524391529, 7.015626887527345 ], [ 38.238743840337278, 7.021275498416498 ], [ 38.255254386850545, 7.061114943624179 ], [ 38.29000791320653, 7.108322645351158 ], [ 38.306083871699236, 7.122824396870485 ], [ 38.31425443504515, 7.148319041373994 ], [ 38.32272028193325, 7.162950498992414 ], [ 38.343018902033634, 7.165660002163865 ], [ 38.357739085746132, 7.147060776469249 ], [ 38.378899376971546, 7.130971427032124 ], [ 38.401459711288531, 7.122681730786951 ], [ 38.421669395308108, 7.123732577583666 ], [ 38.443376272024999, 7.128023494352078 ], [ 38.460850639487383, 7.119401719960091 ], [ 38.464740653156547, 7.10104251083931 ], [ 38.480850885372185, 7.091612883120403 ], [ 38.505931267662824, 7.089052932212173 ], [ 38.528961636185144, 7.092242727724735 ], [ 38.54694468327768, 7.092090788844146 ], [ 38.567192295161156, 7.113531697629009 ], [ 38.584472600625823, 7.127501034301912 ], [ 38.612323035008473, 7.125391056570945 ], [ 38.631173293554816, 7.112061585593913 ], [ 38.647003504648303, 7.096756458412979 ], [ 38.637783283822898, 7.067313534136273 ], [ 38.654343528041451, 7.062923681664727 ], [ 38.66883375050373, 7.061073730415975 ], [ 38.681703919980571, 7.049574199792986 ], [ 38.685283841359386, 7.03517020526591 ], [ 38.678908599386254, 7.030016490643064 ], [ 38.675213734928668, 7.01769561667461 ], [ 38.6782456877377, 7.006576027657056 ], [ 38.690214778324481, 7.002088951965332 ], [ 38.698493137391367, 7.01505058399163 ], [ 38.711334288287226, 7.014205673621721 ], [ 38.715214293076237, 6.992636605971132 ], [ 38.71200152389779, 6.974981144132118 ], [ 38.701364491498111, 6.969869541248331 ], [ 38.695603902693811, 6.958718147294122 ], [ 38.702033970055567, 6.94631867384375 ], [ 38.705463980032675, 6.931859301101849 ], [ 38.700593835639637, 6.904570509665235 ], [ 38.705633864825423, 6.88667128337595 ], [ 38.714918139379073, 6.861811508599017 ], [ 38.699175835176263, 6.849808117309609 ], [ 38.668430662123683, 6.833512154951628 ], [ 38.640685170765046, 6.813925374056445 ], [ 38.6372225828758, 6.800945215854672 ], [ 38.636502499132227, 6.772956444926288 ], [ 38.64432260850117, 6.769966556256362 ], [ 38.659042840768521, 6.770866479358422 ], [ 38.672833040507776, 6.763516761256844 ], [ 38.679253108555976, 6.750207327741711 ], [ 38.689373251485499, 6.74560750770341 ], [ 38.706383513926241, 6.743287567275965 ], [ 38.72177371637931, 6.731348048863609 ], [ 38.728193772479734, 6.713218830557158 ], [ 38.743123979094548, 6.702189272128974 ], [ 38.755074155256906, 6.698279415731512 ], [ 38.780134551322831, 6.701459209863031 ], [ 38.810715027442164, 6.702569085974289 ], [ 38.818765160613019, 6.704858960827464 ], [ 38.834375374189115, 6.692909451511123 ], [ 38.838586862335823, 6.676166170364332 ], [ 38.855955646377836, 6.669950403539405 ], [ 38.87778598317783, 6.669460367178528 ], [ 38.90260636057441, 6.666910416819419 ], [ 38.918686592737089, 6.66046065401741 ], [ 38.935262874097845, 6.656863422421393 ], [ 38.950262043788385, 6.645056253944356 ], [ 38.945296932659268, 6.631531854406379 ], [ 38.94251684113793, 6.61159274018531 ], [ 38.960478598626835, 6.602136194851669 ], [ 39.033038236029796, 6.613062444871351 ], [ 39.060148648553579, 6.610042504706061 ], [ 39.065365738671105, 6.600073645888104 ], [ 39.053760505870471, 6.585305791289454 ], [ 39.049288386288445, 6.571084248180273 ], [ 39.053408416081616, 6.558244798124123 ], [ 39.070628670321362, 6.554554919686628 ], [ 39.087058900184523, 6.546430234531514 ], [ 39.097458997290865, 6.522876239341121 ], [ 39.096238857868613, 6.473358415869847 ], [ 39.10080888696568, 6.456849133761722 ], [ 39.108368957454999, 6.438959893709035 ], [ 39.122069026019687, 6.381862367310347 ], [ 39.128229029763787, 6.345633944327457 ], [ 39.127752988255644, 6.337350120562776 ], [ 39.157421707611761, 6.331817163793779 ], [ 39.199502702521258, 6.301534716880515 ], [ 39.218443163852548, 6.292125488638816 ], [ 39.225503393674835, 6.306724169417892 ], [ 39.240773856358601, 6.32852217933382 ], [ 39.257159330662141, 6.342260903650192 ], [ 39.254224297289348, 6.354919789480461 ], [ 39.260034496151029, 6.369388487617417 ], [ 39.292985398103532, 6.38421705262118 ], [ 39.316976074718148, 6.401365447548308 ], [ 39.314876169476364, 6.444841591760734 ], [ 39.323066486043764, 6.476078788231473 ], [ 39.337706973157147, 6.506376043814268 ], [ 39.352597481028674, 6.541952830581113 ], [ 39.380278251686541, 6.558851234052971 ], [ 39.401208798883815, 6.558531187539256 ], [ 39.419819261979896, 6.555221415212039 ], [ 39.432059613136815, 6.56528048240687 ], [ 39.427319556253742, 6.583928834536609 ], [ 39.432689750877422, 6.598157548416334 ], [ 39.450240251252481, 6.611646292580596 ], [ 39.471860814149288, 6.613386054893231 ], [ 39.487101245351056, 6.624115051796578 ], [ 39.499381623339453, 6.640833517483134 ], [ 39.493091555807531, 6.668451084058086 ], [ 39.494751635683102, 6.678680169036452 ], [ 39.510902090454074, 6.68859922553129 ], [ 39.517242184944777, 6.670180838607767 ], [ 39.533282567316768, 6.659751716685532 ], [ 39.578603890500879, 6.703427662492937 ], [ 39.600304506185182, 6.718256264135828 ], [ 39.625747201550027, 6.729657151889639 ], [ 39.636795541838396, 6.744033834821545 ], [ 39.628245434771017, 6.776031013074096 ], [ 39.638465758903145, 6.792979468935901 ], [ 39.660176376679814, 6.808488007894494 ], [ 39.725928199969566, 6.842364740765143 ], [ 39.750888915279447, 6.862672836298957 ], [ 39.771509536988297, 6.885980679284392 ], [ 39.759049327776118, 6.915928055726504 ], [ 39.746729065717467, 6.930016846824652 ], [ 39.731928769360664, 6.953774782758542 ], [ 39.730708832862042, 6.977672658187198 ], [ 39.697248042185365, 6.998330941035774 ], [ 39.685387795364427, 7.013569626204221 ], [ 39.655987205150858, 7.05763581499158 ], [ 39.645297005138502, 7.076544169403288 ], [ 39.636826806942459, 7.083723559163343 ], [ 39.62009641960551, 7.094392671033863 ], [ 39.611926274915604, 7.112141123655119 ], [ 39.62746673886214, 7.12927953736387 ], [ 39.669727919147768, 7.149937530701446 ], [ 39.684333356286402, 7.166161031177267 ], [ 39.683048349523752, 7.172305488250714 ], [ 39.670768014397858, 7.16854586843194 ], [ 39.647527415167296, 7.169145908157409 ], [ 39.642837376057763, 7.190094056110373 ], [ 39.643907621796622, 7.245699096309272 ], [ 39.633347495825788, 7.283005809456466 ], [ 39.607816977357622, 7.320172597178217 ], [ 39.590406578469789, 7.33430141009585 ], [ 39.562115863773684, 7.338391153951744 ], [ 39.54771555462905, 7.354109812798266 ], [ 39.542585517359228, 7.378507662328411 ], [ 39.5421855442899, 7.387706843829646 ], [ 39.522735096447846, 7.402785574589394 ], [ 39.513154781598061, 7.386627051616927 ], [ 39.499794301030747, 7.353260076829043 ], [ 39.491673920708685, 7.3103239349407 ], [ 39.482963585780148, 7.281636520782628 ], [ 39.469723171255644, 7.264248123108967 ], [ 39.453372608443779, 7.228941329504344 ], [ 39.439162142332982, 7.203963607075639 ], [ 39.440402086503696, 7.180965647981217 ], [ 39.403211052462446, 7.163007391365058 ], [ 39.394900805793455, 7.15435819501573 ], [ 39.368400262412763, 7.193324821182515 ], [ 39.335439539427021, 7.228001862630034 ], [ 39.317379144497664, 7.249490020274302 ], [ 39.293288580925932, 7.266418606079546 ], [ 39.268947999672541, 7.279437542625978 ], [ 39.23857722593722, 7.285807092767874 ], [ 39.206546397112469, 7.286447155323205 ], [ 39.197446222608555, 7.30443559187387 ], [ 39.192766202777527, 7.331143238469621 ], [ 39.170705667476845, 7.341852372490309 ], [ 39.151463189186614, 7.348015894478228 ], [ 39.128516035676775, 7.364295482139939 ], [ 39.067283012857423, 7.355741532742247 ], [ 39.041862295064142, 7.343222741136541 ], [ 39.001891191943749, 7.328014240336271 ], [ 38.971410350914688, 7.318735183723796 ], [ 38.9188118845383, 7.326284200922147 ], [ 38.911374763508263, 7.333848534923519 ], [ 38.908648029218121, 7.33930142669536 ], [ 38.915919388075871, 7.342936653851298 ], [ 38.914101576266795, 7.34929835551253 ], [ 38.90501241551376, 7.354751271034544 ], [ 38.89683214561866, 7.352933674780894 ], [ 38.890469725409488, 7.35475132585762 ], [ 38.893196507056686, 7.36202182382427 ], [ 38.89955894430063, 7.36474824053052 ], [ 38.898650060905524, 7.373836379423225 ], [ 38.902285785161304, 7.387468568703193 ], [ 38.894105511022687, 7.384742159663146 ], [ 38.890469904265863, 7.40200963083564 ], [ 38.889561044827822, 7.417459464477441 ], [ 38.883198673793672, 7.432000505777284 ], [ 38.883198739453512, 7.449267963276425 ], [ 38.869564984079808, 7.453812083464126 ], [ 38.86320260589499, 7.466535497671667 ], [ 38.855022342444677, 7.466535528753696 ], [ 38.847751027616717, 7.47471487819845 ], [ 38.861384919969794, 7.505614487729142 ], [ 38.86683842853455, 7.505614466649278 ], [ 38.886834890454146, 7.572866592824012 ], [ 38.875927881791213, 7.575593076041161 ], [ 38.872292226643012, 7.580137158557879 ], [ 38.889561750735616, 7.600130989228157 ], [ 38.884108262985606, 7.60558389231849 ], [ 38.878654800473647, 7.617398489058481 ], [ 38.886835160525997, 7.641936423340059 ], [ 38.896833317995942, 7.656477401782013 ], [ 38.897742275926866, 7.666474346813218 ], [ 38.88683524331816, 7.662839135749188 ], [ 38.876837146295976, 7.663747988253913 ], [ 38.865021270138342, 7.679197865375165 ], [ 38.863203476658526, 7.69010363510178 ], [ 38.85707740356461, 7.706948604452058 ], [ 38.845138521516908, 7.705331355929487 ], [ 38.827078007736262, 7.695762273656497 ], [ 38.78570687188116, 7.686543257092303 ], [ 38.786426820589234, 7.668194883817819 ], [ 38.754905986480544, 7.668744952333039 ], [ 38.72424520351916, 7.675344485960747 ], [ 38.697044508603213, 7.683543870186608 ], [ 38.668403737366226, 7.67930435031278 ], [ 38.609662102611033, 7.66116618928501 ], [ 38.586561485337803, 7.659206450363214 ], [ 38.565840978726968, 7.669895586560068 ], [ 38.536050179049411, 7.669805705874119 ], [ 38.512629482810439, 7.650337520302226 ], [ 38.499159062738968, 7.634498972840166 ], [ 38.475088383538044, 7.623090077111878 ], [ 38.458167882947627, 7.610041291897438 ], [ 38.450457603170598, 7.590953013667487 ], [ 38.433767111137058, 7.578584174047586 ], [ 38.419743047870455, 7.570629664856178 ], [ 38.426491277266443, 7.555042705336957 ], [ 38.430371285134569, 7.535073571309213 ], [ 38.427576962313701, 7.515897783278743 ], [ 38.414685561185351, 7.505349161502629 ], [ 38.392555447141774, 7.503099206119408 ], [ 38.342055149258812, 7.479759275211105 ], [ 38.328070909403444, 7.462863149772754 ], [ 38.329043872998859, 7.457565269877446 ], [ 38.32602370621629, 7.435077268057065 ], [ 38.319737688314738, 7.415353047996081 ], [ 38.309694846638436, 7.402679266668789 ], [ 38.293314740813095, 7.392599292214179 ], [ 38.280267650447186, 7.381788121623762 ], [ 38.27800216390613, 7.362373873949664 ], [ 38.282352197752587, 7.339875854384699 ], [ 38.276498803459184, 7.320135841405113 ], [ 38.266034460831804, 7.307919261418294 ], [ 38.247364348123313, 7.297839289677752 ], [ 38.234454266717719, 7.289129300352014 ], [ 38.220854178009681, 7.276739316614028 ], [ 38.206598948521105, 7.266678363339709 ], [ 38.199414045247408, 7.262749340895062 ], [ 38.181903945833149, 7.259099364898042 ], [ 38.144793720552634, 7.233409406647804 ], [ 38.10515348044067, 7.212079445743091 ], [ 38.101033454010604, 7.208299449091226 ] ] ] } },
{ "type": "Feature", "properties": { "shapeName": "West Gojam", "shapeISO": "", "shapeID": "57463737B52956719481852", "shapeGroup": "ETH", "shapeType": "ADM2" }, "geometry": { "type": "Polygon", "coordinates": [ [ [ 36.527569782896833, 10.48381647639623 ], [ 36.538019370299615, 10.473982715897833 ], [ 36.547021301993425, 10.457819415139458 ], [ 36.544041929977475, 10.449626807523263 ], [ 36.533423231120231, 10.432044596165781 ], [ 36.524445946288729, 10.410920762337005 ], [ 36.521237897999789, 10.406866735189254 ], [ 36.52128822510177, 10.40048719120068 ], [ 36.523700226046522, 10.395119028046752 ], [ 36.531974063083915, 10.383038242905194 ], [ 36.533331294596152, 10.376883434345077 ], [ 36.540037351708065, 10.365909887022873 ], [ 36.549329264000619, 10.36181175832488 ], [ 36.557545505230046, 10.363603065469572 ], [ 36.573658963919016, 10.363806809868482 ], [ 36.590281880103852, 10.369788298636054 ], [ 36.6062654224623, 10.365650408127488 ], [ 36.618366464187076, 10.355899431678829 ], [ 36.637802214705054, 10.347567339344691 ], [ 36.656233187824881, 10.322910935062408 ], [ 36.662604751945167, 10.317472955277651 ], [ 36.669120615932194, 10.314753488100566 ], [ 36.686194935374573, 10.318529295777338 ], [ 36.686713814208808, 10.324063886916113 ], [ 36.681698066900836, 10.335547620433946 ], [ 36.688942563943037, 10.34593058120287 ], [ 36.692449365893708, 10.358250671953144 ], [ 36.718812040111303, 10.358852815020356 ], [ 36.724314144069517, 10.361730398636814 ], [ 36.732193319885923, 10.362282165037165 ], [ 36.746514047077412, 10.360900337293439 ], [ 36.753214619115923, 10.366914117013783 ], [ 36.762557341181996, 10.368239242574752 ], [ 36.767409454924255, 10.363270986217106 ], [ 36.777398118396626, 10.346900204536395 ], [ 36.792757409798035, 10.344317574728512 ], [ 36.799533736449099, 10.338773308932835 ], [ 36.807396817098706, 10.336303699651232 ], [ 36.812613951516717, 10.338207299104816 ], [ 36.81780645267272, 10.34267338670694 ], [ 36.834379924651721, 10.343402319357356 ], [ 36.840409587304066, 10.341732865698292 ], [ 36.870041334295983, 10.341624689314818 ], [ 36.876621277873213, 10.334701513861802 ], [ 36.883908515060597, 10.321588174752451 ], [ 36.889536357930218, 10.316450846826294 ], [ 36.898761606341296, 10.313782287849072 ], [ 36.9199737118917, 10.31512232366755 ], [ 36.925436363836987, 10.314728332992386 ], [ 36.931571095335684, 10.311874197223679 ], [ 36.954476843840688, 10.313437188547262 ], [ 36.965549111500273, 10.312816441914533 ], [ 36.972453296694638, 10.316027105220693 ], [ 36.980723049390505, 10.314960310894364 ], [ 36.997907071654275, 10.303903589093219 ], [ 37.008007742397083, 10.289786131599763 ], [ 37.014068228336441, 10.285874945461037 ], [ 37.040897569656899, 10.286295035732589 ], [ 37.046675662533829, 10.289335220810853 ], [ 37.059304036787758, 10.293214497104875 ], [ 37.06786767319597, 10.297505058348115 ], [ 37.089570195858663, 10.315938174235862 ], [ 37.094419808652781, 10.318077765401348 ], [ 37.106982357620382, 10.319101617901211 ], [ 37.113274063873355, 10.324262479787761 ], [ 37.12331110106696, 10.327825080530825 ], [ 37.135781633177274, 10.334481641886956 ], [ 37.144498633103382, 10.335412019598612 ], [ 37.149791251398916, 10.328868066612218 ], [ 37.172141126782975, 10.328237184434514 ], [ 37.196797623218174, 10.318604843838809 ], [ 37.23095681568406, 10.318413934572018 ], [ 37.235729875772662, 10.320459149822199 ], [ 37.247050740896604, 10.321603663909823 ], [ 37.252961077436936, 10.325239068337382 ], [ 37.258666830141138, 10.333076440136768 ], [ 37.260433417543446, 10.340825505246892 ], [ 37.266309457727743, 10.349663871984434 ], [ 37.277012274762768, 10.360126441422041 ], [ 37.272913135371063, 10.382790948084441 ], [ 37.285416615566731, 10.392205983134128 ], [ 37.288266976183962, 10.398484337523753 ], [ 37.289184364819583, 10.404615631469669 ], [ 37.287932024401513, 10.410405998574667 ], [ 37.29205680250049, 10.423248856926168 ], [ 37.30473575310846, 10.434024084240026 ], [ 37.305930335984442, 10.439319521026105 ], [ 37.302338632698437, 10.452462994513379 ], [ 37.306859122892057, 10.458582668109628 ], [ 37.326127041069448, 10.467609121286369 ], [ 37.331508525856009, 10.467629426591825 ], [ 37.334908100461426, 10.46337478259672 ], [ 37.340236914634836, 10.462829471083431 ], [ 37.352537120579861, 10.468434423044412 ], [ 37.375996132238285, 10.472411296007524 ], [ 37.392208783798175, 10.478564098097689 ], [ 37.405360657787163, 10.479514201521182 ], [ 37.412491166881608, 10.484226326782041 ], [ 37.420918466499835, 10.487393438315307 ], [ 37.428595842819718, 10.486219003587516 ], [ 37.436133038541335, 10.483049744645275 ], [ 37.445182792493917, 10.483106695838153 ], [ 37.453767378930621, 10.48559343721576 ], [ 37.45565813125544, 10.492144022085878 ], [ 37.460840555262024, 10.497998069225288 ], [ 37.470122227691306, 10.505480869712709 ], [ 37.480196503674158, 10.509193047241821 ], [ 37.486922640912709, 10.519006856638736 ], [ 37.50007653360155, 10.523930362526059 ], [ 37.510699674029695, 10.53245226640378 ], [ 37.515999201720263, 10.53500265046584 ], [ 37.523367644562214, 10.535500538376425 ], [ 37.530865609555008, 10.538038479241269 ], [ 37.545337108913394, 10.549637216892485 ], [ 37.546321406461601, 10.55930374568014 ], [ 37.542799364581796, 10.575696755844305 ], [ 37.553412645929207, 10.580792633232912 ], [ 37.554776671148197, 10.594813401524743 ], [ 37.558757985914042, 10.601921094066469 ], [ 37.565798766283521, 10.601999469101097 ], [ 37.570869499370559, 10.600174054004045 ], [ 37.574992395889531, 10.596247177049184 ], [ 37.580760259602926, 10.583437933980466 ], [ 37.585985905133931, 10.583321251653333 ], [ 37.591288789078135, 10.597032249651891 ], [ 37.604558303008595, 10.611998053886955 ], [ 37.61104214058134, 10.622924000788014 ], [ 37.61504511747831, 10.635676932867252 ], [ 37.616302285879023, 10.647142025239726 ], [ 37.620009546620139, 10.653555696246993 ], [ 37.629408247452325, 10.665721336690263 ], [ 37.64759287217322, 10.679250143299045 ], [ 37.651057288390525, 10.687260996296867 ], [ 37.642966879184016, 10.695828507203288 ], [ 37.657448503189173, 10.700621980823584 ], [ 37.676430879362314, 10.702796862496301 ], [ 37.691476002703077, 10.706704490545015 ], [ 37.693522572331993, 10.711960142101947 ], [ 37.71999608363847, 10.719180311910058 ], [ 37.745270882940446, 10.73370156485622 ], [ 37.750565494800931, 10.738209465909748 ], [ 37.75859773995564, 10.738578071204367 ], [ 37.766075733201014, 10.737067582033017 ], [ 37.771971072357744, 10.733919589350254 ], [ 37.776346351953478, 10.736726093379119 ], [ 37.776168485855202, 10.744170743475681 ], [ 37.773588678582655, 10.750269556471052 ], [ 37.769293246952614, 10.754617990001448 ], [ 37.762068231059104, 10.751908438812745 ], [ 37.754867590404352, 10.753971244977777 ], [ 37.749068201002231, 10.758491628943551 ], [ 37.742987039851513, 10.76024934027061 ], [ 37.738683885173636, 10.753681852232994 ], [ 37.731962863260428, 10.753526982745734 ], [ 37.715661596289024, 10.766131922592137 ], [ 37.716452504247755, 10.772811972114201 ], [ 37.711053248057439, 10.780044988673669 ], [ 37.70717561390601, 10.791304558013445 ], [ 37.708168360215261, 10.798140273195884 ], [ 37.704953652200999, 10.815928446869291 ], [ 37.701430490412825, 10.82102070837424 ], [ 37.696435566527079, 10.824167659384855 ], [ 37.692516327564419, 10.831426212001031 ], [ 37.691407597077109, 10.841109496754656 ], [ 37.69094777365936, 10.855147182366123 ], [ 37.693702330125348, 10.870268447491446 ], [ 37.694221822590166, 10.885120398805663 ], [ 37.696146743502958, 10.891600773486786 ], [ 37.695934642583936, 10.905274247539632 ], [ 37.706815224377067, 10.926177367181447 ], [ 37.711145216296678, 10.951264345842249 ], [ 37.716170864242798, 10.96603584006583 ], [ 37.715307277332947, 10.973231550066947 ], [ 37.71015796814784, 10.979897195045886 ], [ 37.711190167049331, 10.986857382651664 ], [ 37.721150595733548, 11.002297983645786 ], [ 37.726760544506391, 11.006868556206459 ], [ 37.739779934993294, 11.01157374485782 ], [ 37.74486064885437, 11.015900078956788 ], [ 37.744805683898186, 11.031852616328555 ], [ 37.749101711632001, 11.035114087343089 ], [ 37.750299727034204, 11.042255846489889 ], [ 37.756948819795092, 11.055782798835249 ], [ 37.751925708454365, 11.06141950035722 ], [ 37.749104598902704, 11.055674293998889 ], [ 37.738326248101551, 11.046841898142691 ], [ 37.731149900099631, 11.044427057294202 ], [ 37.724777524436284, 11.045031986951244 ], [ 37.720952950682793, 11.041975773607028 ], [ 37.714625033272547, 11.048129575193043 ], [ 37.709728186626258, 11.055897361254289 ], [ 37.707813567299794, 11.048769999466522 ], [ 37.698833261901775, 11.038957401643071 ], [ 37.69535296393996, 11.032689800121934 ], [ 37.683505640974985, 11.022075653645478 ], [ 37.666650726738752, 11.014520698987905 ], [ 37.652781777517767, 11.01119397739785 ], [ 37.629002854725236, 11.002667426460546 ], [ 37.60373931753842, 11.00419458998787 ], [ 37.580052352557693, 11.011022366349613 ], [ 37.564932415246119, 11.010441652363861 ], [ 37.558052638574168, 11.013758890272131 ], [ 37.556444654889233, 11.020715425416633 ], [ 37.563113449376047, 11.041025421043846 ], [ 37.557868954436664, 11.054285542590501 ], [ 37.559126412645242, 11.068947865705852 ], [ 37.554936685339953, 11.072719101002351 ], [ 37.556365207410856, 11.078713920998181 ], [ 37.551032868572214, 11.090392681315459 ], [ 37.539156132258277, 11.098614415413952 ], [ 37.531477799411206, 11.100725953433026 ], [ 37.523332163275263, 11.112896752204255 ], [ 37.526169319112803, 11.119409781932177 ], [ 37.543346849490916, 11.127854757269331 ], [ 37.54469658060826, 11.132887179161154 ], [ 37.543682180938639, 11.141463520365786 ], [ 37.550662138921041, 11.1434265637783 ], [ 37.566923047012672, 11.143329987544488 ], [ 37.564950504330369, 11.136330107679392 ], [ 37.565049469573104, 11.129273721904134 ], [ 37.568851210228267, 11.122943586645142 ], [ 37.576817002200507, 11.119836732853827 ], [ 37.585014478304245, 11.11891402159797 ], [ 37.597636849951648, 11.121673715748457 ], [ 37.622331378927754, 11.121566429834091 ], [ 37.633146870489284, 11.125318214017254 ], [ 37.638831030967253, 11.125304685238726 ], [ 37.678764833413773, 11.134860519962233 ], [ 37.698622920276705, 11.130437988822399 ], [ 37.71325906474636, 11.128901484016428 ], [ 37.7264143779609, 11.133773823496774 ], [ 37.734581268382904, 11.132526889471171 ], [ 37.745146580178663, 11.135264261964073 ], [ 37.752335300637235, 11.138587684721179 ], [ 37.784138744056087, 11.14748699130026 ], [ 37.79004940201996, 11.146054835264602 ], [ 37.796496094743098, 11.148024668913983 ], [ 37.798054302909726, 11.155432975494247 ], [ 37.803477364646689, 11.161651154661172 ], [ 37.8177985223303, 11.162560999559078 ], [ 37.818560105317324, 11.18320459552978 ], [ 37.817310930518524, 11.194314233573833 ], [ 37.819926532987822, 11.199606257757475 ], [ 37.822987212598022, 11.216641256454944 ], [ 37.826237676196961, 11.223870775960007 ], [ 37.837606534727435, 11.22654695847204 ], [ 37.844079583940008, 11.230985694395073 ], [ 37.856279534252579, 11.234884703316199 ], [ 37.836560260066726, 11.24705890765031 ], [ 37.832305421838861, 11.252789805880228 ], [ 37.827136289160897, 11.255146127872424 ], [ 37.816068221345354, 11.253974539639126 ], [ 37.809714300131375, 11.255471192322542 ], [ 37.805601619380688, 11.258852836983095 ], [ 37.797985741373466, 11.259344596111678 ], [ 37.787275063714475, 11.2638498318475 ], [ 37.768254914003272, 11.281797702772407 ], [ 37.750667455917032, 11.291327133131672 ], [ 37.736033638129953, 11.304178191139844 ], [ 37.732394169408899, 11.310266414156354 ], [ 37.726422770563268, 11.313891546524482 ], [ 37.717713446805384, 11.330185216015261 ], [ 37.710178881449259, 11.335876169214966 ], [ 37.703084383159663, 11.348421914731334 ], [ 37.690749922303191, 11.358412111096168 ], [ 37.687710362830245, 11.363275369963128 ], [ 37.681927986105272, 11.380928626489586 ], [ 37.676197123961877, 11.383386157765164 ], [ 37.670615902740607, 11.398025395644394 ], [ 37.65843883628127, 11.418287406519187 ], [ 37.654042823091558, 11.421072328120351 ], [ 37.652659159506264, 11.42814424644313 ], [ 37.634709615138121, 11.45486676866507 ], [ 37.63168695577388, 11.462750949385356 ], [ 37.631526433612919, 11.471723170292886 ], [ 37.622423499639645, 11.482161711347414 ], [ 37.610576106394397, 11.484672413749976 ], [ 37.60484528347228, 11.487918805336092 ], [ 37.597719707514592, 11.488133074760976 ], [ 37.590905124385969, 11.485458843785093 ], [ 37.585179806357843, 11.487501280154532 ], [ 37.574439333360949, 11.487298855193595 ], [ 37.564154466855122, 11.494975684643803 ], [ 37.547615997350654, 11.504062808010389 ], [ 37.536847829739443, 11.498825720444824 ], [ 37.529155449792874, 11.499858672083361 ], [ 37.514810667445516, 11.508930735235538 ], [ 37.513619473122382, 11.523880668002963 ], [ 37.515398227454462, 11.530550079274263 ], [ 37.523696536126344, 11.543909374138762 ], [ 37.531106035373412, 11.550913476641535 ], [ 37.543023250661726, 11.573720182169101 ], [ 37.541369565196263, 11.57891374005637 ], [ 37.535890600465635, 11.583379881683554 ], [ 37.517860964585559, 11.591320455813401 ], [ 37.519830931850365, 11.605344227852378 ], [ 37.512471609135495, 11.615000511772358 ], [ 37.513482559584446, 11.620927798184546 ], [ 37.518377425768719, 11.623743171702154 ], [ 37.52370671959072, 11.62236556268666 ], [ 37.528314382826771, 11.628211130408506 ], [ 37.535684220230024, 11.631880600951698 ], [ 37.541258148307875, 11.636730821174945 ], [ 37.542430961734254, 11.64504365955715 ], [ 37.529456803187479, 11.653021621000294 ], [ 37.522384670989716, 11.66546982891972 ], [ 37.501928707356079, 11.68685475056281 ], [ 37.499433754576053, 11.708117085994344 ], [ 37.500893842391996, 11.716390227566302 ], [ 37.494138038058971, 11.726254208185319 ], [ 37.472985255310455, 11.717968041673938 ], [ 37.466207522250592, 11.716854508278036 ], [ 37.46218794918753, 11.724329048520001 ], [ 37.455838112503571, 11.726375154995424 ], [ 37.443637422299759, 11.718847623895007 ], [ 37.436895019241277, 11.716924076506594 ], [ 37.426132858865913, 11.730940558338323 ], [ 37.424942711456815, 11.722857126913246 ], [ 37.433583900580551, 11.712495528762677 ], [ 37.434097551383495, 11.707030533364486 ], [ 37.432329802082812, 11.701240711498889 ], [ 37.420915899646118, 11.687295731426479 ], [ 37.417691169140028, 11.680417470854128 ], [ 37.417430366484737, 11.673481341347422 ], [ 37.422002114658824, 11.666341992664993 ], [ 37.421881651866897, 11.655557328896498 ], [ 37.419482150426468, 11.649615257023399 ], [ 37.412012031175294, 11.640733782030338 ], [ 37.410150534039779, 11.635548345250509 ], [ 37.411361796136852, 11.627329519177792 ], [ 37.404760211359289, 11.613516359987933 ], [ 37.408257348286199, 11.608256568259806 ], [ 37.406866872787376, 11.602728537934023 ], [ 37.407895106948189, 11.595907687862871 ], [ 37.40725140549619, 11.577969443985475 ], [ 37.404398550065103, 11.571215112650362 ], [ 37.399437629535896, 11.57426973946731 ], [ 37.391979419255883, 11.573194846410759 ], [ 37.38527152318342, 11.57465051982412 ], [ 37.379916414818922, 11.577687231930806 ], [ 37.376466100640364, 11.583444686025794 ], [ 37.380736241266611, 11.59514144512522 ], [ 37.376349901786853, 11.603261256751193 ], [ 37.374040491391725, 11.612564345519504 ], [ 37.370569775068255, 11.608082470793981 ], [ 37.365954223408579, 11.613111908345388 ], [ 37.360324459705154, 11.616564242701171 ], [ 37.346408672481139, 11.614332306463695 ], [ 37.335907546553678, 11.629916744550449 ], [ 37.329020983854939, 11.634112271618385 ], [ 37.324463139332082, 11.64060812844906 ], [ 37.318023220240001, 11.643387838219116 ], [ 37.309803747405418, 11.653144098511751 ], [ 37.304412719368386, 11.649033063517988 ], [ 37.293415728189203, 11.65154442810443 ], [ 37.292236199324606, 11.660141647256498 ], [ 37.297774248662108, 11.662974497360851 ], [ 37.303650791877992, 11.673472897427848 ], [ 37.312301340351041, 11.673687741480602 ], [ 37.313972251220676, 11.686891224588445 ], [ 37.318772156897069, 11.688857392233643 ], [ 37.32423242861563, 11.67946101109753 ], [ 37.34341763773984, 11.686802711720992 ], [ 37.348673156358082, 11.684923574234045 ], [ 37.353695227356162, 11.688996385112608 ], [ 37.356604598345996, 11.693676772802734 ], [ 37.353303275091726, 11.704115743204465 ], [ 37.342519969221009, 11.713165158940276 ], [ 37.332134636855145, 11.714167092192589 ], [ 37.325294673176607, 11.711025311417108 ], [ 37.319877073106404, 11.711090459593228 ], [ 37.320453358748175, 11.716846291536106 ], [ 37.317999775010975, 11.724404316046567 ], [ 37.3140555726836, 11.728444487815802 ], [ 37.306999883698779, 11.730703246004291 ], [ 37.302177876466104, 11.736373063814948 ], [ 37.305431519216995, 11.743371185220301 ], [ 37.304803730209116, 11.770962103602296 ], [ 37.310934255044991, 11.767758212565008 ], [ 37.311492044717987, 11.775516352589277 ], [ 37.310025077884454, 11.780462336278788 ], [ 37.292870100383617, 11.797993826588216 ], [ 37.281247511685521, 11.804479161295406 ], [ 37.276953792841795, 11.809858801962129 ], [ 37.270845469006062, 11.812997062815992 ], [ 37.252353679016579, 11.814333279392404 ], [ 37.239879089577705, 11.8253644206434 ], [ 37.234269087999046, 11.828294968577502 ], [ 37.207167394508751, 11.813317876159434 ], [ 37.179275872474868, 11.803263477666439 ], [ 37.169517924516619, 11.803170371480789 ], [ 37.159596212126687, 11.801032525752852 ], [ 37.136130619005577, 11.800683180489386 ], [ 37.123918321476125, 11.808177097196886 ], [ 37.119942139636251, 11.812948784266576 ], [ 37.11731725272827, 11.824789872282668 ], [ 37.120022719208634, 11.832355146668164 ], [ 37.126327873573032, 11.83466119358685 ], [ 37.127639946051218, 11.840929944116183 ], [ 37.126337450069869, 11.846861344001727 ], [ 37.119106256705123, 11.838985257238321 ], [ 37.111458061278753, 11.834762149020133 ], [ 37.107140244490509, 11.838782939109887 ], [ 37.102748409021942, 11.830971779512369 ], [ 37.103228617628069, 11.823014208355286 ], [ 37.106329014385324, 11.816149417136465 ], [ 37.105240079065581, 11.80546528741173 ], [ 37.111920913301589, 11.807856187758501 ], [ 37.109381436790002, 11.801181862290818 ], [ 37.099196631357643, 11.795805247924395 ], [ 37.092035451023541, 11.799048483958662 ], [ 37.088228914324766, 11.804503203437989 ], [ 37.08141416769103, 11.806366014295035 ], [ 37.079546584199541, 11.822421432897402 ], [ 37.074193317244209, 11.827218713459105 ], [ 37.055375542896222, 11.831141116720104 ], [ 37.047690948443588, 11.836056946565328 ], [ 37.045903550503013, 11.851189290654849 ], [ 37.047374170145069, 11.858252018208391 ], [ 37.035198202951399, 11.870152350813912 ], [ 37.030219295328337, 11.880948484556807 ], [ 37.018762463580565, 11.886893347994729 ], [ 37.012847606439777, 11.883179700661605 ], [ 37.004756537776508, 11.882749405802116 ], [ 36.9976523518012, 11.886224017540854 ], [ 36.993445543225718, 11.897686883308673 ], [ 36.970660820102701, 11.905199520897151 ], [ 36.964706490630427, 11.902538115397098 ], [ 36.945275382217368, 11.875230043818854 ], [ 36.933878497548264, 11.866567142836647 ], [ 36.926314842505022, 11.864128302190649 ], [ 36.914537423730479, 11.857237708525741 ], [ 36.889001185538262, 11.853692399068214 ], [ 36.877885388972452, 11.844920785370968 ], [ 36.867276462159232, 11.839052901701894 ], [ 36.867674466759894, 11.830061967833627 ], [ 36.866657519554252, 11.823082444467243 ], [ 36.863461774829169, 11.816811717508898 ], [ 36.863038922740678, 11.807922278751741 ], [ 36.854602567476164, 11.794629012809482 ], [ 36.852764652617793, 11.789356573572753 ], [ 36.853104968763574, 11.784250251069064 ], [ 36.860870287179274, 11.770826620643533 ], [ 36.866522297077921, 11.765586377118897 ], [ 36.872309889703025, 11.765587296860947 ], [ 36.877037084937491, 11.762639577574305 ], [ 36.87704988501487, 11.75522925381688 ], [ 36.875193752880193, 11.749473974706744 ], [ 36.869944896035896, 11.74206739247728 ], [ 36.857173783370314, 11.743128116693347 ], [ 36.843276948253148, 11.73971598291703 ], [ 36.83869195891149, 11.735271890460073 ], [ 36.834733927873813, 11.72396945902525 ], [ 36.816912892831752, 11.715414496458724 ], [ 36.810807995969917, 11.705102196802233 ], [ 36.80934799237923, 11.696933291813219 ], [ 36.786239920480156, 11.677618476341255 ], [ 36.77994319981979, 11.675371869480472 ], [ 36.766091930602322, 11.6764003506814 ], [ 36.760767515770539, 11.679092944842346 ], [ 36.753364198463544, 11.678334248633238 ], [ 36.748213737415085, 11.682253769618749 ], [ 36.741207501437486, 11.683857194035989 ], [ 36.727303853508573, 11.68649913029728 ], [ 36.71327125469778, 11.687192019915214 ], [ 36.708268507096186, 11.685360083138578 ], [ 36.697137315634336, 11.676771728618887 ], [ 36.684959245965963, 11.658368945735887 ], [ 36.663432119687954, 11.643069251520721 ], [ 36.654532618943122, 11.642601086771121 ], [ 36.637981983059625, 11.628187414926208 ], [ 36.606393148140057, 11.594666594494424 ], [ 36.588488905839476, 11.580547640380495 ], [ 36.582442597408672, 11.573295185525341 ], [ 36.564479221942442, 11.544324112438671 ], [ 36.547275323112764, 11.537355866358986 ], [ 36.544200045972254, 11.526420259647892 ], [ 36.545035865879129, 11.51897781517274 ], [ 36.538024411205527, 11.508787481301297 ], [ 36.538668281988514, 11.502902576935794 ], [ 36.535701837362197, 11.496195937467107 ], [ 36.532082567999801, 11.491837474808328 ], [ 36.526994695123307, 11.489360714414795 ], [ 36.525278618059815, 11.483900320175385 ], [ 36.511519277518524, 11.475463837913601 ], [ 36.517120754655842, 11.47189737280663 ], [ 36.542969028197426, 11.464110151916731 ], [ 36.561177213162928, 11.462694851559075 ], [ 36.575649883773437, 11.463472213493 ], [ 36.603404251881024, 11.460349846420026 ], [ 36.62367530053951, 11.453363350987141 ], [ 36.636314632613114, 11.447203071220354 ], [ 36.654550888339472, 11.44331306779933 ], [ 36.659057087067723, 11.440575781646535 ], [ 36.656807612079554, 11.425476599725531 ], [ 36.653073732601143, 11.42107899854097 ], [ 36.648085826240141, 11.418466106058769 ], [ 36.640202942005047, 11.4071983636415 ], [ 36.643727421937015, 11.402889218456227 ], [ 36.654961959, 11.405735566982672 ], [ 36.669573541379563, 11.404739747405323 ], [ 36.678964159397189, 11.407674530988606 ], [ 36.686953414708434, 11.412702056141599 ], [ 36.693344830776773, 11.411797514660025 ], [ 36.705342346798901, 11.415431006396744 ], [ 36.714408859862992, 11.418758208437705 ], [ 36.718892394711531, 11.424681110409367 ], [ 36.730675513455964, 11.430694031541673 ], [ 36.735938545884316, 11.431822532832191 ], [ 36.740824662042478, 11.427060712697408 ], [ 36.750700170094689, 11.423652925119557 ], [ 36.761588737595702, 11.414763174025024 ], [ 36.775404334628256, 11.408364692607599 ], [ 36.788966492860041, 11.399510334037007 ], [ 36.79564931089304, 11.400861541627405 ], [ 36.801920779765027, 11.400326056761109 ], [ 36.805304431652999, 11.396274590608133 ], [ 36.806275601366899, 11.389920310925408 ], [ 36.809486485042378, 11.383426282405637 ], [ 36.820781027796791, 11.367509233736213 ], [ 36.835507338041651, 11.359460286513073 ], [ 36.850189779791279, 11.349640706975256 ], [ 36.853982701127457, 11.345532377114971 ], [ 36.864262202639722, 11.339498301334567 ], [ 36.86625799580731, 11.326337771051666 ], [ 36.878627170559419, 11.315668259294062 ], [ 36.889429576706242, 11.310192930286719 ], [ 36.897135723156609, 11.310378475951753 ], [ 36.909797484932703, 11.315043795644064 ], [ 36.92043212590017, 11.29779830062229 ], [ 36.928044242155963, 11.297565999784108 ], [ 36.933531078615573, 11.300094918999411 ], [ 36.942387909694453, 11.299029384061098 ], [ 36.947868375994453, 11.294368094640157 ], [ 36.942900098958155, 11.284349904448183 ], [ 36.939293141810992, 11.280260111272836 ], [ 36.938446421474573, 11.274577775110471 ], [ 36.930406450596251, 11.269388622308107 ], [ 36.930001955929761, 11.263279963486502 ], [ 36.92748018774973, 11.257521309280984 ], [ 36.931700282041092, 11.252463560154341 ], [ 36.948151773339283, 11.24994696308406 ], [ 36.955267445694687, 11.250453117085151 ], [ 36.960995672198045, 11.253394142457527 ], [ 36.967393643721728, 11.253944670697482 ], [ 36.974400632067777, 11.252869978822346 ], [ 36.980132370480753, 11.248896627768973 ], [ 36.982432169772743, 11.240254033059719 ], [ 36.98281083022048, 11.231029354276844 ], [ 36.987554393036852, 11.222771858261641 ], [ 36.993522704164242, 11.217794727251103 ], [ 36.994879058757761, 11.210253387464927 ], [ 37.002175144889449, 11.206831711025973 ], [ 37.007468247970202, 11.207155180993285 ], [ 37.010181895676837, 11.194855478228728 ], [ 37.004961430648613, 11.19068460834049 ], [ 37.005692165149071, 11.183037045140953 ], [ 37.021360967866464, 11.187395552125917 ], [ 37.027460513089203, 11.186534971962388 ], [ 37.038207652537324, 11.178457307526532 ], [ 37.044693893335932, 11.186617156732821 ], [ 37.048907598325691, 11.181566046291893 ], [ 37.069256389828091, 11.1739481063127 ], [ 37.072106972176677, 11.168508912902821 ], [ 37.068905024250157, 11.165498417444041 ], [ 37.075818094604365, 11.161208296577872 ], [ 37.079489177952432, 11.157094102513776 ], [ 37.079029259305209, 11.137718237789295 ], [ 37.072689680968843, 11.113951426416133 ], [ 37.08268937107713, 11.102494354332409 ], [ 37.085863297351935, 11.095967798835568 ], [ 37.070587354309083, 11.077893361971357 ], [ 37.071995826332433, 11.055063243794448 ], [ 37.080006850837414, 11.043197664727124 ], [ 37.086638037694875, 11.023948527710207 ], [ 37.085550307683867, 11.01759786304874 ], [ 37.088655203505219, 11.012513581383372 ], [ 37.093386293023485, 11.023411918789106 ], [ 37.099472903575816, 11.028968805745283 ], [ 37.106435477114374, 11.032588539995404 ], [ 37.11044105592493, 11.025753887496474 ], [ 37.106358252614768, 11.021548083720063 ], [ 37.104691644561015, 11.016219588525304 ], [ 37.104652231704918, 11.008167588434244 ], [ 37.115598624800583, 10.99625614192211 ], [ 37.119252622288961, 10.989373567754887 ], [ 37.120531486405163, 10.98010489524523 ], [ 37.131443924563477, 10.969614254561638 ], [ 37.132161347278263, 10.961315528311273 ], [ 37.129211906989426, 10.9567649387195 ], [ 37.123484581735163, 10.957496903031952 ], [ 37.107257469341029, 10.955770418523768 ], [ 37.095497287762981, 10.957640628553595 ], [ 37.090626975099049, 10.956155181442323 ], [ 37.083169699057756, 10.94577792839069 ], [ 37.086920256149526, 10.942955204595824 ], [ 37.088593662494745, 10.936152360247785 ], [ 37.092513671752947, 10.93148011885647 ], [ 37.10309961992899, 10.923943493978808 ], [ 37.113486626095558, 10.912205837183091 ], [ 37.109543158091519, 10.902230529873078 ], [ 37.10889816090971, 10.896358294033647 ], [ 37.111789380634484, 10.883887115742358 ], [ 37.115431509464351, 10.876516614365199 ], [ 37.111526137900029, 10.87026388599236 ], [ 37.110729357650449, 10.863096179896536 ], [ 37.118111081140263, 10.850559485395699 ], [ 37.12540239861093, 10.850321220389162 ], [ 37.121074687530779, 10.842484673586412 ], [ 37.120959361864955, 10.828101976650089 ], [ 37.119324916503231, 10.820967624393431 ], [ 37.105700915056701, 10.825079014068876 ], [ 37.097555319865073, 10.825658503394555 ], [ 37.091219212542931, 10.816689314479898 ], [ 37.090982424889695, 10.810354367163717 ], [ 37.094389461753117, 10.798313566017372 ], [ 37.098511744380971, 10.791398080873984 ], [ 37.077316884269692, 10.779244070623694 ], [ 37.07355202919662, 10.785218806165112 ], [ 37.065386320753618, 10.784209641773359 ], [ 37.066322476230816, 10.759665322396627 ], [ 37.054196486182683, 10.763782543925668 ], [ 37.039739124280374, 10.75410272580026 ], [ 37.03515822898256, 10.749114093139914 ], [ 37.02654750234143, 10.747165410684046 ], [ 37.026024492788451, 10.733736278682294 ], [ 37.021213810039114, 10.731454322374226 ], [ 37.013754471725584, 10.732335019088467 ], [ 37.012325844292569, 10.738896609309187 ], [ 37.013026006003948, 10.745170139376995 ], [ 37.016387654401122, 10.750935853536573 ], [ 37.010237599526612, 10.752195194116602 ], [ 37.005834106268324, 10.748369272708056 ], [ 37.002641990963191, 10.741122890358737 ], [ 36.997556170123737, 10.737774885048614 ], [ 36.982808587909062, 10.734982448592522 ], [ 36.980664596009156, 10.728607613389617 ], [ 36.980485026290779, 10.722133411022787 ], [ 36.976454980403815, 10.719003619849627 ], [ 36.970836409787275, 10.720190126413581 ], [ 36.963155500015063, 10.728579699336725 ], [ 36.959232010388462, 10.722856366387857 ], [ 36.961225202558126, 10.716506076054278 ], [ 36.966392524455962, 10.709688228161612 ], [ 36.958549835883481, 10.708106569924643 ], [ 36.954251364504934, 10.704622227114305 ], [ 36.948681375677573, 10.705152040858302 ], [ 36.935425081572674, 10.723165515794649 ], [ 36.929076062812449, 10.720952591506459 ], [ 36.924602102329331, 10.714167069946196 ], [ 36.920885661588471, 10.69995689110238 ], [ 36.92086272483585, 10.686718170991263 ], [ 36.92752028420572, 10.682348183529928 ], [ 36.919529026990986, 10.671110951103673 ], [ 36.913454691906914, 10.66698829597728 ], [ 36.905202846829567, 10.669860484736704 ], [ 36.898241442151395, 10.675046566241679 ], [ 36.893143485888963, 10.674617294500683 ], [ 36.882842278739027, 10.669195481416734 ], [ 36.877076173752883, 10.669754625770171 ], [ 36.87234399504166, 10.67224404269834 ], [ 36.866429380069299, 10.671569817831529 ], [ 36.860788030809594, 10.67553357463242 ], [ 36.853259329277861, 10.676475103039074 ], [ 36.836244623937226, 10.666464479160091 ], [ 36.829017994695477, 10.663840151683402 ], [ 36.825148638908146, 10.660256578661818 ], [ 36.820066607263804, 10.659782061160048 ], [ 36.816436213602465, 10.654837041457872 ], [ 36.828547435771043, 10.646805600988873 ], [ 36.821329612293432, 10.632409836832888 ], [ 36.82791568473106, 10.629423266443327 ], [ 36.829466770825157, 10.624133653188174 ], [ 36.798051431169263, 10.600052560939824 ], [ 36.795721006532567, 10.59480252924426 ], [ 36.78661270614321, 10.585928177218063 ], [ 36.78335246229269, 10.580396840330719 ], [ 36.776670547630893, 10.576789851822548 ], [ 36.754481167900266, 10.580352676947001 ], [ 36.748215906128983, 10.576661493694417 ], [ 36.747862482228967, 10.559662808197983 ], [ 36.752083356647866, 10.550037926588207 ], [ 36.746714818832224, 10.531752742722205 ], [ 36.740543110280889, 10.52468938576949 ], [ 36.7247856398129, 10.519729223113078 ], [ 36.70033651939368, 10.535438634546807 ], [ 36.686727701249772, 10.550062590944885 ], [ 36.680526134072672, 10.552034681404045 ], [ 36.661738473686924, 10.546348361177722 ], [ 36.642793888538563, 10.54360418653842 ], [ 36.626724938877196, 10.538081740469899 ], [ 36.606829102344925, 10.533595721224678 ], [ 36.59814238593286, 10.522109009510862 ], [ 36.56654642255598, 10.508120285329172 ], [ 36.548120016511511, 10.497740104608734 ], [ 36.535413133975425, 10.49322505428426 ], [ 36.53116949958261, 10.490204835912927 ], [ 36.527569782896833, 10.48381647639623 ] ] ] } },
{ "type": "Feature", "properties": { "shapeName": "West Harerge", "shapeISO": "", "shapeID": "57463737B54894668037624", "shapeGroup": "ETH", "shapeType": "ADM2" }, "geometry": { "type": "Polygon", "coordinates": [ [ [ 40.717177937294593, 7.890866861609709 ], [ 40.730108386364755, 7.917334425637244 ], [ 40.753859109624749, 7.943002012775761 ], [ 40.766559453307963, 7.947681534890167 ], [ 40.808290554352808, 7.955720616928776 ], [ 40.877982331608038, 7.955890279630725 ], [ 40.906253040373223, 7.954210304565897 ], [ 40.929953646593596, 7.955560074396643 ], [ 40.961264458672389, 7.959339588933769 ], [ 40.973054780814017, 7.964489068633507 ], [ 40.982920070941745, 7.972738279178276 ], [ 41.018706059057529, 7.990586511926004 ], [ 41.036216586556904, 8.007484905777797 ], [ 41.053937091576309, 8.019573732397642 ], [ 41.087128099784351, 8.055420355623445 ], [ 41.105078612542364, 8.066359286944618 ], [ 41.168180431565844, 8.113544743342603 ], [ 41.193721142193141, 8.126733428204759 ], [ 41.253432677139671, 8.133152562541243 ], [ 41.298723895649935, 8.148550956524268 ], [ 41.327864630523422, 8.147980866466325 ], [ 41.395726270520122, 8.134211776520624 ], [ 41.42802703405539, 8.123792554944014 ], [ 41.47441824400024, 8.133431459760608 ], [ 41.503728922865598, 8.121412399969772 ], [ 41.521289261784297, 8.101444115010262 ], [ 41.528039294371126, 8.074656497251961 ], [ 41.531549235033367, 8.043539283991047 ], [ 41.532999111469707, 8.011972129388631 ], [ 41.519438613852543, 7.978915177108838 ], [ 41.519828595023831, 7.972965707178246 ], [ 41.525363657958835, 7.957562074579546 ], [ 41.534768933550922, 7.965456313787552 ], [ 41.547484324545522, 7.980974851071376 ], [ 41.54942941462469, 7.988844136110894 ], [ 41.563929867701937, 8.007272397327936 ], [ 41.564090024954865, 8.038369596855945 ], [ 41.570960406638463, 8.082245605629955 ], [ 41.568550458516228, 8.103753675253017 ], [ 41.553310190954249, 8.128061557548147 ], [ 41.533699816089722, 8.150559626103057 ], [ 41.48482880087424, 8.193775969965472 ], [ 41.46907848756851, 8.210084576283871 ], [ 41.441998024209177, 8.253440805778494 ], [ 41.42465768831871, 8.272959133320546 ], [ 41.407397430025533, 8.308036059721296 ], [ 41.383866949788214, 8.330114185533988 ], [ 41.361196440543644, 8.342793158551334 ], [ 41.322635476721857, 8.345253132739771 ], [ 41.312555238432964, 8.348952845083232 ], [ 41.276214501646137, 8.384589820788943 ], [ 41.266444354823797, 8.404308097609471 ], [ 41.259904306427643, 8.427456044873979 ], [ 41.25955440661636, 8.448744128398785 ], [ 41.26875487288612, 8.494699948061838 ], [ 41.275525144712944, 8.514348151093486 ], [ 41.274715223543183, 8.533126458039256 ], [ 41.269755191096451, 8.551454835400564 ], [ 41.26664521231384, 8.570693119275331 ], [ 41.267085411648374, 8.608219746153031 ], [ 41.264945497340896, 8.635237326636194 ], [ 41.256325391863264, 8.655885513891482 ], [ 41.242175117159682, 8.672434095000357 ], [ 41.22113468453977, 8.691992446955272 ], [ 41.1945641009113, 8.709521010025732 ], [ 41.179703795289086, 8.724239764089587 ], [ 41.175463803896228, 8.746237808808104 ], [ 41.179362011951198, 8.76636397808644 ], [ 41.222115567501504, 8.855407748806128 ], [ 41.252256544752157, 8.893704147727009 ], [ 41.274607340872613, 8.936370197638347 ], [ 41.290647884958311, 8.961907810828549 ], [ 41.299528219337446, 8.982455921617317 ], [ 41.306848553536589, 9.009413459187266 ], [ 41.308888768774572, 9.0396107310271 ], [ 41.312529007415279, 9.065678366256334 ], [ 41.313389165803954, 9.090846098113026 ], [ 41.298818921438709, 9.113594137794605 ], [ 41.278718525252238, 9.134312382894816 ], [ 41.254018018264844, 9.156890486993669 ], [ 41.247047969700667, 9.180968362751875 ], [ 41.298889677628459, 9.249981882535588 ], [ 41.291899608238637, 9.269480172454955 ], [ 41.277739335941135, 9.285588799440891 ], [ 41.268479233154629, 9.309226726725944 ], [ 41.266787292274401, 9.327133134252431 ], [ 41.260259248083038, 9.349563150235486 ], [ 41.233718874087259, 9.403068497755115 ], [ 41.217698887993485, 9.477791884045832 ], [ 41.212463221381093, 9.481989311993148 ], [ 41.195698240683249, 9.463293308745349 ], [ 41.171347493592869, 9.442405313227166 ], [ 41.146336759387502, 9.425626961357517 ], [ 41.084435048614985, 9.405419119335066 ], [ 41.057374283218238, 9.392070463356568 ], [ 41.030973499522148, 9.373462276920151 ], [ 41.014963000308256, 9.35821373371771 ], [ 40.971601849604099, 9.352514483087123 ], [ 40.954441320223644, 9.336585999612161 ], [ 40.927860567711861, 9.324137265305248 ], [ 40.903849919017993, 9.319227835806217 ], [ 40.874989130307149, 9.310458773298521 ], [ 40.844988328573535, 9.305809355463648 ], [ 40.825637831636733, 9.306369410533128 ], [ 40.813447548228631, 9.311938972356941 ], [ 40.809397528132187, 9.327767579304954 ], [ 40.801207418844157, 9.346135982290408 ], [ 40.793507337996544, 9.368404024209816 ], [ 40.789707349875073, 9.387902302109726 ], [ 40.798527622816508, 9.396561482719296 ], [ 40.828948394379132, 9.394101534999745 ], [ 40.859109134537135, 9.386372062895722 ], [ 40.892100011361208, 9.390541509918123 ], [ 40.914740635943424, 9.39820070155506 ], [ 40.928401031344592, 9.406139909805205 ], [ 40.918410871135855, 9.422838472143715 ], [ 40.890880306023554, 9.449646224432303 ], [ 40.863069666529668, 9.464015092980214 ], [ 40.843249159060612, 9.464585150250723 ], [ 40.816648406747674, 9.453736262269286 ], [ 40.78410753584722, 9.4488868737822 ], [ 40.720415862674464, 9.444877580607272 ], [ 40.699445343943303, 9.448647358396837 ], [ 40.694442750007624, 9.445383634504664 ], [ 40.676424574248152, 9.418520178287769 ], [ 40.660434090225905, 9.405311447117846 ], [ 40.636853431389724, 9.396952323581406 ], [ 40.60684262504526, 9.39205292252287 ], [ 40.529290575080729, 9.386463837831444 ], [ 40.499699751685213, 9.376054922701282 ], [ 40.471898916357695, 9.355766880144401 ], [ 40.426647467855254, 9.305291627254622 ], [ 40.408996883572208, 9.282203784723594 ], [ 40.370405545004367, 9.2192896085587 ], [ 40.327894100379851, 9.155685506012073 ], [ 40.301483274814402, 9.12916801060398 ], [ 40.255181846739454, 9.087111999681134 ], [ 40.246371560992827, 9.07590304303244 ], [ 40.245141428731174, 9.056634773972601 ], [ 40.24690136929339, 9.036446566970643 ], [ 40.243131155899697, 9.014198568489968 ], [ 40.238680958062332, 8.998380007220446 ], [ 40.223200508597465, 8.988790940851253 ], [ 40.188329531788398, 8.975362314812708 ], [ 40.170759020004589, 8.965543280367092 ], [ 40.153118400094613, 8.933006271412044 ], [ 40.121407391974692, 8.896829660023879 ], [ 40.095364539302381, 8.863218784502921 ], [ 40.097066561247779, 8.858333211993807 ], [ 40.095866449581443, 8.841814691785473 ], [ 40.083745921299261, 8.799158559682292 ], [ 40.078355617972058, 8.766811469100643 ], [ 40.069285254904109, 8.739753933639838 ], [ 40.035304193272069, 8.704927201392824 ], [ 40.026043876493468, 8.689108661310156 ], [ 40.027603825084292, 8.669600393292951 ], [ 40.03654395180039, 8.648242254101472 ], [ 40.045964136048951, 8.635603337596656 ], [ 40.063004549763434, 8.629373816228268 ], [ 40.094115364877737, 8.629543651971785 ], [ 40.156786979750748, 8.625983669613461 ], [ 40.177737490803409, 8.619754121629938 ], [ 40.189447728367007, 8.605275364440921 ], [ 40.186597507876037, 8.57567802057595 ], [ 40.18333734560909, 8.560089424196816 ], [ 40.191367516019348, 8.55112018683046 ], [ 40.21117802549594, 8.550400162754029 ], [ 40.248099080766785, 8.571198121079794 ], [ 40.272109801357296, 8.590876247929739 ], [ 40.286660252294816, 8.605754848928973 ], [ 40.300425643103701, 8.612709162874943 ], [ 40.316371017716406, 8.604314830575866 ], [ 40.319280946086089, 8.575177426619412 ], [ 40.3196708523813, 8.553609356424522 ], [ 40.326060926210374, 8.533641104166009 ], [ 40.328990885870162, 8.511153106359954 ], [ 40.322980318191718, 8.424470886739535 ], [ 40.327670182174494, 8.370785665148462 ], [ 40.338190333743185, 8.344617955946212 ], [ 40.367780911845465, 8.306261249259599 ], [ 40.383811186500758, 8.277113780551643 ], [ 40.394571365393396, 8.255995624132069 ], [ 40.401881448716949, 8.232817663644704 ], [ 40.40594141488107, 8.203230298361177 ], [ 40.404051261376416, 8.1816722303045 ], [ 40.390420796235148, 8.157614451419603 ], [ 40.380250426596447, 8.13400660801153 ], [ 40.37997032722528, 8.114058400459637 ], [ 40.385602406192106, 8.099457678690722 ], [ 40.39441058469324, 8.089270549254882 ], [ 40.400810666260966, 8.070452201911852 ], [ 40.39707043647406, 8.042474723728555 ], [ 40.408530643544282, 8.022056500303176 ], [ 40.437481353816125, 8.015136992812481 ], [ 40.445511511806806, 8.005037861741028 ], [ 40.446181499215385, 7.998388453268463 ], [ 40.440681214708462, 7.96772122282162 ], [ 40.462271649547283, 7.941123511926142 ], [ 40.478712017150052, 7.928344578977787 ], [ 40.563403976456613, 7.883018255548104 ], [ 40.590114646277129, 7.879353467864032 ], [ 40.615625308215947, 7.882038111239809 ], [ 40.680167009573459, 7.894226724693604 ], [ 40.703647609481635, 7.894906555961423 ], [ 40.717177937294593, 7.890866861609709 ] ] ] } },
{ "type": "Feature", "properties": { "shapeName": "West Shewa", "shapeISO": "", "shapeID": "57463737B12311921356322", "shapeGroup": "ETH", "shapeType": "ADM2" }, "geometry": { "type": "MultiPolygon", "coordinates": [ [ [ [ 37.675311313001068, 9.862887006224398 ], [ 37.671913590517697, 9.855344089287936 ], [ 37.66252579652356, 9.848067268969585 ], [ 37.648875321579197, 9.827289157650013 ], [ 37.647355066960095, 9.781883148452543 ], [ 37.650885063662187, 9.759535094667081 ], [ 37.640034627216316, 9.731157627966935 ], [ 37.628474219623193, 9.712219348698966 ], [ 37.622493951481808, 9.68984133767712 ], [ 37.626093849928303, 9.645835185012876 ], [ 37.625453732929692, 9.623477146480706 ], [ 37.619293376159426, 9.58220080391761 ], [ 37.620973327537833, 9.562612510407771 ], [ 37.628733375961765, 9.525075776286567 ], [ 37.644183576788379, 9.474880115939687 ], [ 37.646133473342246, 9.440773100820541 ], [ 37.654543611037205, 9.418225043596918 ], [ 37.661223683582861, 9.394042140763 ], [ 37.660203613617774, 9.384357997556256 ], [ 37.646343146535337, 9.365879679537588 ], [ 37.599581722454964, 9.335282575418251 ], [ 37.577341084386376, 9.329203204306014 ], [ 37.542790117664389, 9.326763571075995 ], [ 37.516829383954075, 9.322504053840506 ], [ 37.482098346059317, 9.30323590009715 ], [ 37.401645807636321, 9.231412545605975 ], [ 37.35775440511631, 9.186716657781345 ], [ 37.338103798795586, 9.171178100724582 ], [ 37.313813067750147, 9.157919367174156 ], [ 37.262393672697655, 9.162821156560698 ], [ 37.247891309656737, 9.172118397674991 ], [ 37.232500963008619, 9.191186788674743 ], [ 37.218250663503461, 9.214404813701689 ], [ 37.175939585189269, 9.236553042725101 ], [ 37.155979031959866, 9.236913098910746 ], [ 37.115047786452621, 9.209715654940462 ], [ 37.087716979854918, 9.199196685899343 ], [ 37.066769763979096, 9.186690631324895 ], [ 37.050765815074776, 9.165549791692445 ], [ 37.03080507142063, 9.119993863780042 ], [ 37.028134906702789, 9.097375857162078 ], [ 37.033334968922041, 9.077797553187288 ], [ 37.028444665701528, 9.03556127510867 ], [ 37.0348047564217, 9.01576298586774 ], [ 37.088116064116193, 8.974316404686942 ], [ 37.125997031585996, 8.95376805685477 ], [ 37.137177302220756, 8.944608811020466 ], [ 37.144667445228684, 8.928510196701865 ], [ 37.178138289797097, 8.909321747976136 ], [ 37.184698417155936, 8.894822994533788 ], [ 37.18776845347444, 8.883773951573559 ], [ 37.187818413312854, 8.873164883138937 ], [ 37.201518768049525, 8.867245347707474 ], [ 37.210378969583097, 8.856686240880347 ], [ 37.206288781983574, 8.839137799030567 ], [ 37.212628893624384, 8.822339246806999 ], [ 37.22244908263896, 8.802330963056766 ], [ 37.226929138195565, 8.786212359216311 ], [ 37.225849049156544, 8.771213679513162 ], [ 37.216408745407193, 8.759634736154121 ], [ 37.19585811917954, 8.745906026663407 ], [ 37.159817042406999, 8.72517798507508 ], [ 37.144826580413508, 8.711479245733626 ], [ 37.137266307523184, 8.695290696833542 ], [ 37.142426397360104, 8.682871768509505 ], [ 37.166087033975465, 8.677932106582558 ], [ 37.179797374113171, 8.668552878691271 ], [ 37.181517343418378, 8.649654532139019 ], [ 37.190637526793651, 8.631956049546186 ], [ 37.202757802055473, 8.616807337057326 ], [ 37.210717954072329, 8.600018778290817 ], [ 37.225848312177916, 8.585569989344144 ], [ 37.262659330192967, 8.58624978646483 ], [ 37.287379867493861, 8.550872800345648 ], [ 37.305770293705031, 8.530684502389301 ], [ 37.324690670879598, 8.495287537542602 ], [ 37.357081387441262, 8.451891230930734 ], [ 37.375341724139723, 8.409564878234749 ], [ 37.388622015513377, 8.389816564781924 ], [ 37.434493044366484, 8.331971481541295 ], [ 37.450073404916544, 8.315692851402579 ], [ 37.464196236600948, 8.312801111301837 ], [ 37.466962019252492, 8.332421435869191 ], [ 37.472192084355086, 8.351811434140101 ], [ 37.499379116823754, 8.404718728580747 ], [ 37.513018978151145, 8.418067477278413 ], [ 37.535743844262477, 8.424689750508005 ], [ 37.536166317009162, 8.459309875568836 ], [ 37.543036569765228, 8.475258447175385 ], [ 37.568117387648037, 8.507885479964449 ], [ 37.592808344853431, 8.579689060754204 ], [ 37.605068921206239, 8.638063873649081 ], [ 37.623949537154211, 8.663741534906382 ], [ 37.634039906581435, 8.686369501095118 ], [ 37.678441167013005, 8.698098288032252 ], [ 37.703151917424954, 8.716416575481324 ], [ 37.729702717106612, 8.733814931399424 ], [ 37.759073555856652, 8.742004087702309 ], [ 37.784244319451624, 8.760772332609047 ], [ 37.815185227733629, 8.776880787878014 ], [ 37.811025145948918, 8.783230241678615 ], [ 37.824425539432795, 8.790659532938994 ], [ 37.838785881922156, 8.788611731887226 ], [ 37.868166747205635, 8.793369111529769 ], [ 37.892207447909207, 8.804288051286454 ], [ 37.915628019581057, 8.789007296396226 ], [ 37.93721852521891, 8.769200956211661 ], [ 37.955308966339366, 8.758441826160654 ], [ 37.97269938756633, 8.744912945500051 ], [ 37.979239484386198, 8.725584619672548 ], [ 37.992909826842229, 8.719415109968825 ], [ 38.010370305820189, 8.721434860005251 ], [ 38.016066442239584, 8.716315284147027 ], [ 38.023928674075734, 8.720674867748315 ], [ 38.018570558365489, 8.727334300576647 ], [ 38.033341024087129, 8.7421329379469 ], [ 38.050431530928783, 8.752091982607988 ], [ 38.068712035838239, 8.754231717190555 ], [ 38.087692524406179, 8.748762119290371 ], [ 38.112693188334333, 8.745852274591295 ], [ 38.132343750763354, 8.751671676039026 ], [ 38.147584219338519, 8.764850450910693 ], [ 38.142384271812638, 8.809286546098683 ], [ 38.13053405297687, 8.832974506571423 ], [ 38.09530318973966, 8.85520269535985 ], [ 38.095713291744197, 8.876620806442368 ], [ 38.124384134702645, 8.890069501067245 ], [ 38.14983484474476, 8.894748978257892 ], [ 38.172975475519415, 8.89573878728438 ], [ 38.192166036543895, 8.905237869559212 ], [ 38.21203663356124, 8.918876574305262 ], [ 38.218976835959594, 8.920276421715592 ], [ 38.239097367138839, 8.918146520389524 ], [ 38.26407812777164, 8.936744771389998 ], [ 38.269343254646969, 8.932995078778216 ], [ 38.278438488914574, 8.929645333814721 ], [ 38.318069428235205, 8.900267753559822 ], [ 38.343530087886599, 8.892728312541092 ], [ 38.365060622927899, 8.883119062413192 ], [ 38.407921622994778, 8.847072060344422 ], [ 38.417053881465961, 8.849569801432875 ], [ 38.4246721210991, 8.857236090590789 ], [ 38.433782453698171, 8.877519257301318 ], [ 38.442802695516107, 8.8770692572499 ], [ 38.460373215955961, 8.886548341193308 ], [ 38.473113487567915, 8.869999750375559 ], [ 38.488623882084354, 8.864510162588479 ], [ 38.508264465941934, 8.876978980035584 ], [ 38.533915269377758, 8.901426701445899 ], [ 38.603687556504724, 8.992448342147288 ], [ 38.620338082356341, 9.007896901549092 ], [ 38.64377374333867, 9.015176151509738 ], [ 38.652778450457831, 9.011328291620767 ], [ 38.66787310803295, 9.011071623509871 ], [ 38.668059771100801, 9.027274890243438 ], [ 38.672918404776404, 9.034187144446774 ], [ 38.673434712935752, 9.039713948981857 ], [ 38.684378299365143, 9.05107799273847 ], [ 38.684530801522307, 9.067355309167237 ], [ 38.686245300391924, 9.074065380285941 ], [ 38.695389505871923, 9.078769681321573 ], [ 38.679165115699128, 9.105537993545672 ], [ 38.674420060899855, 9.121876569155557 ], [ 38.680430275122212, 9.132235628056023 ], [ 38.710041191462807, 9.157343269657101 ], [ 38.709811265808909, 9.174371764864349 ], [ 38.685644308993759, 9.176733320647894 ], [ 38.624178951294247, 9.173592228646234 ], [ 38.596168236954732, 9.183451488187176 ], [ 38.573477698741847, 9.199080210929186 ], [ 38.552867187839958, 9.210099336934437 ], [ 38.528786583584598, 9.2188086750367 ], [ 38.517656393257226, 9.243656527422232 ], [ 38.515556439769995, 9.265514609528958 ], [ 38.523886756721481, 9.284402904312653 ], [ 38.534757132204376, 9.302831227791302 ], [ 38.54979770395849, 9.336908147553586 ], [ 38.550947849657653, 9.361765941690321 ], [ 38.555578104369765, 9.387553648697608 ], [ 38.56367845940386, 9.416781028150478 ], [ 38.578038924728759, 9.431989620015756 ], [ 38.600739609267698, 9.446968185213629 ], [ 38.609769933987472, 9.463776657989532 ], [ 38.603519854888148, 9.48286500630781 ], [ 38.58637945616784, 9.495283990748188 ], [ 38.568539009878407, 9.504243285241058 ], [ 38.549998572685347, 9.516892254787619 ], [ 38.538648381090034, 9.542200070274424 ], [ 38.522418053844952, 9.564738162549546 ], [ 38.506427665170278, 9.575087328824099 ], [ 38.450796279971556, 9.601505261862354 ], [ 38.421125495161931, 9.606314976190259 ], [ 38.38750458357336, 9.607425041013991 ], [ 38.362933977551862, 9.621443917921493 ], [ 38.351333737129259, 9.636162675519371 ], [ 38.310502759887704, 9.665120322280865 ], [ 38.251591214347094, 9.678169449825477 ], [ 38.214250203870627, 9.680649408822477 ], [ 38.189199491861089, 9.675080014705983 ], [ 38.138987931838798, 9.636641635224468 ], [ 38.12661758210055, 9.635133827069653 ], [ 38.11569734355178, 9.647092825408077 ], [ 38.104777129656959, 9.665721234822987 ], [ 38.094306952081574, 9.689429202474301 ], [ 38.063616375854103, 9.745104448725366 ], [ 38.062436430703791, 9.763532835000589 ], [ 38.058246413262232, 9.783561092530562 ], [ 38.051256343412412, 9.80911887743501 ], [ 38.041246181872651, 9.832136900277007 ], [ 38.024755788267235, 9.845695784015684 ], [ 38.002225231425115, 9.858324781620562 ], [ 37.980144709241451, 9.875553375800553 ], [ 37.940163802378677, 9.916489963189964 ], [ 37.93614445484635, 9.926928353046069 ], [ 37.935901200876657, 9.919952181958166 ], [ 37.930896875058657, 9.915553427646259 ], [ 37.924227357900854, 9.915714109470541 ], [ 37.910148044059497, 9.931413462330173 ], [ 37.902213241282013, 9.931339257418568 ], [ 37.893850910807608, 9.928224155944385 ], [ 37.880976480329721, 9.922474006178707 ], [ 37.876750056287904, 9.917272197204298 ], [ 37.875281988522005, 9.912130655650069 ], [ 37.870753513021178, 9.90850099648172 ], [ 37.865283680063087, 9.913828208660661 ], [ 37.861211940579956, 9.913755245579654 ], [ 37.859582028711777, 9.906795447865175 ], [ 37.860042514133333, 9.901188937896352 ], [ 37.856757236974339, 9.89690924639654 ], [ 37.84923695317584, 9.89854597076903 ], [ 37.843501290975112, 9.897671200061318 ], [ 37.837234525478898, 9.888860627627947 ], [ 37.831642655419614, 9.88560669003042 ], [ 37.824074101532872, 9.874860780716135 ], [ 37.816841413056892, 9.86812104414002 ], [ 37.807811571565587, 9.866261665877687 ], [ 37.80140304408166, 9.862795333747682 ], [ 37.775410966627589, 9.857473922325276 ], [ 37.76990753818113, 9.852413891430517 ], [ 37.761787318118103, 9.852901389179006 ], [ 37.754774113234802, 9.85804882407133 ], [ 37.749348243910411, 9.856911092512394 ], [ 37.749046524560057, 9.847636908832721 ], [ 37.743710014790395, 9.841635459355867 ], [ 37.736822823872572, 9.841767479137113 ], [ 37.731514363657332, 9.845832149042895 ], [ 37.725164185678366, 9.845517204470093 ], [ 37.717823306341053, 9.843529413805738 ], [ 37.711474631510967, 9.843587436894115 ], [ 37.701469327902323, 9.837688002199293 ], [ 37.695382519681161, 9.843675836995242 ], [ 37.685933161390139, 9.858486248794028 ], [ 37.681209720735104, 9.863289181311707 ], [ 37.675311313001068, 9.862887006224398 ] ] ], [ [ [ 37.93614445484635, 9.926928353046069 ], [ 37.936833784811441, 9.931808637084185 ], [ 37.933104717823326, 9.936743386052472 ], [ 37.931610302358379, 9.931482022421779 ], [ 37.93614445484635, 9.926928353046069 ] ] ] ] } },
{ "type": "Feature", "properties": { "shapeName": "West Wellega", "shapeISO": "", "shapeID": "57463737B50553734798288", "shapeGroup": "ETH", "shapeType": "ADM2" }, "geometry": { "type": "Polygon", "coordinates": [ [ [ 34.394010415874348, 9.117373679338447 ], [ 34.424861324471451, 9.123183077232605 ], [ 34.458022291658196, 9.126452687458443 ], [ 34.480302948614451, 9.131162210618148 ], [ 34.496123437774756, 9.14233119186151 ], [ 34.506823766781949, 9.148010659576336 ], [ 34.529994431223976, 9.146740698281508 ], [ 34.541984737776701, 9.136331557536314 ], [ 34.557635137383684, 9.119712952245033 ], [ 34.571525526484976, 9.117103127766811 ], [ 34.586665999360058, 9.129192034782548 ], [ 34.594236305674414, 9.154179844550137 ], [ 34.617246994290539, 9.16438888424212 ], [ 34.652828398099935, 9.161426482143876 ], [ 34.694569296656873, 9.187586614892444 ], [ 34.749810882466832, 9.186606517962671 ], [ 34.773941632242625, 9.203864940621836 ], [ 34.800452441540223, 9.217933628110384 ], [ 34.826723233036489, 9.228332642236408 ], [ 34.851163985015575, 9.243561238473552 ], [ 34.873574823306356, 9.300596213913083 ], [ 34.886735293669702, 9.325534004752759 ], [ 34.890475412665388, 9.329643635697694 ], [ 34.903195881941116, 9.358271105084421 ], [ 34.916436293948308, 9.368680160053826 ], [ 34.926766511457224, 9.346622037996859 ], [ 34.924846425725754, 9.33768281623875 ], [ 34.939156807391726, 9.328633554771814 ], [ 34.96648758292902, 9.325233757602579 ], [ 34.984258052352011, 9.3138546809456 ], [ 34.999218427917214, 9.299285895301619 ], [ 35.0167889074188, 9.293426342116284 ], [ 35.038319514637095, 9.28982657821731 ], [ 35.056329993703322, 9.280057365075209 ], [ 35.0867207709761, 9.253199584812789 ], [ 35.091450842771152, 9.235031146845419 ], [ 35.10282612312394, 9.222552196339503 ], [ 35.118621532999747, 9.211873067189902 ], [ 35.125166794935772, 9.189147579848045 ], [ 35.124991555533413, 9.166137017003658 ], [ 35.130881667741562, 9.148868497565463 ], [ 35.145172036011751, 9.138439353166261 ], [ 35.154312242416388, 9.122760684358081 ], [ 35.157432277755234, 9.105972128955111 ], [ 35.165132413791078, 9.083184082935773 ], [ 35.157888169957204, 9.072391050451696 ], [ 35.177112723604786, 9.074834767143331 ], [ 35.193773196177723, 9.072644899516119 ], [ 35.224734045986146, 9.063005629670762 ], [ 35.259675724355674, 9.045080912432951 ], [ 35.258300252808723, 9.020498740121381 ], [ 35.255307703992621, 9.009882905023643 ], [ 35.255795210550531, 9.003080682239878 ], [ 35.26121278701104, 9.001823968601972 ], [ 35.266045983525729, 8.996247662404597 ], [ 35.272917745350071, 8.995547584852671 ], [ 35.277349229708442, 9.001150418810441 ], [ 35.29237490624304, 9.002898797821807 ], [ 35.303313629935253, 9.009869081266441 ], [ 35.308605703415033, 9.007982669586113 ], [ 35.312943101148207, 9.003679107855811 ], [ 35.315376351979829, 8.986331986136589 ], [ 35.326086579840037, 8.964203875569245 ], [ 35.333076700392894, 8.941425831719457 ], [ 35.342666915641637, 8.925057224590043 ], [ 35.357637308377178, 8.914608076679947 ], [ 35.398268410864397, 8.900519168561127 ], [ 35.408868691160542, 8.894469653389207 ], [ 35.420598991896817, 8.885190423725012 ], [ 35.429549208431112, 8.875941198208325 ], [ 35.418248811535435, 8.853303210204592 ], [ 35.430889131778535, 8.842414107868169 ], [ 35.428469016798637, 8.82934525873943 ], [ 35.423258823471464, 8.815386488376713 ], [ 35.423828784931352, 8.799767845082897 ], [ 35.422048664388477, 8.780499533297032 ], [ 35.4456193166559, 8.775719867163557 ], [ 35.459149651357826, 8.761161089483608 ], [ 35.471229915826626, 8.739022972141207 ], [ 35.483130197030789, 8.723094322550745 ], [ 35.500600648928376, 8.710095398469678 ], [ 35.569712479451475, 8.67510820562927 ], [ 35.594393149725505, 8.666188899296104 ], [ 35.612163635814653, 8.661909210577486 ], [ 35.639484413769921, 8.664668877412995 ], [ 35.666345274473279, 8.69474616122584 ], [ 35.684015806010194, 8.704695236731133 ], [ 35.707206488844861, 8.711164594328178 ], [ 35.731487168406645, 8.710724547026112 ], [ 35.745977545104715, 8.70141530880753 ], [ 35.750487625286389, 8.688066454514749 ], [ 35.768878101957796, 8.676437406037357 ], [ 35.807429154592512, 8.668067997980843 ], [ 35.836309958119379, 8.665298138854281 ], [ 35.859576618813868, 8.667043907481839 ], [ 35.863990798987608, 8.682496542186451 ], [ 35.87035102076856, 8.694135508669174 ], [ 35.907542135990184, 8.714233621603972 ], [ 35.905492181168313, 8.742251185948927 ], [ 35.89000183534958, 8.76808898587918 ], [ 35.882631725422755, 8.795926579381986 ], [ 35.908052522252603, 8.817724590654958 ], [ 35.929253175908364, 8.833133168124762 ], [ 35.942413622328267, 8.854581247620679 ], [ 35.965624393621709, 8.885808441537046 ], [ 35.977009739562469, 8.893567719453301 ], [ 35.982374899529454, 8.895287552942838 ], [ 35.999355369216772, 8.89307768586108 ], [ 36.010666617934973, 8.895808480450679 ], [ 36.007978502765646, 8.903092492977674 ], [ 36.009659539053708, 8.929343232140805 ], [ 36.012599236647191, 8.937752069242263 ], [ 36.017640101920293, 8.942592141841676 ], [ 36.018392365916668, 8.950876320751627 ], [ 36.037150722560582, 8.972616604265884 ], [ 36.03695678118995, 8.989749112271902 ], [ 36.035276763447634, 8.99810838689131 ], [ 36.036223484330776, 9.005027779952952 ], [ 36.04293338367426, 9.016096956394417 ], [ 36.0432271196537, 9.033225289246285 ], [ 36.028852276979705, 9.057022940232141 ], [ 36.034800849176364, 9.108457795469629 ], [ 36.054389131150991, 9.120477145693348 ], [ 36.044743567587254, 9.196096331724318 ], [ 36.032355419189329, 9.234456168208039 ], [ 35.976190146412556, 9.243936741708115 ], [ 35.950097411610834, 9.250182561159914 ], [ 35.931502690918634, 9.268259242507554 ], [ 35.918647718389558, 9.286664852018285 ], [ 35.911864438350975, 9.31698115692431 ], [ 35.860644844157775, 9.325994084705327 ], [ 35.80922624011432, 9.309899953874966 ], [ 35.797964745847871, 9.309641598068092 ], [ 35.774727160031297, 9.325346781419308 ], [ 35.75752014234358, 9.324660950124132 ], [ 35.751330000119772, 9.332150323677382 ], [ 35.749970025181639, 9.349633810602652 ], [ 35.755950259445768, 9.365807378004684 ], [ 35.750893531739351, 9.40409923053882 ], [ 35.75477496925226, 9.417562945654467 ], [ 35.766693841030303, 9.428613917984311 ], [ 35.779188277598067, 9.431712481319853 ], [ 35.778098724169112, 9.441152052840998 ], [ 35.765765674410268, 9.47436051037997 ], [ 35.753663521838689, 9.48270328028952 ], [ 35.732623696386597, 9.482507621756049 ], [ 35.711532191054587, 9.487780645816185 ], [ 35.68725784785326, 9.511422159116167 ], [ 35.672161745076274, 9.518240710877112 ], [ 35.648262152808776, 9.554313457500101 ], [ 35.644349849965806, 9.595549808271411 ], [ 35.651318234375978, 9.614026181092537 ], [ 35.654208399862661, 9.635924264472907 ], [ 35.635497928769077, 9.65248289248717 ], [ 35.625527648122286, 9.652162963465416 ], [ 35.595196798558433, 9.657032653194808 ], [ 35.57928638114889, 9.666511889316105 ], [ 35.561855985858259, 9.693009655484525 ], [ 35.554495787794593, 9.697109329824725 ], [ 35.540160388553673, 9.698629249220144 ], [ 35.534740229259889, 9.697409376344387 ], [ 35.534045185085972, 9.691409903253676 ], [ 35.505873389622558, 9.689693874340781 ], [ 35.469189928756521, 9.67136948834178 ], [ 35.456141045532632, 9.673223862757792 ], [ 35.411531464330935, 9.71466721110601 ], [ 35.390151178762608, 9.72103787299924 ], [ 35.369161200395695, 9.720278678898415 ], [ 35.36584512745015, 9.728454984454782 ], [ 35.376129058658513, 9.750937305703884 ], [ 35.383795770092441, 9.759982190683848 ], [ 35.379595667174286, 9.766391642973629 ], [ 35.420394027378144, 9.786128468921113 ], [ 35.408802587442779, 9.795502865142431 ], [ 35.387656374594982, 9.802875655689888 ], [ 35.364553281019028, 9.814024323084109 ], [ 35.350564700897358, 9.867052380702788 ], [ 35.325456408114498, 9.885771301917677 ], [ 35.311752662506024, 9.912209406345587 ], [ 35.29821701942533, 9.923455048927512 ], [ 35.279234412602293, 9.908052157906695 ], [ 35.231505007666883, 9.894226695827321 ], [ 35.223649049864548, 9.911229226160168 ], [ 35.221559662833123, 9.926397411263128 ], [ 35.16034359589095, 9.949371936733343 ], [ 35.089099773891924, 9.951458739684183 ], [ 35.081575165854119, 9.939978580242693 ], [ 35.081778651551687, 9.922892947815049 ], [ 35.04927081753786, 9.918714016420626 ], [ 35.020411007638536, 9.929763819814282 ], [ 35.015774180734269, 9.996157003069861 ], [ 34.98893829279546, 9.997732989168725 ], [ 34.943750873651723, 9.934538956126769 ], [ 34.928410021837145, 9.936250980722612 ], [ 34.905174141980467, 9.956848480054779 ], [ 34.888535017441185, 9.909187926484456 ], [ 34.867548166264406, 9.903235436753063 ], [ 34.898437247533252, 9.882733409184617 ], [ 34.89290646439671, 9.865581602875405 ], [ 34.87782929918999, 9.846415205000842 ], [ 34.870479926066245, 9.821648655223969 ], [ 34.855216491636803, 9.81766564362769 ], [ 34.832417497509212, 9.804098789055555 ], [ 34.808064290950277, 9.762040905550318 ], [ 34.796893582531872, 9.737228529270968 ], [ 34.810711753489841, 9.703233139888155 ], [ 34.811605270311674, 9.631116964616883 ], [ 34.792808120073239, 9.604315476656582 ], [ 34.78373706742854, 9.554336090581204 ], [ 34.735886780505588, 9.546307540203706 ], [ 34.686666532642981, 9.564690675746249 ], [ 34.6327617003424, 9.589023678685692 ], [ 34.586140195722564, 9.631358441848104 ], [ 34.549211818127063, 9.630661784672027 ], [ 34.532887340027976, 9.591566700814601 ], [ 34.523975254966004, 9.542119081942477 ], [ 34.499475980475587, 9.515240029661445 ], [ 34.513718671085641, 9.449015328258373 ], [ 34.452548938328192, 9.450125345210415 ], [ 34.467013112716046, 9.366832773050493 ], [ 34.452470285860045, 9.309729237324623 ], [ 34.453131607330526, 9.258512305268866 ], [ 34.440301735837991, 9.216610559119442 ], [ 34.402482964927188, 9.187672195908775 ], [ 34.341616385200119, 9.169818329923061 ], [ 34.394010415874348, 9.117373679338447 ] ] ] } },
{ "type": "Feature", "properties": { "shapeName": "Western", "shapeISO": "", "shapeID": "57463737B15825605122203", "shapeGroup": "ETH", "shapeType": "ADM2" }, "geometry": { "type": "Polygon", "coordinates": [ [ [ 37.776897166696763, 13.634150629135581 ], [ 37.777358632241899, 13.640147651841993 ], [ 37.785047481987071, 13.652324542239985 ], [ 37.777213746679713, 13.664486176135192 ], [ 37.776503449276383, 13.677547090921626 ], [ 37.777550319311644, 13.683080648530581 ], [ 37.782606535778406, 13.688991201202231 ], [ 37.786341922188598, 13.696584369892172 ], [ 37.785563472427341, 13.705195218917142 ], [ 37.792620306512042, 13.721160934500707 ], [ 37.795825044605991, 13.734029185353942 ], [ 37.799122786833308, 13.739903855690729 ], [ 37.803811027297641, 13.74409794257789 ], [ 37.808139446229347, 13.755251377464051 ], [ 37.807079027124608, 13.763973109004795 ], [ 37.798426100086402, 13.775046436901551 ], [ 37.801539811525771, 13.807508892949643 ], [ 37.79516615692598, 13.813235718445114 ], [ 37.787713365684169, 13.816468815156355 ], [ 37.778323356609228, 13.825990612033037 ], [ 37.767915856017815, 13.827081822962031 ], [ 37.764140222867049, 13.831824033619313 ], [ 37.767631930624773, 13.839360063261744 ], [ 37.763146869673093, 13.846724796223123 ], [ 37.765251943539063, 13.854596837697464 ], [ 37.751113022261727, 13.873504407300135 ], [ 37.740321278320621, 13.875511239122648 ], [ 37.735028278005359, 13.878859335657088 ], [ 37.733545688949022, 13.889333369312375 ], [ 37.729087415054479, 13.893780965783549 ], [ 37.722604655310661, 13.896606847763387 ], [ 37.71699822253882, 13.89690226588719 ], [ 37.711713366873568, 13.894027000728713 ], [ 37.707076307442328, 13.88858432634942 ], [ 37.701716555553865, 13.88632778908377 ], [ 37.69354861778119, 13.887611533868611 ], [ 37.682735455269459, 13.893759505823803 ], [ 37.675858667797762, 13.905282536137532 ], [ 37.664461008465409, 13.910207295768828 ], [ 37.659792454253733, 13.91559837870734 ], [ 37.657313986575275, 13.922041367735732 ], [ 37.654465298758858, 13.940918467149981 ], [ 37.650447795754758, 13.948992772639917 ], [ 37.643484534696327, 13.952788030656674 ], [ 37.635646211971029, 13.950745222987859 ], [ 37.628147568070467, 13.953308820431499 ], [ 37.631378385206311, 13.968485846326185 ], [ 37.629841517491869, 13.976181642902631 ], [ 37.621224445796187, 13.992688175063087 ], [ 37.61607761462416, 13.99932963200059 ], [ 37.609959971848063, 14.003773774489234 ], [ 37.608455877152508, 14.008808192494321 ], [ 37.621414206989336, 14.033319138540712 ], [ 37.615078477433549, 14.037511894632345 ], [ 37.602648950208163, 14.038319101621429 ], [ 37.598413467212836, 14.053015729362142 ], [ 37.592348932301185, 14.05103517178782 ], [ 37.588174036835241, 14.054315420335373 ], [ 37.589855962677014, 14.067929450896568 ], [ 37.579732256292388, 14.078175498659855 ], [ 37.573024781011235, 14.094530134361555 ], [ 37.567226352589302, 14.094193349202587 ], [ 37.557508306465046, 14.091092795901559 ], [ 37.555972279573915, 14.099919513977222 ], [ 37.547773332013719, 14.104030817234797 ], [ 37.54286176058217, 14.110398312006831 ], [ 37.53009490441648, 14.111284281941304 ], [ 37.52512577177751, 14.116588144870498 ], [ 37.518492893812869, 14.137800672305231 ], [ 37.518621069812312, 14.144350005639668 ], [ 37.515278629475254, 14.161427014680163 ], [ 37.523812341054267, 14.167965398057616 ], [ 37.525937206612419, 14.173680670003499 ], [ 37.522056533172716, 14.179030196647412 ], [ 37.515064847869027, 14.181482920746051 ], [ 37.507641344074926, 14.178723688644228 ], [ 37.499164111656043, 14.178528276628498 ], [ 37.493607678784947, 14.18423674895628 ], [ 37.494434969854574, 14.191758767178426 ], [ 37.49008990783387, 14.196410862276654 ], [ 37.47921725537276, 14.200784943853245 ], [ 37.475766366033255, 14.208348900106001 ], [ 37.467182279632127, 14.212046530246633 ], [ 37.463918871343608, 14.217661491627508 ], [ 37.467644438683593, 14.228821221647411 ], [ 37.468747295488249, 14.244788033411661 ], [ 37.463749517029107, 14.250985042811768 ], [ 37.446211110410268, 14.249395796266661 ], [ 37.443489181116163, 14.259485104120406 ], [ 37.432792528052893, 14.268740232887732 ], [ 37.425607253732373, 14.271719511293533 ], [ 37.414605267683299, 14.283247715338215 ], [ 37.400751675408358, 14.28834466266469 ], [ 37.39243726296786, 14.29689407990535 ], [ 37.395895193951191, 14.305579434173403 ], [ 37.401056616848642, 14.31121233547459 ], [ 37.39822784173262, 14.316306906250906 ], [ 37.399362099584032, 14.333537188523078 ], [ 37.393744608726259, 14.337868969881134 ], [ 37.388886563570765, 14.339500572844472 ], [ 37.381750200502502, 14.338706511544508 ], [ 37.378506237153729, 14.345218664039363 ], [ 37.379067937035785, 14.351846246548689 ], [ 37.385296958688656, 14.355160266368962 ], [ 37.388005182187676, 14.36167889646662 ], [ 37.38100174132002, 14.363470201422938 ], [ 37.379252896920065, 14.368752721139547 ], [ 37.372430524661731, 14.370743632048072 ], [ 37.370860457919683, 14.37678106629363 ], [ 37.367642676341653, 14.381541008735038 ], [ 37.361506647483345, 14.386626314492297 ], [ 37.356610408576323, 14.393982984866661 ], [ 37.346879805702656, 14.400279018880683 ], [ 37.34485420447907, 14.409629230135286 ], [ 37.337518946443168, 14.411698058101997 ], [ 37.328329280584562, 14.423165085991341 ], [ 37.315079462909786, 14.429245026397577 ], [ 37.313358910503268, 14.435260737844651 ], [ 37.308732346583, 14.443204685870555 ], [ 37.300093933978474, 14.445223319437831 ], [ 37.290722756786721, 14.44320696235264 ], [ 37.283830013506879, 14.43930856607164 ], [ 37.258890207707779, 14.435337409043214 ], [ 37.254072618395526, 14.430769399328792 ], [ 37.248672110549364, 14.430077622410275 ], [ 37.239152055086592, 14.432780689216337 ], [ 37.227732209155121, 14.440981746176146 ], [ 37.219835572545875, 14.439526110655999 ], [ 37.21282188806714, 14.437521688921569 ], [ 37.200746716339403, 14.425373516939123 ], [ 37.194311540428224, 14.420996975250304 ], [ 37.180517242342475, 14.415099132172475 ], [ 37.171943024649671, 14.413975882361349 ], [ 37.1649865659234, 14.417840632875999 ], [ 37.15295744368656, 14.414314118757758 ], [ 37.142299275049211, 14.40684639378744 ], [ 37.134659840505876, 14.406005440488942 ], [ 37.12676037092838, 14.393940063380862 ], [ 37.122921132973623, 14.380114899980857 ], [ 37.114666232804375, 14.367801391506514 ], [ 37.114286432213227, 14.361838789129976 ], [ 37.109216080911061, 14.356736559231082 ], [ 37.10334507652032, 14.343990185778759 ], [ 37.100371693702527, 14.333859641220702 ], [ 37.101266072940859, 14.32713790508069 ], [ 37.105477729952696, 14.321413192272095 ], [ 37.103585581935427, 14.307178134755821 ], [ 37.104201888337293, 14.291363275706704 ], [ 37.101543025045594, 14.286516543782533 ], [ 37.096860607971536, 14.283052393563933 ], [ 37.094572065941541, 14.272271868785165 ], [ 37.090114018933882, 14.268596476733455 ], [ 37.072352344502342, 14.267218822420316 ], [ 37.065959165304413, 14.262523189269309 ], [ 37.057846593601781, 14.263040044616437 ], [ 37.050588092110168, 14.266708184632815 ], [ 37.044373401527722, 14.26701666082138 ], [ 37.038839936554616, 14.264845216938069 ], [ 37.033570507766584, 14.258898251197555 ], [ 37.018331811157481, 14.251190708597557 ], [ 37.008912421451079, 14.250083344643341 ], [ 36.9979140146106, 14.258464833941209 ], [ 36.991146125557698, 14.260353513838831 ], [ 36.987230720626151, 14.263706538303696 ], [ 36.982249049898016, 14.27508797813544 ], [ 36.9752489374346, 14.280783781660011 ], [ 36.970048126708107, 14.287684080126326 ], [ 36.963399196081284, 14.290479896265916 ], [ 36.957015340677785, 14.291014276302386 ], [ 36.944539176297717, 14.289693907554852 ], [ 36.938464951624432, 14.2917491101331 ], [ 36.933401012188661, 14.296258101440859 ], [ 36.915624234069533, 14.300089754467344 ], [ 36.901085846314174, 14.305343031999904 ], [ 36.895407020676465, 14.311429822226675 ], [ 36.878973001669721, 14.311533979630275 ], [ 36.864075383438362, 14.318413204484079 ], [ 36.849381644281777, 14.316923189941809 ], [ 36.841474233844679, 14.309339499931946 ], [ 36.83301995839706, 14.307461528960914 ], [ 36.827821700849036, 14.309537856498762 ], [ 36.825701972640864, 14.314303563413826 ], [ 36.809005312544414, 14.313678686190974 ], [ 36.779031739592334, 14.317255466590911 ], [ 36.766161530817449, 14.31621343570535 ], [ 36.759420659183483, 14.317903253151131 ], [ 36.747292904064494, 14.318301548793613 ], [ 36.735122064858636, 14.315765549756385 ], [ 36.729214884307567, 14.310406115656042 ], [ 36.712638386920638, 14.307254308062198 ], [ 36.691737700015686, 14.296942369845624 ], [ 36.686586278505089, 14.296502006802916 ], [ 36.652050650428706, 14.305073660100259 ], [ 36.637212991675426, 14.308074013456434 ], [ 36.629613277091373, 14.308185306986649 ], [ 36.622144384097837, 14.306787002200027 ], [ 36.618992236867143, 14.293481724285206 ], [ 36.600440814600169, 14.290405328553142 ], [ 36.585029179941444, 14.283734224495927 ], [ 36.578861281580522, 14.287574888778535 ], [ 36.564613759493405, 14.283413379397937 ], [ 36.553545805093158, 14.277444386723801 ], [ 36.55740396124316, 14.270859797365491 ], [ 36.561921008024946, 14.266734065295918 ], [ 36.562533991691218, 14.26121243071478 ], [ 36.550352326401153, 14.250832875761441 ], [ 36.543869537672521, 14.251277757951256 ], [ 36.541326166527924, 14.198675698442353 ], [ 36.463611024456021, 13.971590729423809 ], [ 36.499878826209347, 13.847421242845876 ], [ 36.451977916927319, 13.769344829082145 ], [ 36.456250077212438, 13.755000803134708 ], [ 36.468433155919783, 13.743791503114975 ], [ 36.481475080249609, 13.735377180960327 ], [ 36.484637244472303, 13.727748745355566 ], [ 36.478578504436975, 13.721468245539484 ], [ 36.479391594275093, 13.705422354990279 ], [ 36.476597213002833, 13.70106788203204 ], [ 36.478465059314338, 13.694097628144272 ], [ 36.483216171797501, 13.689218014474955 ], [ 36.495006410072989, 13.670564026711405 ], [ 36.499243011323038, 13.666366858196268 ], [ 36.505193019148521, 13.665783706334068 ], [ 36.506614150337207, 13.653107439903176 ], [ 36.510960762969873, 13.650278153929449 ], [ 36.5136174812448, 13.631956692306668 ], [ 36.526875975881616, 13.607141470536401 ], [ 36.520357506522352, 13.586167675157132 ], [ 36.53235165395369, 13.58232872394913 ], [ 36.538638561984129, 13.582616493531464 ], [ 36.540739649811208, 13.576164301456622 ], [ 36.555494546239942, 13.571938333651218 ], [ 36.561075547853598, 13.563998755284691 ], [ 36.562530850380064, 13.55616729444896 ], [ 36.559302594191116, 13.552206262777734 ], [ 36.564831263747678, 13.548078086574828 ], [ 36.56731084105806, 13.539793697076693 ], [ 36.565514011204293, 13.533661199350343 ], [ 36.573230157514601, 13.522910908992193 ], [ 36.580466306860117, 13.520988406715913 ], [ 36.598905292250869, 13.505397773994666 ], [ 36.601925871642798, 13.499088397927721 ], [ 36.597247924291544, 13.489792350787551 ], [ 36.579579333505144, 13.482855388246048 ], [ 36.575112615602741, 13.478528908360333 ], [ 36.571754134343301, 13.46753105831422 ], [ 36.573683151505151, 13.45684227105686 ], [ 36.571753357180661, 13.450398545769195 ], [ 36.567223954890018, 13.446868169836378 ], [ 36.570313008625966, 13.425937678298771 ], [ 36.57710600417429, 13.418240243991184 ], [ 36.580114053543447, 13.412272507702824 ], [ 36.589480030805582, 13.403453533165241 ], [ 36.593454295021957, 13.38968782319478 ], [ 36.602823947318882, 13.382753001047798 ], [ 36.605610371598722, 13.378300488098411 ], [ 36.610299207942298, 13.375886258755076 ], [ 36.628884437301316, 13.382547966454895 ], [ 36.636583050592158, 13.383124128731755 ], [ 36.644685671454155, 13.378747044472185 ], [ 36.649929834908932, 13.380863935863132 ], [ 36.6569534489878, 13.369724042957538 ], [ 36.665399510123017, 13.367238997482962 ], [ 36.673237850873193, 13.36940441931573 ], [ 36.685905561765423, 13.375458214846457 ], [ 36.706200745375277, 13.372738847576061 ], [ 36.715573780520799, 13.367765451293778 ], [ 36.722781845834817, 13.367252014408788 ], [ 36.732186472680773, 13.36940265290308 ], [ 36.735465441569822, 13.363746329983009 ], [ 36.745595546116654, 13.367666526573666 ], [ 36.750226536243218, 13.372095154580448 ], [ 36.762987195150288, 13.374817199950172 ], [ 36.7677500927729, 13.378800603897156 ], [ 36.771255926255058, 13.382560540631175 ], [ 36.773207820924064, 13.389595563315059 ], [ 36.784026654993902, 13.403556828561582 ], [ 36.789244303989413, 13.408299280027059 ], [ 36.803331488657285, 13.414057951227782 ], [ 36.809429609082045, 13.419168819949332 ], [ 36.813353028020344, 13.435823122808845 ], [ 36.817955268323601, 13.447195807146802 ], [ 36.825597873982424, 13.448912537874955 ], [ 36.838723767343964, 13.445305891388045 ], [ 36.844504932243289, 13.441606596747208 ], [ 36.845491269352671, 13.436033287460452 ], [ 36.85497866973477, 13.432106160210516 ], [ 36.861560540923449, 13.426097193914007 ], [ 36.871966980789956, 13.419716355281432 ], [ 36.874622201695907, 13.413875020309261 ], [ 36.881987113900848, 13.408153035740801 ], [ 36.896349648241724, 13.407582936904101 ], [ 36.904675174246513, 13.395235910449477 ], [ 36.905945668377377, 13.388823016983473 ], [ 36.909799165432148, 13.38513718687522 ], [ 36.916248728692686, 13.383430298031591 ], [ 36.920001866185615, 13.377495923938364 ], [ 36.927753345847144, 13.378273178494544 ], [ 36.930482972871474, 13.372800439271291 ], [ 36.939397993135174, 13.38065518981321 ], [ 36.94688790195066, 13.370468044533498 ], [ 36.952393018855602, 13.365461499773723 ], [ 36.957700770866687, 13.363051259679796 ], [ 36.9606231963364, 13.36792459494893 ], [ 36.965298708775002, 13.370307731485848 ], [ 36.971241993883154, 13.366031200374852 ], [ 36.976997699725665, 13.365400221535349 ], [ 36.982874716971878, 13.361997132897796 ], [ 36.997581299460066, 13.359676460904856 ], [ 37.00265878043728, 13.357357167994413 ], [ 37.013828736363578, 13.361186704861526 ], [ 37.026114510751185, 13.355309291493066 ], [ 37.035767967494188, 13.353937776008445 ], [ 37.040506092360729, 13.351707281244586 ], [ 37.053337872246267, 13.33362725427245 ], [ 37.066366853219492, 13.330535283733647 ], [ 37.070078519626257, 13.318116902481115 ], [ 37.077191459043604, 13.31867738978425 ], [ 37.079187298368076, 13.312492657759673 ], [ 37.08467805394794, 13.315383083342788 ], [ 37.099551599601526, 13.317033244633031 ], [ 37.116497399943263, 13.31228423622111 ], [ 37.128331574223829, 13.305788264043018 ], [ 37.151128453005271, 13.301439104430298 ], [ 37.158561226478142, 13.298484598860295 ], [ 37.164341273617858, 13.293235967454102 ], [ 37.176269761655128, 13.289172805399708 ], [ 37.186542242287885, 13.283229289445249 ], [ 37.205525074389506, 13.256393785549214 ], [ 37.211864019217309, 13.260069179269747 ], [ 37.214947875840608, 13.266521724034673 ], [ 37.225215297173222, 13.275410314591117 ], [ 37.240569245736403, 13.277610141440844 ], [ 37.242223113514008, 13.284064207196975 ], [ 37.247038697312227, 13.292867740399899 ], [ 37.251334328484532, 13.295671910502772 ], [ 37.256694151200428, 13.295648767826908 ], [ 37.264661713401807, 13.290723789168229 ], [ 37.276676748433538, 13.289041211226323 ], [ 37.281464968178234, 13.285622656165677 ], [ 37.31356248755317, 13.298209797257927 ], [ 37.322646006617006, 13.297855140937452 ], [ 37.336277708196761, 13.311105443967097 ], [ 37.33979934570808, 13.319228463477202 ], [ 37.345145653585853, 13.325103758182932 ], [ 37.351229239959174, 13.327406739627273 ], [ 37.353325052483193, 13.33502771687407 ], [ 37.3527248566525, 13.343297469314185 ], [ 37.356203943142276, 13.352015197059602 ], [ 37.359790744923828, 13.358153705203486 ], [ 37.3660618454686, 13.360522964864469 ], [ 37.389477807222818, 13.356977592363181 ], [ 37.396638498533839, 13.358449156067394 ], [ 37.403858819467068, 13.362416320712743 ], [ 37.410328606118973, 13.370807137686821 ], [ 37.416637802967337, 13.374639150309861 ], [ 37.420403081886086, 13.368829601493079 ], [ 37.425703530267803, 13.36421603402731 ], [ 37.432158732375257, 13.360209177548416 ], [ 37.438433869278434, 13.358927907894593 ], [ 37.441327480078719, 13.354766657811647 ], [ 37.450971964809753, 13.355540820762853 ], [ 37.462803790829803, 13.360189250012336 ], [ 37.472297250126836, 13.367607957957382 ], [ 37.477361570048579, 13.36837936047988 ], [ 37.483665732122105, 13.364926949925913 ], [ 37.490904770744791, 13.36388082875103 ], [ 37.495707357045291, 13.368456491317499 ], [ 37.503593789001698, 13.3685219868115 ], [ 37.511465770935608, 13.366616801390812 ], [ 37.51860396860291, 13.367146011883538 ], [ 37.5267552878936, 13.371924002988568 ], [ 37.532649465400695, 13.378288243674785 ], [ 37.552825412752796, 13.389273036784752 ], [ 37.558009574723194, 13.390962264836485 ], [ 37.562339281480519, 13.387792875889572 ], [ 37.567996978036824, 13.388823302423884 ], [ 37.583111519309242, 13.397680034364717 ], [ 37.590993015656146, 13.398265602214064 ], [ 37.605326579084732, 13.409604542503551 ], [ 37.611831996458015, 13.411747451126304 ], [ 37.618391683625532, 13.40857869791234 ], [ 37.626196017830694, 13.40883714510416 ], [ 37.63792356443966, 13.414562165645391 ], [ 37.656526493965956, 13.435425014721613 ], [ 37.657390812925776, 13.442037776950542 ], [ 37.66303848258206, 13.44279034429721 ], [ 37.666550613144018, 13.447080455524985 ], [ 37.677621631278029, 13.451351020606209 ], [ 37.679808566979858, 13.457129512877112 ], [ 37.68415971550489, 13.460411205206267 ], [ 37.686210311494897, 13.465913221864902 ], [ 37.694970238339302, 13.47308831913849 ], [ 37.691724494552943, 13.485349175851352 ], [ 37.695718971749237, 13.489000590403524 ], [ 37.699567330813217, 13.496069775645415 ], [ 37.701372312453472, 13.504019274078773 ], [ 37.708703438754945, 13.521873728758441 ], [ 37.710445848717534, 13.530852434911074 ], [ 37.716317250821845, 13.535183111075288 ], [ 37.715254049906846, 13.542668327975996 ], [ 37.720971477166657, 13.546884005484456 ], [ 37.725308185057997, 13.555177823437532 ], [ 37.727855872769553, 13.564075707268204 ], [ 37.736570931386744, 13.572706624855122 ], [ 37.7469677506271, 13.571601966784836 ], [ 37.746647138606576, 13.578750048984071 ], [ 37.754747945061901, 13.591814994533806 ], [ 37.760755717217869, 13.591649388056927 ], [ 37.761573620231076, 13.597195065405142 ], [ 37.76591845404073, 13.602829555902424 ], [ 37.76519866500368, 13.619021418077343 ], [ 37.770228523814986, 13.62858682649083 ], [ 37.776897166696763, 13.634150629135581 ] ] ] } },
{ "type": "Feature", "properties": { "shapeName": "Wolayita", "shapeISO": "", "shapeID": "57463737B13273048506325", "shapeGroup": "ETH", "shapeType": "ADM2" }, "geometry": { "type": "Polygon", "coordinates": [ [ [ 37.913427360797023, 6.591928445986446 ], [ 37.9125330372609, 6.597827050453376 ], [ 37.908962559107131, 6.602374994125674 ], [ 37.90640405509221, 6.609203972922154 ], [ 37.912324124836772, 6.621045871284609 ], [ 37.917803390984972, 6.62348769819053 ], [ 37.924407090326063, 6.621286463038643 ], [ 37.931983935347837, 6.607079732080572 ], [ 37.938189792615866, 6.604796705242475 ], [ 37.941927991831577, 6.599905087493183 ], [ 37.948635456907503, 6.600409988571151 ], [ 37.963073194438479, 6.610013462609057 ], [ 37.970160520089763, 6.622683700588666 ], [ 37.974187437304984, 6.627545430043148 ], [ 37.984191319696961, 6.634350129757657 ], [ 37.996750008747348, 6.653282874020745 ], [ 38.00585210578032, 6.65546578907535 ], [ 38.01073888174826, 6.661165482244763 ], [ 38.0158334069395, 6.663243020637978 ], [ 38.022106716246306, 6.663484638645209 ], [ 38.028697705088703, 6.666782874663586 ], [ 38.032502166945832, 6.671950238932632 ], [ 38.031704283135838, 6.677940804375507 ], [ 38.047585370740101, 6.692378689443066 ], [ 38.051986370247015, 6.700676306542292 ], [ 38.053209297477721, 6.71321106168409 ], [ 38.06329832294972, 6.736751929786252 ], [ 38.077171823016549, 6.791030903459626 ], [ 38.094172805155331, 6.828649080156604 ], [ 38.111042930936577, 6.854569084965377 ], [ 38.121023025776694, 6.883049092654129 ], [ 38.129023142869244, 6.930379137296932 ], [ 38.130233166626446, 6.943249147012347 ], [ 38.127208185454784, 6.961989169483519 ], [ 38.130118682293762, 6.975054934873792 ], [ 38.117934873585746, 6.982138597904332 ], [ 38.109759789730568, 7.000852802785783 ], [ 38.102734703205819, 7.011997329440494 ], [ 38.088694517998654, 7.024166834942256 ], [ 38.074184298944367, 7.030826580610738 ], [ 38.06497418928133, 7.044606006843869 ], [ 38.063824228959859, 7.066655040619365 ], [ 38.062248437842712, 7.073429504064315 ], [ 38.048762965728976, 7.073849408849205 ], [ 38.028752850837172, 7.067469435485087 ], [ 38.020942815531633, 7.067499443363131 ], [ 37.998244692523095, 7.062985477126849 ], [ 37.991862659242415, 7.065059489225647 ], [ 37.983112654006369, 7.088769525212998 ], [ 37.97763264064325, 7.097289542307689 ], [ 37.966632595441098, 7.103759568598445 ], [ 37.960222575500147, 7.109529581184351 ], [ 37.945052497204102, 7.10957960731044 ], [ 37.931439669247133, 7.09929140808182 ], [ 37.922052369459209, 7.104359642434539 ], [ 37.914437021066135, 7.114048781034809 ], [ 37.906912301368159, 7.112679670696633 ], [ 37.886852174689089, 7.094339684704085 ], [ 37.878802130288619, 7.093899695618633 ], [ 37.850582006523986, 7.105939756861606 ], [ 37.840003949795125, 7.105591768767383 ], [ 37.818811825247408, 7.093839790545371 ], [ 37.808941776688137, 7.095249807814739 ], [ 37.793551701533445, 7.098509836467965 ], [ 37.755441521463482, 7.110799909841945 ], [ 37.714381350392152, 7.137810003148392 ], [ 37.707541328326549, 7.144318017658812 ], [ 37.699481292328336, 7.149120034046254 ], [ 37.68606213118332, 7.153896679303506 ], [ 37.665951139325891, 7.160470104507609 ], [ 37.645271036088452, 7.164900137133157 ], [ 37.614690878886215, 7.165890187926201 ], [ 37.565730631919031, 7.171290264399046 ], [ 37.554010573462328, 7.173850289143185 ], [ 37.536350504788871, 7.188620333255556 ], [ 37.527820450527052, 7.181500333044307 ], [ 37.514420348684403, 7.162890332120427 ], [ 37.506580298079299, 7.156240343453354 ], [ 37.467890075481655, 7.138370380994608 ], [ 37.459820019394158, 7.131365382990821 ], [ 37.451719950822998, 7.113780377209974 ], [ 37.449159925701402, 7.103430365827923 ], [ 37.451649919202112, 7.09123035036834 ], [ 37.450909887673838, 7.07214033273553 ], [ 37.442109811747365, 7.05190032154136 ], [ 37.434597736577807, 7.02932430720295 ], [ 37.419459626033294, 7.008220299935491 ], [ 37.415029568188551, 6.986830283037797 ], [ 37.418034566760852, 6.971295261979759 ], [ 37.416387474852009, 6.945118041611854 ], [ 37.417889511154442, 6.936200223420342 ], [ 37.426219526324722, 6.914905185990681 ], [ 37.426279497502122, 6.895230156618183 ], [ 37.417739435906569, 6.881210156925357 ], [ 37.404149349108025, 6.869950158974219 ], [ 37.389189255454383, 6.862840171659558 ], [ 37.376089187612934, 6.861710188938404 ], [ 37.320918905173222, 6.864320268855633 ], [ 37.294688751392457, 6.852380295995187 ], [ 37.285248694603638, 6.844800295407742 ], [ 37.284538675467374, 6.835830284973441 ], [ 37.28152864806566, 6.825930280966303 ], [ 37.272173571921229, 6.8067252696541 ], [ 37.264043496664456, 6.782560249368419 ], [ 37.242758348378743, 6.753710244319278 ], [ 37.238828314982506, 6.745880238398772 ], [ 37.236258269619832, 6.724480209803116 ], [ 37.225878185900427, 6.702860196892878 ], [ 37.224938174666981, 6.694110187991084 ], [ 37.234759302752728, 6.671110143824593 ], [ 37.257108329979665, 6.687870132705899 ], [ 37.269758403223008, 6.694530123835925 ], [ 37.281488471223227, 6.699810117667753 ], [ 37.296428552454742, 6.701630097753031 ], [ 37.329508711790048, 6.69631004788013 ], [ 37.3483488034746, 6.69145001617888 ], [ 37.391979011091514, 6.676439936092495 ], [ 37.406928823797365, 6.673203692492035 ], [ 37.435029214718142, 6.664189858578491 ], [ 37.449859295518245, 6.667619839752404 ], [ 37.46615937527887, 6.664609816329741 ], [ 37.480849437735962, 6.65745978415002 ], [ 37.501719524708989, 6.643619739475763 ], [ 37.519369591057888, 6.625649688816616 ], [ 37.525539612738221, 6.615749670886624 ], [ 37.536559662659414, 6.613199653871353 ], [ 37.546679720062905, 6.61893964091477 ], [ 37.569469861696106, 6.637079635473151 ], [ 37.577244901026539, 6.635839622965275 ], [ 37.58575993837178, 6.631539606994604 ], [ 37.592649971743406, 6.630829593318182 ], [ 37.602490003705945, 6.615179563132625 ], [ 37.62154008728384, 6.609619525379317 ], [ 37.632340148072942, 6.610529510134577 ], [ 37.654640269119781, 6.61830948869762 ], [ 37.664500318193525, 6.615989472653009 ], [ 37.678970394734549, 6.61573945447359 ], [ 37.694140473074853, 6.621229437721095 ], [ 37.70884055127479, 6.622129418073287 ], [ 37.720300595622533, 6.613139392437207 ], [ 37.73425064076558, 6.592179343257372 ], [ 37.763570745967677, 6.566369265290104 ], [ 37.774580804190308, 6.563819247884342 ], [ 37.794100901252676, 6.563319217573388 ], [ 37.804411621095625, 6.561235844867459 ], [ 37.816350999398445, 6.55545917911552 ], [ 37.818840995000976, 6.54486915972304 ], [ 37.815407785017669, 6.511838714111177 ], [ 37.843291119285297, 6.542949121734415 ], [ 37.872297225066909, 6.583488819586352 ], [ 37.893590853585948, 6.597329582184396 ], [ 37.913427360797023, 6.591928445986446 ] ] ] } },
{ "type": "Feature", "properties": { "shapeName": "Yem", "shapeISO": "", "shapeID": "57463737B71172530098060", "shapeGroup": "ETH", "shapeType": "ADM2" }, "geometry": { "type": "Polygon", "coordinates": [ [ [ 37.603640711780514, 7.965995933910968 ], [ 37.573578673781476, 7.953377607111016 ], [ 37.55832840952251, 7.949477819263164 ], [ 37.550248282965924, 7.950397798599441 ], [ 37.540088130461648, 7.954997629320299 ], [ 37.533618038657963, 7.960747388634482 ], [ 37.529227990434485, 7.967177119821651 ], [ 37.525767945374206, 7.973156867926269 ], [ 37.522537908511708, 7.9782066602202 ], [ 37.521147901187732, 7.984646381506908 ], [ 37.51923789156838, 7.992996021775855 ], [ 37.514807844672106, 8.000805697173258 ], [ 37.50760774565893, 8.008605374262414 ], [ 37.497857604665512, 8.015695093765185 ], [ 37.491607515779542, 8.018194999097171 ], [ 37.478447288246059, 8.015345154722489 ], [ 37.460456976227405, 8.008785491606492 ], [ 37.417496261805624, 8.002295890301921 ], [ 37.410254465315738, 7.999447627865822 ], [ 37.404931034137299, 7.994726255579225 ], [ 37.392596571657648, 7.99403672022235 ], [ 37.388540978922585, 7.97552130612656 ], [ 37.390620970733679, 7.96311129247542 ], [ 37.399779976425073, 7.955160421788177 ], [ 37.41742108442309, 7.944721233154319 ], [ 37.429661129381984, 7.931851196584242 ], [ 37.437521149161554, 7.919671173201047 ], [ 37.435211102365763, 7.899211164965906 ], [ 37.412580907916507, 7.855071162047083 ], [ 37.405650826018423, 7.828411155132523 ], [ 37.400830662510579, 7.742211081276954 ], [ 37.40245061513459, 7.71072105223481 ], [ 37.402000569202386, 7.683831033734492 ], [ 37.407780564225341, 7.658770995636654 ], [ 37.420647783624204, 7.634971042240731 ], [ 37.436210597475643, 7.585230887333947 ], [ 37.445910618288067, 7.565490853192383 ], [ 37.450890646933992, 7.567920846997114 ], [ 37.482290856667305, 7.592990816408348 ], [ 37.499150973744619, 7.609510805780568 ], [ 37.516281097507679, 7.632700799045881 ], [ 37.523121157894295, 7.646605800090054 ], [ 37.529951211876302, 7.655210796151484 ], [ 37.535511255043744, 7.666010800910598 ], [ 37.544142660932309, 7.685354730365908 ], [ 37.54849478552967, 7.702315171513781 ], [ 37.548824732239929, 7.727155181123529 ], [ 37.556284714002061, 7.749455197868275 ], [ 37.562324712997352, 7.76185521491655 ], [ 37.579184638214706, 7.828985261100303 ], [ 37.583154620502093, 7.843465273259533 ], [ 37.589662527116097, 7.85231682882764 ], [ 37.595296912365811, 7.868625871054872 ], [ 37.601232011851955, 7.909210893286675 ], [ 37.604350044236327, 7.916370892366323 ], [ 37.60736209994009, 7.940470905877204 ], [ 37.607662129677372, 7.958180919271692 ], [ 37.603640711780514, 7.965995933910968 ] ] ] } },
{ "type": "Feature", "properties": { "shapeName": "Zone 1", "shapeISO": "", "shapeID": "57463737B91823679317491", "shapeGroup": "ETH", "shapeType": "ADM2" }, "geometry": { "type": "Polygon", "coordinates": [ [ [ 39.998324047117322, 11.613039060235895 ], [ 39.993417316545951, 11.598224688105613 ], [ 39.994186895324908, 11.584612747720019 ], [ 40.007346114418127, 11.559458476382254 ], [ 40.024886066551382, 11.531670706849935 ], [ 40.055751864464796, 11.488508534235851 ], [ 40.061788315275692, 11.47495631828656 ], [ 40.067938548224717, 11.443752107964421 ], [ 40.067208020242468, 11.429517868868952 ], [ 40.071060715724272, 11.37449764770594 ], [ 40.068092125868546, 11.361402829064437 ], [ 40.065829984589833, 11.338595818090088 ], [ 40.072108114476713, 11.326483236773543 ], [ 40.079878593330022, 11.323340427967178 ], [ 40.103451981539308, 11.317753149373807 ], [ 40.123678427126983, 11.296946782845167 ], [ 40.146494912344529, 11.256469045832006 ], [ 40.173751685777297, 11.240824319091708 ], [ 40.216403332974963, 11.249809986625447 ], [ 40.252964300029241, 11.24738997734557 ], [ 40.297515447438769, 11.239450397515185 ], [ 40.351026896512614, 11.240909932152745 ], [ 40.3921479383609, 11.231530496503852 ], [ 40.442909201714073, 11.21651150690232 ], [ 40.517851017408454, 11.188243535485592 ], [ 40.547051548423532, 11.149676765982914 ], [ 40.566721872429227, 11.118399416691773 ], [ 40.617113245089087, 11.123398649357631 ], [ 40.672824785626624, 11.133037441273512 ], [ 40.704038748195387, 11.140641432289396 ], [ 40.72864634711982, 11.144336086720291 ], [ 40.751547077086691, 11.162804298471695 ], [ 40.781318011093134, 11.184152209337489 ], [ 40.808913839356173, 11.198930723146944 ], [ 40.851439873684974, 11.184511728856972 ], [ 40.908321219329949, 11.160763468734366 ], [ 40.972852698604932, 11.126526091935537 ], [ 41.010583457847581, 11.09071902840356 ], [ 41.025583681607451, 11.064751243835781 ], [ 41.031953648918751, 11.034353905628965 ], [ 41.042403795872509, 11.01534552918066 ], [ 41.068234388711581, 11.001976552180828 ], [ 41.093004896238064, 10.980418304782859 ], [ 41.118285246472944, 10.932942374599124 ], [ 41.148985366613417, 10.827661554533949 ], [ 41.167325538807027, 10.780595636635491 ], [ 41.191776284123527, 10.797293990687669 ], [ 41.208356874484124, 10.821181751673725 ], [ 41.220957294786871, 10.835340408210305 ], [ 41.232877804027439, 10.864527733061145 ], [ 41.234498022429712, 10.892055267755111 ], [ 41.241648410741981, 10.922232531186708 ], [ 41.269059371750821, 10.958719102434936 ], [ 41.301180257731154, 10.964928338629008 ], [ 41.349481508648765, 10.963398160574901 ], [ 41.393122669503747, 10.967177537836216 ], [ 41.410983085157667, 10.959338119970475 ], [ 41.484975073381136, 10.967766877511917 ], [ 41.583137594553669, 10.962936664612142 ], [ 41.635088965851111, 10.966166029800252 ], [ 41.681740166313482, 10.964745846847201 ], [ 41.700450691051074, 10.970175234881095 ], [ 41.718521125748943, 10.96564552142938 ], [ 41.740451719444607, 10.969195057797657 ], [ 41.761362349616839, 10.982803698996447 ], [ 41.764733150046112, 11.085824465144587 ], [ 41.770113504388092, 11.11711163505062 ], [ 41.777804897914564, 11.286466463814456 ], [ 41.773525046729162, 11.323393192872381 ], [ 41.777115902203441, 11.429733687435164 ], [ 41.775936663927119, 11.539723892059316 ], [ 41.788817317484167, 11.583839869346422 ], [ 41.797908011822727, 11.646524219588862 ], [ 41.804298332368795, 11.667752288446026 ], [ 41.826949223102396, 11.707888549613962 ], [ 41.834779561164424, 11.725686912479516 ], [ 41.854250194293272, 11.742715257050799 ], [ 41.867290688857445, 11.763503308167145 ], [ 41.919962364049717, 11.803319383846688 ], [ 41.943073133173833, 11.825107273786614 ], [ 41.965183942540669, 11.856954281019142 ], [ 41.981114468215047, 11.870892922342421 ], [ 41.997795099246268, 11.896430528662494 ], [ 42.041636879768426, 11.980132756657538 ], [ 42.064177759886832, 12.018609164914515 ], [ 42.07897832314756, 12.040947067390391 ], [ 42.090578808002178, 12.065164823866715 ], [ 42.112569617157519, 12.095351979787267 ], [ 42.125070044166513, 12.107840771874875 ], [ 42.181342053217485, 12.177404158055605 ], [ 42.200012779532237, 12.20781131893583 ], [ 42.212083141672906, 12.213670700000492 ], [ 42.230213793736745, 12.235788601320214 ], [ 42.245234387044903, 12.261436200599267 ], [ 42.26712518490158, 12.289973496241764 ], [ 42.282255795827176, 12.317280950892481 ], [ 42.295836385046691, 12.346358264956155 ], [ 42.312417010743673, 12.370246009959898 ], [ 42.320247359575156, 12.388044371019626 ], [ 42.337947948381689, 12.403522854734344 ], [ 42.355718752743456, 12.445648974734787 ], [ 42.34194854298368, 12.46487737494976 ], [ 42.336268523859978, 12.480246059148824 ], [ 42.310608191085031, 12.521912555890411 ], [ 42.281187703547879, 12.557159661025917 ], [ 42.243307196594429, 12.616284722950494 ], [ 42.235057047040513, 12.62434406669799 ], [ 42.227956938706463, 12.634013270866994 ], [ 42.219886785330587, 12.6411526977158 ], [ 42.196906433862516, 12.672650092665956 ], [ 42.136615450035755, 12.746574022605607 ], [ 42.114435014998591, 12.764692601428147 ], [ 42.097334724150926, 12.784151015860235 ], [ 42.096324779323844, 12.79420013486151 ], [ 42.051153991285851, 12.843826108955115 ], [ 42.043593891460972, 12.85597509292972 ], [ 42.011133574221603, 12.921409572957792 ], [ 41.998703364272288, 12.935548427124925 ], [ 41.973473088326543, 12.983854365186872 ], [ 41.931402349881736, 13.029930640966141 ], [ 41.885096423780801, 13.083883369635732 ], [ 41.899957952762399, 12.838414721157513 ], [ 41.80664661610588, 12.794879586043493 ], [ 41.725776927263496, 12.776221957395116 ], [ 41.607582733566915, 12.745125789223662 ], [ 41.519009201732068, 12.740465644811767 ], [ 41.466811927962048, 12.733264396198814 ], [ 41.389856760279287, 12.714030306441586 ], [ 41.277883551780846, 12.720250479871797 ], [ 41.20007746661355, 12.70981321500415 ], [ 41.143092373238019, 12.721587626164848 ], [ 41.078545449151726, 12.765780862089755 ], [ 41.093187279914858, 12.873125467711331 ], [ 41.078434290501292, 12.998013067023996 ], [ 41.019365830236055, 12.995896286697176 ], [ 40.910784908627235, 12.987142403245558 ], [ 40.809796867700861, 12.994228472774973 ], [ 40.709012831709579, 12.993319183344138 ], [ 40.622819444021523, 12.943660151183321 ], [ 40.627705651125204, 12.842837051291299 ], [ 40.616354990828917, 12.796511191742514 ], [ 40.613844634749199, 12.75791458400594 ], [ 40.622204544316531, 12.715818213551321 ], [ 40.629234590344645, 12.695969900922716 ], [ 40.646424795423769, 12.661602791054612 ], [ 40.673165407303713, 12.645993964432755 ], [ 40.678945275321396, 12.606847356446128 ], [ 40.678654918431306, 12.55979148937447 ], [ 40.683354630011401, 12.504096340659141 ], [ 40.693334773891159, 12.486817789240783 ], [ 40.708835065764632, 12.469179226387338 ], [ 40.749856028333113, 12.449160691463591 ], [ 40.739115478572359, 12.414733796542716 ], [ 40.725904883846297, 12.382386730277466 ], [ 40.726874705487987, 12.354629165404873 ], [ 40.718646215827924, 12.321386744999801 ], [ 40.716074138163854, 12.316572594484208 ], [ 40.71416356256973, 12.24469892656556 ], [ 40.72001313865244, 12.164015992567878 ], [ 40.72675283675563, 12.097111841546878 ], [ 40.726652523022103, 12.052805743281011 ], [ 40.721012057222175, 12.008879653690695 ], [ 40.710201493523165, 11.970823089768993 ], [ 40.689070736079572, 11.94452554840268 ], [ 40.657409763464919, 11.927237293717949 ], [ 40.597397960118002, 11.900740036620236 ], [ 40.510115473637782, 11.881592317940857 ], [ 40.451533856821456, 11.877163098620876 ], [ 40.387072052887426, 11.867574374711896 ], [ 40.32574036454016, 11.863325159679283 ], [ 40.30242966534086, 11.854306107801515 ], [ 40.281429079615748, 11.851536491768639 ], [ 40.234937745560167, 11.840767746354562 ], [ 40.157675548535458, 11.826489512639066 ], [ 40.091603522531472, 11.792092969756109 ], [ 40.050672192163169, 11.760186040089707 ], [ 40.0160109734217, 11.718169960158329 ], [ 39.994986331852068, 11.681964826926643 ], [ 40.016159039475724, 11.646362622618096 ], [ 39.998324047117322, 11.613039060235895 ] ] ] } },
{ "type": "Feature", "properties": { "shapeName": "Zone 2", "shapeISO": "", "shapeID": "57463737B59365186809272", "shapeGroup": "ETH", "shapeType": "ADM2" }, "geometry": { "type": "Polygon", "coordinates": [ [ [ 39.74542121444243, 13.571457903196778 ], [ 39.740329733155733, 13.563795285786831 ], [ 39.740601602379435, 13.547948106639602 ], [ 39.734818880882059, 13.529344418185964 ], [ 39.730039170165036, 13.524723874941129 ], [ 39.729086544192349, 13.517278087135123 ], [ 39.724298078361947, 13.509843452356501 ], [ 39.720390641700689, 13.476335473246685 ], [ 39.726939475349226, 13.441859188408477 ], [ 39.728615512880225, 13.422887373599748 ], [ 39.734821186742053, 13.403729673700841 ], [ 39.739216206361583, 13.400236763452428 ], [ 39.744424189597197, 13.389599064211183 ], [ 39.742157554155796, 13.382857754702407 ], [ 39.74663226543592, 13.374784270683104 ], [ 39.73039545540194, 13.379470424420186 ], [ 39.732566714412044, 13.37398325237942 ], [ 39.740906876711215, 13.363918308080773 ], [ 39.743053685748706, 13.358153292002193 ], [ 39.742577625327321, 13.351952485106789 ], [ 39.739637149616826, 13.33355243454999 ], [ 39.737328481692387, 13.32796942577399 ], [ 39.738619673349874, 13.32176185833244 ], [ 39.735885344342726, 13.314969684874729 ], [ 39.729371751317942, 13.309467176293149 ], [ 39.720595712066654, 13.295224016102186 ], [ 39.725844383050891, 13.289008405694958 ], [ 39.730923133799628, 13.287247746043837 ], [ 39.736773789024319, 13.287211080223786 ], [ 39.74265669789974, 13.283252070380643 ], [ 39.759521760760961, 13.279570899576617 ], [ 39.763293829763143, 13.28412381836351 ], [ 39.768188691142825, 13.285939356904498 ], [ 39.778252219159292, 13.275832168084992 ], [ 39.786622948687992, 13.263377271453614 ], [ 39.785966718516626, 13.252629803356948 ], [ 39.788098802200082, 13.246304003506582 ], [ 39.799930706613779, 13.228196522000564 ], [ 39.801457277028774, 13.219826907898488 ], [ 39.809407138766502, 13.217849963003689 ], [ 39.80781930534522, 13.203183894337132 ], [ 39.804646141298861, 13.190358160503445 ], [ 39.810045030940572, 13.177365637073088 ], [ 39.812821136890861, 13.155838702367905 ], [ 39.816510102087257, 13.146869789420712 ], [ 39.825170860722814, 13.132635880539469 ], [ 39.832097397664526, 13.113226739564768 ], [ 39.834070085240846, 13.089247689613414 ], [ 39.835937858170155, 13.083665084413898 ], [ 39.848829723394566, 13.053495779095854 ], [ 39.858862328746199, 13.036847961052858 ], [ 39.863933611399126, 13.020396325430989 ], [ 39.861252315160129, 13.004313542718357 ], [ 39.862632623838074, 12.994526288810331 ], [ 39.86088464740368, 12.970329311492209 ], [ 39.863238180321446, 12.962719118988151 ], [ 39.873648770280106, 12.942949335389738 ], [ 39.887260980150025, 12.931609994306241 ], [ 39.899050733729915, 12.926762529671338 ], [ 39.90512269307515, 12.922455218388343 ], [ 39.907310160151049, 12.91504126792735 ], [ 39.917444066230388, 12.905338435295286 ], [ 39.926080081761796, 12.894470525970521 ], [ 39.93013670275424, 12.882209259128517 ], [ 39.930233925055198, 12.875097844829236 ], [ 39.942056793842504, 12.861978729260731 ], [ 39.953414366330684, 12.837627724443726 ], [ 39.966359652566872, 12.822592576472314 ], [ 39.970384937389966, 12.8148360817555 ], [ 39.97345698307241, 12.798071680036925 ], [ 39.978859364325437, 12.792902545534572 ], [ 39.989430520649307, 12.777147859159371 ], [ 40.029468704772178, 12.777157072885544 ], [ 40.062629607234022, 12.774967037461353 ], [ 40.109001109682353, 12.805134072309951 ], [ 40.138262089270476, 12.828121862613049 ], [ 40.169733066214143, 12.842650374216397 ], [ 40.196584020091663, 12.871337674604758 ], [ 40.28584685031587, 12.920822720993783 ], [ 40.391150056073648, 12.960928458228306 ], [ 40.445091680722449, 12.979516438187947 ], [ 40.47122253274577, 12.997174704167978 ], [ 40.524984131724338, 13.013002930459416 ], [ 40.568845275570439, 13.00456334128468 ], [ 40.592825815085241, 12.989134516246917 ], [ 40.621606397220539, 12.96231664332956 ], [ 40.622819444021523, 12.943660151183321 ], [ 40.709012831709579, 12.993319183344138 ], [ 40.809796867700861, 12.994228472774973 ], [ 40.910784908627235, 12.987142403245558 ], [ 41.019365830236055, 12.995896286697176 ], [ 41.078434290501292, 12.998013067023996 ], [ 41.093187279914858, 12.873125467711331 ], [ 41.078545449151726, 12.765780862089755 ], [ 41.143092373238019, 12.721587626164848 ], [ 41.20007746661355, 12.70981321500415 ], [ 41.277883551780846, 12.720250479871797 ], [ 41.389856760279287, 12.714030306441586 ], [ 41.466811927962048, 12.733264396198814 ], [ 41.519009201732068, 12.740465644811767 ], [ 41.607582733566915, 12.745125789223662 ], [ 41.725776927263496, 12.776221957395116 ], [ 41.80664661610588, 12.794879586043493 ], [ 41.899957952762399, 12.838414721157513 ], [ 41.885096423780801, 13.083883369635732 ], [ 41.787339723197285, 13.175998941692885 ], [ 41.738248866885364, 13.231854425741629 ], [ 41.612596460157576, 13.348165229858479 ], [ 41.579005870176644, 13.386382154656037 ], [ 41.482504059287415, 13.481374617154444 ], [ 41.440613245339314, 13.520141562826074 ], [ 41.379372000224102, 13.570567651904618 ], [ 41.351321469458178, 13.598035480263198 ], [ 41.31461074322965, 13.630922905756423 ], [ 41.291710386505748, 13.662900302947685 ], [ 41.251279712093485, 13.713346238481925 ], [ 41.216779058203407, 13.748163482665188 ], [ 41.192428558972132, 13.768461914450587 ], [ 41.169548117925892, 13.790050215287092 ], [ 41.078206353114389, 13.879163209165807 ], [ 40.837641440185791, 14.084747336525963 ], [ 40.651427477045793, 14.229976297878618 ], [ 40.546485140481423, 14.301990939250203 ], [ 40.445402821130088, 14.364036413788776 ], [ 40.385561361830909, 14.390324635019256 ], [ 40.331840127799829, 14.42458211992937 ], [ 40.269388607451411, 14.453830113909017 ], [ 40.223477519405392, 14.479198299406482 ], [ 40.140805338349224, 14.498617301052182 ], [ 40.089933824239345, 14.490818369902518 ], [ 40.076193460875231, 14.494518165787444 ], [ 40.05614283394516, 14.487468928487059 ], [ 40.011101152561444, 14.44020333703677 ], [ 39.985138966210563, 14.432913739728514 ], [ 39.984729375586959, 14.424181396100135 ], [ 39.980458779451581, 14.410450929877932 ], [ 39.982616581703297, 14.394349498431845 ], [ 39.988967806518176, 14.388681843586662 ], [ 39.991726326231493, 14.382544713989503 ], [ 39.980660004860532, 14.37155202556135 ], [ 39.97310457150364, 14.370734692594516 ], [ 39.951151020693267, 14.360997889112587 ], [ 39.939395070321979, 14.362015615604053 ], [ 39.917148310010631, 14.370837337909936 ], [ 39.909205419198017, 14.365955436267921 ], [ 39.902360605468509, 14.36725484246349 ], [ 39.896351410307183, 14.371159655643734 ], [ 39.890774648112426, 14.369725338570314 ], [ 39.885085223134759, 14.37108128087546 ], [ 39.878558493972847, 14.369407093480776 ], [ 39.853998271871347, 14.367677783279692 ], [ 39.85550704796394, 14.373737437835331 ], [ 39.848292409408693, 14.375623669686377 ], [ 39.838945035820181, 14.381075328968848 ], [ 39.828454292201926, 14.383296292192206 ], [ 39.820876476672098, 14.383080190641888 ], [ 39.801826510269066, 14.387755242876171 ], [ 39.796869794023344, 14.386559550780824 ], [ 39.788549219294694, 14.379308511722087 ], [ 39.772926748671374, 14.374429385859001 ], [ 39.775748622877494, 14.352030437375987 ], [ 39.780583602600615, 14.336380054641142 ], [ 39.780081777297575, 14.331114507489952 ], [ 39.772212006780848, 14.320437010295677 ], [ 39.763513287979961, 14.319279523912931 ], [ 39.751492587698799, 14.31340552327911 ], [ 39.74620825813269, 14.30923361469431 ], [ 39.734140981635058, 14.307178237036318 ], [ 39.727124132952973, 14.303547029073222 ], [ 39.727713577189803, 14.294612789181645 ], [ 39.734648936639729, 14.288533223804782 ], [ 39.742887737005333, 14.281856682661124 ], [ 39.758482721816407, 14.277764219464148 ], [ 39.75678962774969, 14.250629828564527 ], [ 39.758180953804121, 14.240433546422052 ], [ 39.753925803452859, 14.237638755827541 ], [ 39.743093096687353, 14.23553214869367 ], [ 39.707350570023777, 14.242652578144526 ], [ 39.694962945065448, 14.241901479212483 ], [ 39.688773540317271, 14.231935438502864 ], [ 39.686597577442008, 14.216768624141315 ], [ 39.677174226385176, 14.207693897681239 ], [ 39.673144477449071, 14.200928328040566 ], [ 39.664765321928051, 14.197512684376616 ], [ 39.659258040307293, 14.199275448927983 ], [ 39.657305806835069, 14.193418052982643 ], [ 39.650837065630171, 14.189207084827993 ], [ 39.658643195282515, 14.182998677828428 ], [ 39.674396021461895, 14.178311571975632 ], [ 39.682873396767576, 14.165283284500052 ], [ 39.715915848139353, 14.156911099464919 ], [ 39.721812646181654, 14.157615469239293 ], [ 39.750417697451084, 14.152395801623413 ], [ 39.768009713549006, 14.140641682146835 ], [ 39.776298243414992, 14.139663439509883 ], [ 39.791599934790717, 14.143141084762973 ], [ 39.79868243689782, 14.143126820187298 ], [ 39.810425812753202, 14.152243506937685 ], [ 39.827711236443491, 14.155549231654652 ], [ 39.838503086656353, 14.154795328830325 ], [ 39.839031687131701, 14.127141421608796 ], [ 39.843986173351489, 14.109967269369713 ], [ 39.842827961161568, 14.097640337634626 ], [ 39.844113586858612, 14.090471910043513 ], [ 39.84914670961588, 14.078564345907711 ], [ 39.845359002836652, 14.060713633265447 ], [ 39.844875080365391, 14.050864147934774 ], [ 39.855608130194859, 14.031588032302224 ], [ 39.861540019601783, 14.028839001496939 ], [ 39.867203170451305, 14.022207151708113 ], [ 39.883179822232769, 14.016668832670391 ], [ 39.886815834476728, 14.01281170577354 ], [ 39.869367607092862, 13.992852059340594 ], [ 39.869936306316866, 13.983534554215032 ], [ 39.859471750575629, 13.973798806992331 ], [ 39.860042509769812, 13.966385466326884 ], [ 39.836521646683273, 13.976258244959286 ], [ 39.830078426892172, 13.974894719018067 ], [ 39.816528023748482, 13.968852104462156 ], [ 39.813642852018468, 13.960829394402182 ], [ 39.802534710176865, 13.946216396931387 ], [ 39.813454977731737, 13.945475405694856 ], [ 39.818510197144505, 13.943195831886344 ], [ 39.828796274050354, 13.932241951232072 ], [ 39.826483313375689, 13.927186068218534 ], [ 39.826968673316642, 13.921994080107837 ], [ 39.834155971466451, 13.919020059904899 ], [ 39.834388700212372, 13.908460044037357 ], [ 39.830289581564351, 13.900238806049982 ], [ 39.829058285234794, 13.888570654203459 ], [ 39.829899258160822, 13.869123206662826 ], [ 39.838724013877233, 13.864831479492045 ], [ 39.837180376290789, 13.854752341310556 ], [ 39.841932610349787, 13.84773526298709 ], [ 39.843123543643166, 13.839026271121677 ], [ 39.834578289565741, 13.822008873554932 ], [ 39.837173957149041, 13.811979179466121 ], [ 39.842426593037523, 13.80412191555962 ], [ 39.849247289229659, 13.800621067333516 ], [ 39.853150375071046, 13.79552491934713 ], [ 39.854610732433507, 13.786860413413581 ], [ 39.85407452745217, 13.767140473019275 ], [ 39.864646224136465, 13.755740140395908 ], [ 39.875076094948724, 13.750034643471363 ], [ 39.884946570442352, 13.748877061950422 ], [ 39.876877450857052, 13.738839709662377 ], [ 39.874967343275557, 13.722802888669065 ], [ 39.87543134613945, 13.71111227560789 ], [ 39.878546148035127, 13.706611836331621 ], [ 39.878530172361266, 13.689407849246004 ], [ 39.877099483465791, 13.680890577233493 ], [ 39.86829970844429, 13.658919502081863 ], [ 39.869430861565959, 13.644178414786332 ], [ 39.867327829179338, 13.627580843473861 ], [ 39.869578614431525, 13.621120255327945 ], [ 39.87043553061951, 13.610148033005112 ], [ 39.865830530708728, 13.603309325354413 ], [ 39.866353073851592, 13.590955807409845 ], [ 39.86844833044821, 13.584453958350135 ], [ 39.866202142916862, 13.564352305014806 ], [ 39.864266670879523, 13.55900285621631 ], [ 39.864783795293519, 13.548808616304722 ], [ 39.854154684662959, 13.554738948930588 ], [ 39.844280849599421, 13.557150603737577 ], [ 39.836674891465137, 13.555973980227913 ], [ 39.817139056566702, 13.558417925401518 ], [ 39.804710987691934, 13.554372571844967 ], [ 39.794699134594751, 13.55637140075417 ], [ 39.784449448142375, 13.564029548281102 ], [ 39.763906558563953, 13.571917193399885 ], [ 39.74542121444243, 13.571457903196778 ] ] ] } },
{ "type": "Feature", "properties": { "shapeName": "Zone 3", "shapeISO": "", "shapeID": "57463737B74315162620914", "shapeGroup": "ETH", "shapeType": "ADM2" }, "geometry": { "type": "Polygon", "coordinates": [ [ [ 40.095364539302381, 8.863218784502921 ], [ 40.121407391974692, 8.896829660023879 ], [ 40.153118400094613, 8.933006271412044 ], [ 40.170759020004589, 8.965543280367092 ], [ 40.188329531788398, 8.975362314812708 ], [ 40.223200508597465, 8.988790940851253 ], [ 40.238680958062332, 8.998380007220446 ], [ 40.243131155899697, 9.014198568489968 ], [ 40.24690136929339, 9.036446566970643 ], [ 40.245141428731174, 9.056634773972601 ], [ 40.246371560992827, 9.07590304303244 ], [ 40.255181846739454, 9.087111999681134 ], [ 40.301483274814402, 9.12916801060398 ], [ 40.327894100379851, 9.155685506012073 ], [ 40.370405545004367, 9.2192896085587 ], [ 40.408996883572208, 9.282203784723594 ], [ 40.426647467855254, 9.305291627254622 ], [ 40.471898916357695, 9.355766880144401 ], [ 40.499699751685213, 9.376054922701282 ], [ 40.529290575080729, 9.386463837831444 ], [ 40.60684262504526, 9.39205292252287 ], [ 40.636853431389724, 9.396952323581406 ], [ 40.660434090225905, 9.405311447117846 ], [ 40.676424574248152, 9.418520178287769 ], [ 40.694442750007624, 9.445383634504664 ], [ 40.693865481767951, 9.499892810146134 ], [ 40.699885821202017, 9.533759746268213 ], [ 40.71540641660534, 9.566986689706047 ], [ 40.722706738989153, 9.591244480012119 ], [ 40.731417055767942, 9.607802954935817 ], [ 40.736207265001084, 9.622711592747036 ], [ 40.749577778770849, 9.652278873471928 ], [ 40.763978250606691, 9.668457348324861 ], [ 40.826450419413817, 9.764428421308109 ], [ 40.848221140963666, 9.791295893628639 ], [ 40.947564245268815, 9.881317275818699 ], [ 40.997445823285766, 9.929652664433544 ], [ 41.014826336188925, 9.940161621306286 ], [ 41.020456540298191, 9.949780731377119 ], [ 41.014246446413658, 9.960949768611885 ], [ 40.999826115357266, 9.968789151271521 ], [ 40.981545648680367, 9.969999147049414 ], [ 40.966695280473303, 9.972638998445444 ], [ 40.954365057775625, 9.988447655263711 ], [ 40.946924945291507, 10.002266463400534 ], [ 40.937444901024243, 10.036193490532527 ], [ 40.949575410764325, 10.068700512442309 ], [ 40.954735708573438, 10.096667984293594 ], [ 40.975566616122634, 10.157582419217579 ], [ 40.979716957707872, 10.195608996250439 ], [ 40.990837522046057, 10.240834891260011 ], [ 41.005988404928587, 10.319767756277203 ], [ 41.015918813089591, 10.344095521425922 ], [ 41.031329569576279, 10.401360313466908 ], [ 41.032739740566932, 10.422918379921187 ], [ 41.048040485871219, 10.478533322024392 ], [ 41.057870883253202, 10.501191242362509 ], [ 41.062271101469172, 10.517559752566289 ], [ 41.072201513998259, 10.54188752564831 ], [ 41.087932304118361, 10.601462111921617 ], [ 41.083342391001374, 10.633409287719196 ], [ 41.078782314531409, 10.64036869968508 ], [ 41.079882471085398, 10.659736963416799 ], [ 41.078162565575617, 10.682044980578906 ], [ 41.090872996862963, 10.697863494664142 ], [ 41.115763804491898, 10.721201258816226 ], [ 41.134004432930702, 10.744969021475798 ], [ 41.150044951198538, 10.760567532168725 ], [ 41.167325538807027, 10.780595636635491 ], [ 41.148985366613417, 10.827661554533949 ], [ 41.118285246472944, 10.932942374599124 ], [ 41.093004896238064, 10.980418304782859 ], [ 41.068234388711581, 11.001976552180828 ], [ 41.042403795872509, 11.01534552918066 ], [ 41.031953648918751, 11.034353905628965 ], [ 41.025583681607451, 11.064751243835781 ], [ 41.010583457847581, 11.09071902840356 ], [ 40.972852698604932, 11.126526091935537 ], [ 40.908321219329949, 11.160763468734366 ], [ 40.851439873684974, 11.184511728856972 ], [ 40.808913839356173, 11.198930723146944 ], [ 40.781318011093134, 11.184152209337489 ], [ 40.751547077086691, 11.162804298471695 ], [ 40.72864634711982, 11.144336086720291 ], [ 40.704038748195387, 11.140641432289396 ], [ 40.672824785626624, 11.133037441273512 ], [ 40.617113245089087, 11.123398649357631 ], [ 40.566721872429227, 11.118399416691773 ], [ 40.569271789668072, 11.095391439791618 ], [ 40.602012428518876, 11.059924376712649 ], [ 40.617012660653565, 11.033946583454416 ], [ 40.636242928232932, 10.996039826223027 ], [ 40.646043003745774, 10.967082337936112 ], [ 40.649082891326643, 10.936904998301269 ], [ 40.64656273848864, 10.923746184949136 ], [ 40.632722326087702, 10.916336924008615 ], [ 40.606131627369827, 10.918096932785158 ], [ 40.546150208995478, 10.945374888130189 ], [ 40.52229968916631, 10.963603418335637 ], [ 40.494258976258926, 10.968793131976966 ], [ 40.469218308389657, 10.968783290255523 ], [ 40.455167865964953, 10.958054330199067 ], [ 40.440907395233644, 10.944005664486909 ], [ 40.432637025340107, 10.919567884577621 ], [ 40.422146215564275, 10.835335415012009 ], [ 40.425876031952804, 10.790119401340796 ], [ 40.423715763207369, 10.756952358028725 ], [ 40.429285807058278, 10.739933840899148 ], [ 40.439945993336934, 10.724245169386096 ], [ 40.453386198514458, 10.700037231433189 ], [ 40.46484632949376, 10.670969745827755 ], [ 40.466726199432195, 10.642122300485592 ], [ 40.455005817422496, 10.630963361314407 ], [ 40.453925709956351, 10.617814536598646 ], [ 40.438945120454711, 10.587077356887159 ], [ 40.415184335150343, 10.561299788779687 ], [ 40.385643238089543, 10.508814624206497 ], [ 40.380352995294871, 10.4922061347525 ], [ 40.381852935439525, 10.476367531770517 ], [ 40.378062499533208, 10.420282540864529 ], [ 40.393812627548336, 10.372176724633784 ], [ 40.393332557710622, 10.362067620796298 ], [ 40.399872421983886, 10.309942219598845 ], [ 40.404532419282319, 10.289444018749721 ], [ 40.407752350528042, 10.26225641850103 ], [ 40.402292086906606, 10.24227822914548 ], [ 40.384851420801155, 10.207171449789433 ], [ 40.378381143873114, 10.189493062683242 ], [ 40.372170910050031, 10.177434169982249 ], [ 40.372440814011711, 10.159415768146905 ], [ 40.366020546522705, 10.142867279946254 ], [ 40.363080385819487, 10.128378585881375 ], [ 40.362230259773916, 10.110420191797637 ], [ 40.364590191214575, 10.088902089436287 ], [ 40.364419885454623, 10.036726736167264 ], [ 40.360049620568716, 10.01008913482902 ], [ 40.320828223331951, 9.946075054597257 ], [ 40.291917301635216, 9.918537669800104 ], [ 40.279526890730125, 9.904129017452536 ], [ 40.259546287570529, 9.890230368290759 ], [ 40.236675525176018, 9.86129307140072 ], [ 40.226495033215521, 9.821996624289977 ], [ 40.228194903727598, 9.789529510070862 ], [ 40.232534892960146, 9.76830137292689 ], [ 40.240304949242379, 9.741143753104813 ], [ 40.248685075415779, 9.723455279821721 ], [ 40.24432474674586, 9.685678667025227 ], [ 40.222044131765792, 9.680499255304166 ], [ 40.199373560098749, 9.683899073387618 ], [ 40.18479322984566, 9.69437822052484 ], [ 40.165922753552003, 9.697528035593983 ], [ 40.148092228135702, 9.687289046993319 ], [ 40.136811945502117, 9.689938872248037 ], [ 40.117571416769984, 9.6873992019379 ], [ 40.079950475540016, 9.695598671648824 ], [ 40.063350079716663, 9.704307989931991 ], [ 40.033459341200967, 9.71389729642492 ], [ 40.006498606145932, 9.709967787900768 ], [ 39.982418035516538, 9.721086926394479 ], [ 39.974397867439343, 9.730206161101631 ], [ 39.949807226994068, 9.732376095968215 ], [ 39.924586606763732, 9.741125452038707 ], [ 39.876665408705541, 9.753784586742739 ], [ 39.863005053315653, 9.754934554505438 ], [ 39.857444895446349, 9.753554709870226 ], [ 39.850638539918087, 9.749335024977418 ], [ 39.839991736081053, 9.724538081560191 ], [ 39.84931703077806, 9.709676562080928 ], [ 39.853542961685818, 9.699662224906788 ], [ 39.85078342546182, 9.688706756101872 ], [ 39.858527003904221, 9.65613606699497 ], [ 39.862462137064199, 9.652574562626619 ], [ 39.880192762536993, 9.625236789761175 ], [ 39.884660420168778, 9.611621346838453 ], [ 39.882344333826268, 9.594004822844402 ], [ 39.878735381207143, 9.583954856660638 ], [ 39.878011254422788, 9.577560483357921 ], [ 39.84844252804929, 9.565284357426476 ], [ 39.857632233221771, 9.557491474334661 ], [ 39.858188294791091, 9.548078554459195 ], [ 39.848775370170344, 9.526205073376167 ], [ 39.847962211538494, 9.511713265159509 ], [ 39.838389415128532, 9.502896832296679 ], [ 39.848694980082762, 9.482207274227376 ], [ 39.873390082513758, 9.460262736436801 ], [ 39.873961241137394, 9.447843503640319 ], [ 39.87227655789335, 9.44260951129562 ], [ 39.875271906162567, 9.408757808884388 ], [ 39.87951008709171, 9.401417202851128 ], [ 39.873755924674988, 9.398770393628842 ], [ 39.822318834543026, 9.418445441485961 ], [ 39.808085193721219, 9.413846661505373 ], [ 39.800662201397841, 9.400683985918732 ], [ 39.786054743136766, 9.396614392943091 ], [ 39.792341147729061, 9.370829072372851 ], [ 39.750687677862409, 9.370224673251435 ], [ 39.751569022815275, 9.361935072887491 ], [ 39.754851077219065, 9.355711609561563 ], [ 39.771109562142527, 9.333867803875963 ], [ 39.774434239441867, 9.325287416289292 ], [ 39.790003277507971, 9.305234887369789 ], [ 39.817575639543058, 9.308682528308227 ], [ 39.834720340461764, 9.315768129046537 ], [ 39.844999521310733, 9.315196980002836 ], [ 39.860861913609355, 9.308141098334184 ], [ 39.886853123017225, 9.270377530745776 ], [ 39.857868841699961, 9.271092253062609 ], [ 39.863818822966252, 9.243283133862402 ], [ 39.874092195715271, 9.234597654781799 ], [ 39.87389345728262, 9.22831427236269 ], [ 39.866153391524513, 9.220575715730183 ], [ 39.854367942500964, 9.211836035899735 ], [ 39.848630312650734, 9.202535123855149 ], [ 39.836980406097396, 9.189324821231098 ], [ 39.813875557467675, 9.172137328999909 ], [ 39.817086497833877, 9.162606595298405 ], [ 39.816085951500632, 9.155178638720441 ], [ 39.818282932579201, 9.137344208658289 ], [ 39.849871484153553, 9.13915940327454 ], [ 39.878522272249917, 9.145758672940531 ], [ 39.899282789678082, 9.139969081513966 ], [ 39.909883032768711, 9.132829668845524 ], [ 39.916473033185362, 9.098372705118061 ], [ 39.919612965057098, 9.069445265589408 ], [ 39.929263146875442, 9.055186486051506 ], [ 39.943323489276068, 9.048726996369966 ], [ 39.952733640808013, 9.031028524888946 ], [ 39.948493398891557, 9.00464089631388 ], [ 39.969033936365555, 9.004600796743203 ], [ 40.000424782365457, 9.008200321406688 ], [ 40.02279533978016, 9.003320649239589 ], [ 40.035685641885749, 8.995491281817481 ], [ 40.048325888929639, 8.978932692603024 ], [ 40.05196590465269, 8.962404148893256 ], [ 40.044745620133753, 8.943365887103926 ], [ 40.037485249673267, 8.907579111099533 ], [ 40.020134705827019, 8.890180751253281 ], [ 40.011784396458857, 8.871832423690858 ], [ 40.011274311555923, 8.857143739573823 ], [ 40.025084618995514, 8.846104654355644 ], [ 40.041215021792894, 8.842164926096334 ], [ 40.052055301916823, 8.841684919802811 ], [ 40.067820730577985, 8.845024542853025 ], [ 40.081836133688952, 8.852403817039123 ], [ 40.095364539302381, 8.863218784502921 ] ] ] } },
{ "type": "Feature", "properties": { "shapeName": "Zone 4", "shapeISO": "", "shapeID": "57463737B38369228192248", "shapeGroup": "ETH", "shapeType": "ADM2" }, "geometry": { "type": "Polygon", "coordinates": [ [ [ 39.994986331852068, 11.681964826926643 ], [ 40.0160109734217, 11.718169960158329 ], [ 40.050672192163169, 11.760186040089707 ], [ 40.091603522531472, 11.792092969756109 ], [ 40.157675548535458, 11.826489512639066 ], [ 40.234937745560167, 11.840767746354562 ], [ 40.281429079615748, 11.851536491768639 ], [ 40.30242966534086, 11.854306107801515 ], [ 40.32574036454016, 11.863325159679283 ], [ 40.387072052887426, 11.867574374711896 ], [ 40.451533856821456, 11.877163098620876 ], [ 40.510115473637782, 11.881592317940857 ], [ 40.597397960118002, 11.900740036620236 ], [ 40.657409763464919, 11.927237293717949 ], [ 40.689070736079572, 11.94452554840268 ], [ 40.710201493523165, 11.970823089768993 ], [ 40.721012057222175, 12.008879653690695 ], [ 40.726652523022103, 12.052805743281011 ], [ 40.72675283675563, 12.097111841546878 ], [ 40.72001313865244, 12.164015992567878 ], [ 40.71416356256973, 12.24469892656556 ], [ 40.716074138163854, 12.316572594484208 ], [ 40.718646215827924, 12.321386744999801 ], [ 40.726874705487987, 12.354629165404873 ], [ 40.725904883846297, 12.382386730277466 ], [ 40.739115478572359, 12.414733796542716 ], [ 40.749856028333113, 12.449160691463591 ], [ 40.708835065764632, 12.469179226387338 ], [ 40.693334773891159, 12.486817789240783 ], [ 40.683354630011401, 12.504096340659141 ], [ 40.678654918431306, 12.55979148937447 ], [ 40.678945275321396, 12.606847356446128 ], [ 40.673165407303713, 12.645993964432755 ], [ 40.646424795423769, 12.661602791054612 ], [ 40.629234590344645, 12.695969900922716 ], [ 40.622204544316531, 12.715818213551321 ], [ 40.613844634749199, 12.75791458400594 ], [ 40.616354990828917, 12.796511191742514 ], [ 40.627705651125204, 12.842837051291299 ], [ 40.622819444021523, 12.943660151183321 ], [ 40.621606397220539, 12.96231664332956 ], [ 40.592825815085241, 12.989134516246917 ], [ 40.568845275570439, 13.00456334128468 ], [ 40.524984131724338, 13.013002930459416 ], [ 40.47122253274577, 12.997174704167978 ], [ 40.445091680722449, 12.979516438187947 ], [ 40.391150056073648, 12.960928458228306 ], [ 40.28584685031587, 12.920822720993783 ], [ 40.196584020091663, 12.871337674604758 ], [ 40.169733066214143, 12.842650374216397 ], [ 40.138262089270476, 12.828121862613049 ], [ 40.109001109682353, 12.805134072309951 ], [ 40.062629607234022, 12.774967037461353 ], [ 40.029468704772178, 12.777157072885544 ], [ 39.989430520649307, 12.777147859159371 ], [ 39.978859364325437, 12.792902545534572 ], [ 39.964151178143652, 12.782896471412682 ], [ 39.943583411586779, 12.772192238344816 ], [ 39.928432391130094, 12.767786660910835 ], [ 39.920451235342775, 12.767603661172657 ], [ 39.899923566785191, 12.763022451621987 ], [ 39.889522254475729, 12.756490745858054 ], [ 39.870655895390961, 12.734636065060309 ], [ 39.868479350495839, 12.724455556385024 ], [ 39.840287015402858, 12.713993199038701 ], [ 39.826977078180555, 12.694461985503651 ], [ 39.820950319743417, 12.659550820559522 ], [ 39.824212664569465, 12.646393504280903 ], [ 39.833446209766691, 12.635103168509145 ], [ 39.825210322641723, 12.623264966241136 ], [ 39.819574849848927, 12.619480513488435 ], [ 39.809740866602887, 12.604127879475875 ], [ 39.807608725896692, 12.597012008375554 ], [ 39.816350428353473, 12.582131383869211 ], [ 39.827697966821361, 12.572701452624333 ], [ 39.82677887852563, 12.561686272012729 ], [ 39.833636523808146, 12.550623791851029 ], [ 39.841421518581157, 12.547464858490933 ], [ 39.853243331712001, 12.548154660049866 ], [ 39.864068845706392, 12.532182911839904 ], [ 39.864518225888993, 12.524456595745933 ], [ 39.862560012616129, 12.518240986270943 ], [ 39.864324710477455, 12.507025764984819 ], [ 39.869054909629902, 12.495054473243243 ], [ 39.881938932693288, 12.485199036896168 ], [ 39.867158825770765, 12.473363673029441 ], [ 39.872133166580063, 12.469552490191926 ], [ 39.882923229217845, 12.467695384406239 ], [ 39.883445741912745, 12.45840322370851 ], [ 39.863985511238326, 12.464086164484717 ], [ 39.848345564713654, 12.449947720921745 ], [ 39.834239828229904, 12.434224664613041 ], [ 39.822485864700582, 12.415579977705372 ], [ 39.815800778949509, 12.407807062491974 ], [ 39.821824745882481, 12.395930648510751 ], [ 39.820803572309686, 12.390742402114398 ], [ 39.823914706385466, 12.384669103964372 ], [ 39.826141762615059, 12.373052410053754 ], [ 39.830185242070222, 12.366400121840149 ], [ 39.831748045648752, 12.358249825372082 ], [ 39.818448625907358, 12.342569692564025 ], [ 39.818482668856561, 12.324782038651371 ], [ 39.825608357367223, 12.318493572126037 ], [ 39.824526612153321, 12.292379833360281 ], [ 39.828450368063841, 12.24121728404603 ], [ 39.808417805331757, 12.239628556004885 ], [ 39.804496634015955, 12.230447386115801 ], [ 39.803547480083331, 12.211692034088552 ], [ 39.800731292838272, 12.195748448387523 ], [ 39.807972325156065, 12.171152554350217 ], [ 39.813699388614836, 12.157406719954741 ], [ 39.820022337205216, 12.124207587010211 ], [ 39.829471436530241, 12.100608592690069 ], [ 39.862596268208364, 12.089141379645254 ], [ 39.860658180888386, 12.084103834195746 ], [ 39.844373611697975, 12.066082520697814 ], [ 39.84213347034968, 12.054323566457056 ], [ 39.854980158505782, 12.029940120629419 ], [ 39.862269246724487, 12.013381524895584 ], [ 39.867609775829052, 11.99596851712316 ], [ 39.871321340234466, 11.990391482934736 ], [ 39.877418404270443, 11.975143280631256 ], [ 39.887971733379437, 11.90652623468729 ], [ 39.878968135369163, 11.883442070102396 ], [ 39.878827757647457, 11.859187367984974 ], [ 39.874340424698794, 11.799356792858992 ], [ 39.875742460706974, 11.779553450594749 ], [ 39.880089104456346, 11.768197175508829 ], [ 39.885978170270583, 11.76258911435546 ], [ 39.903084445265215, 11.737352899361127 ], [ 39.912338627749413, 11.718846363311258 ], [ 39.924817803308471, 11.701601612480429 ], [ 39.950903109974163, 11.683199144138383 ], [ 39.970528217779311, 11.665289371416637 ], [ 39.994986331852068, 11.681964826926643 ] ] ] } },
{ "type": "Feature", "properties": { "shapeName": "Zone 5", "shapeISO": "", "shapeID": "57463737B89952928868477", "shapeGroup": "ETH", "shapeType": "ADM2" }, "geometry": { "type": "Polygon", "coordinates": [ [ [ 39.974397867439343, 9.730206161101631 ], [ 39.982418035516538, 9.721086926394479 ], [ 40.006498606145932, 9.709967787900768 ], [ 40.033459341200967, 9.71389729642492 ], [ 40.063350079716663, 9.704307989931991 ], [ 40.079950475540016, 9.695598671648824 ], [ 40.117571416769984, 9.6873992019379 ], [ 40.136811945502117, 9.689938872248037 ], [ 40.148092228135702, 9.687289046993319 ], [ 40.165922753552003, 9.697528035593983 ], [ 40.18479322984566, 9.69437822052484 ], [ 40.199373560098749, 9.683899073387618 ], [ 40.222044131765792, 9.680499255304166 ], [ 40.24432474674586, 9.685678667025227 ], [ 40.248685075415779, 9.723455279821721 ], [ 40.240304949242379, 9.741143753104813 ], [ 40.232534892960146, 9.76830137292689 ], [ 40.228194903727598, 9.789529510070862 ], [ 40.226495033215521, 9.821996624289977 ], [ 40.236675525176018, 9.86129307140072 ], [ 40.259546287570529, 9.890230368290759 ], [ 40.279526890730125, 9.904129017452536 ], [ 40.291917301635216, 9.918537669800104 ], [ 40.320828223331951, 9.946075054597257 ], [ 40.360049620568716, 10.01008913482902 ], [ 40.364419885454623, 10.036726736167264 ], [ 40.364590191214575, 10.088902089436287 ], [ 40.362230259773916, 10.110420191797637 ], [ 40.363080385819487, 10.128378585881375 ], [ 40.366020546522705, 10.142867279946254 ], [ 40.372440814011711, 10.159415768146905 ], [ 40.372170910050031, 10.177434169982249 ], [ 40.378381143873114, 10.189493062683242 ], [ 40.384851420801155, 10.207171449789433 ], [ 40.402292086906606, 10.24227822914548 ], [ 40.407752350528042, 10.26225641850103 ], [ 40.404532419282319, 10.289444018749721 ], [ 40.399872421983886, 10.309942219598845 ], [ 40.393332557710622, 10.362067620796298 ], [ 40.393812627548336, 10.372176724633784 ], [ 40.378062499533208, 10.420282540864529 ], [ 40.381852935439525, 10.476367531770517 ], [ 40.380352995294871, 10.4922061347525 ], [ 40.385643238089543, 10.508814624206497 ], [ 40.415184335150343, 10.561299788779687 ], [ 40.438945120454711, 10.587077356887159 ], [ 40.453925709956351, 10.617814536598646 ], [ 40.455005817422496, 10.630963361314407 ], [ 40.466726199432195, 10.642122300485592 ], [ 40.46484632949376, 10.670969745827755 ], [ 40.453386198514458, 10.700037231433189 ], [ 40.439945993336934, 10.724245169386096 ], [ 40.429285807058278, 10.739933840899148 ], [ 40.423715763207369, 10.756952358028725 ], [ 40.425876031952804, 10.790119401340796 ], [ 40.422146215564275, 10.835335415012009 ], [ 40.432637025340107, 10.919567884577621 ], [ 40.440907395233644, 10.944005664486909 ], [ 40.455167865964953, 10.958054330199067 ], [ 40.469218308389657, 10.968783290255523 ], [ 40.494258976258926, 10.968793131976966 ], [ 40.52229968916631, 10.963603418335637 ], [ 40.546150208995478, 10.945374888130189 ], [ 40.606131627369827, 10.918096932785158 ], [ 40.632722326087702, 10.916336924008615 ], [ 40.64656273848864, 10.923746184949136 ], [ 40.649082891326643, 10.936904998301269 ], [ 40.646043003745774, 10.967082337936112 ], [ 40.636242928232932, 10.996039826223027 ], [ 40.617012660653565, 11.033946583454416 ], [ 40.602012428518876, 11.059924376712649 ], [ 40.569271789668072, 11.095391439791618 ], [ 40.566721872429227, 11.118399416691773 ], [ 40.547051548423532, 11.149676765982914 ], [ 40.517851017408454, 11.188243535485592 ], [ 40.442909201714073, 11.21651150690232 ], [ 40.3921479383609, 11.231530496503852 ], [ 40.351026896512614, 11.240909932152745 ], [ 40.297515447438769, 11.239450397515185 ], [ 40.252964300029241, 11.24738997734557 ], [ 40.216403332974963, 11.249809986625447 ], [ 40.173751685777297, 11.240824319091708 ], [ 40.213314131045813, 11.109764189262345 ], [ 40.19467216670553, 11.097224426524228 ], [ 40.196388496660639, 11.069084421132807 ], [ 40.194055997442781, 11.048726975657903 ], [ 40.187814424294785, 11.026206183864316 ], [ 40.169876975658042, 11.002437353218756 ], [ 40.145002618250913, 10.952984919410117 ], [ 40.124645250609724, 10.938510426535037 ], [ 40.133816953755044, 10.916034411137263 ], [ 40.150185113656306, 10.896670913844904 ], [ 40.181376480996875, 10.897736503780354 ], [ 40.179384517472066, 10.885202540256312 ], [ 40.176731919310051, 10.878658802612595 ], [ 40.17082613247424, 10.874401412929087 ], [ 40.167827065734791, 10.848346144417539 ], [ 40.168940089250619, 10.842954851916371 ], [ 40.167982063920611, 10.834917177623746 ], [ 40.164962698078426, 10.829488447905282 ], [ 40.167569667455204, 10.805930973199295 ], [ 40.141297165252077, 10.783040440584818 ], [ 40.134090694083604, 10.779541875828931 ], [ 40.122904507119877, 10.769058382665616 ], [ 40.109296421915353, 10.764711903232765 ], [ 40.103483670166206, 10.755933361207934 ], [ 40.103418546010829, 10.740572743042389 ], [ 40.109949395209377, 10.724774470788406 ], [ 40.129369226709784, 10.618383809454064 ], [ 40.151505383061071, 10.47131624300777 ], [ 40.153774329287337, 10.440200469596038 ], [ 40.162461068077256, 10.436255410347696 ], [ 40.164512952390169, 10.413280717007531 ], [ 40.163930417705075, 10.375724366153863 ], [ 40.159967101621618, 10.357200750752973 ], [ 40.161258372060288, 10.301724421824684 ], [ 40.158370549075563, 10.286293564318569 ], [ 40.147532095710517, 10.278145938982238 ], [ 40.156452104384385, 10.258341247949886 ], [ 40.150741149874314, 10.234262277473194 ], [ 40.129865353732974, 10.174484188255565 ], [ 40.137928931059349, 10.145978153039986 ], [ 40.159017848077241, 10.091223835602495 ], [ 40.133456410689945, 10.072040481203263 ], [ 40.108021769791456, 10.072126975464611 ], [ 40.069895038673373, 10.080008024820696 ], [ 40.02487771890663, 10.075304248956476 ], [ 39.994431231723446, 10.077844369906551 ], [ 39.989819219135299, 10.08926095401579 ], [ 39.981046618091938, 10.088797813826961 ], [ 39.970037645964844, 10.085886003335439 ], [ 39.949039177893027, 10.085410346867162 ], [ 39.928141890613396, 10.090908409369712 ], [ 39.937652272446577, 10.063158295936265 ], [ 39.944312000710219, 10.06013838833608 ], [ 39.942487130886164, 10.044019837964957 ], [ 39.92360663555759, 10.011693740711932 ], [ 39.948221442119767, 9.994329112559107 ], [ 39.993278005950692, 9.994262885743348 ], [ 40.010676877670356, 9.992135124443616 ], [ 40.03282152574927, 9.995440910197475 ], [ 40.04402870470669, 9.991984732322896 ], [ 40.059774899579658, 9.978060649321964 ], [ 40.067085143028571, 9.967223718584526 ], [ 40.068141920486092, 9.961027203485427 ], [ 40.081292819018152, 9.949348501968506 ], [ 40.089712681156222, 9.935764500458697 ], [ 40.078694333295779, 9.906423572261343 ], [ 40.070248472022179, 9.90575950670522 ], [ 40.064428644649389, 9.903375057457012 ], [ 40.059299454193336, 9.865304316135799 ], [ 40.071562427864571, 9.858382534449232 ], [ 40.053539787919561, 9.843164597953502 ], [ 40.036075440944842, 9.843765834774862 ], [ 40.028666973924445, 9.830870804059129 ], [ 40.018358995196607, 9.820977377229813 ], [ 40.011893592795332, 9.819526280016429 ], [ 40.00532469430027, 9.796201893833102 ], [ 40.008507461197993, 9.789692349558836 ], [ 40.008941441675681, 9.782748851854024 ], [ 39.994296765432765, 9.764579299372159 ], [ 39.992021593394938, 9.757700547145637 ], [ 40.002700025637559, 9.748907462036748 ], [ 40.006782936897302, 9.741998632176124 ], [ 40.014634741272396, 9.738544186286518 ], [ 40.010237694960487, 9.7338336587223 ], [ 39.974397867439343, 9.730206161101631 ] ] ] } }
]
}
